game_id,user_id,rating
2300,user_10,3
3993,user_10,4
5688,user_10,4
9824,user_10,2
12280,user_10,4
14690,user_10,1
15730,user_10,2
17056,user_10,5
17597,user_10,4
18000,user_10,4
21098,user_10,4
22193,user_10,5
502241,user_10,3
507151,user_10,4
342,user_1002,2
471,user_1002,4
1670,user_1002,5
4031,user_1002,1
14265,user_1002,3
15022,user_1002,1
17536,user_1002,4
17607,user_1002,4
18285,user_1002,1
19457,user_1002,3
20114,user_1002,5
21586,user_1002,3
22437,user_1002,4
28300,user_1002,5
40368,user_1002,4
2060,user_1015,2
3533,user_1015,1
10745,user_1015,5
10847,user_1015,2
12980,user_1015,1
19058,user_1015,3
20568,user_1015,2
57885,user_1015,4
14544,user_1016,4
15862,user_1016,4
16704,user_1016,5
17558,user_1016,5
19058,user_1016,1
20132,user_1016,4
28160,user_1016,3
40302,user_1016,2
40368,user_1016,3
42912,user_1016,4
50738,user_1016,3
58975,user_1016,2
327260,user_1016,3
397471,user_1016,3
437042,user_1016,3
2838,user_1017,4
4356,user_1017,3
4571,user_1017,1
16351,user_1017,4
21305,user_1017,5
22415,user_1017,2
40344,user_1017,3
43253,user_1017,2
528689,user_1017,3
2289,user_1026,5
2796,user_1026,2
4380,user_1026,2
5877,user_1026,1
15362,user_1026,1
16954,user_1026,3
28082,user_1026,4
42912,user_1026,2
274760,user_1026,4
555994,user_1026,3
616697,user_1026,3
59,user_1037,5
474,user_1037,1
4477,user_1037,3
9066,user_1037,4
10400,user_1037,3
11791,user_1037,4
17536,user_1037,3
20570,user_1037,1
46508,user_1037,4
59640,user_1037,2
59986,user_1037,3
262437,user_1037,2
59,user_1039,1
3757,user_1039,4
11193,user_1039,1
11366,user_1039,1
15967,user_1039,5
17685,user_1039,3
19518,user_1039,4
28540,user_1039,5
194,user_1044,2
881,user_1044,1
10180,user_1044,5
10532,user_1044,2
18367,user_1044,4
19057,user_1044,3
19338,user_1044,2
20017,user_1044,1
22060,user_1044,2
23165,user_1044,2
35326,user_1044,3
45416,user_1044,3
58921,user_1044,4
966,user_1045,1
2226,user_1045,2
3612,user_1045,2
6319,user_1045,5
9644,user_1045,4
10670,user_1045,1
11548,user_1045,2
12300,user_1045,1
13345,user_1045,2
15861,user_1045,3
20233,user_1045,4
21926,user_1045,5
22415,user_1045,5
22918,user_1045,3
750344,user_1045,5
657,user_1061,5
3277,user_1061,2
3763,user_1061,4
12121,user_1061,4
13633,user_1061,2
13777,user_1061,2
13856,user_1061,4
17536,user_1061,1
18286,user_1061,4
18849,user_1061,5
39093,user_1061,4
46066,user_1061,4
46410,user_1061,1
61725,user_1061,2
400298,user_1061,3
471,user_1067,3
521,user_1067,1
1854,user_1067,5
2553,user_1067,5
3134,user_1067,5
9840,user_1067,4
16404,user_1067,4
17535,user_1067,5
22911,user_1067,3
23600,user_1067,4
25965,user_1067,5
52176,user_1067,2
1922,user_1068,3
4057,user_1068,5
8777,user_1068,3
11548,user_1068,1
16954,user_1068,3
17597,user_1068,5
18395,user_1068,3
564757,user_1068,1
1509,user_1071,1
1575,user_1071,1
2112,user_1071,2
3290,user_1071,4
16178,user_1071,5
20154,user_1071,2
37907,user_1071,5
61152,user_1071,3
319239,user_1071,3
326244,user_1071,3
388383,user_1071,3
275,user_1074,2
3194,user_1074,4
9986,user_1074,3
13038,user_1074,5
28201,user_1074,1
39093,user_1074,1
233858,user_1074,4
274571,user_1074,4
709179,user_1074,5
2570,user_1083,5
4507,user_1083,3
5426,user_1083,5
22547,user_1083,4
29185,user_1083,1
59986,user_1083,1
316936,user_1083,3
366110,user_1083,5
342,user_1084,5
2889,user_1084,1
5663,user_1084,1
9840,user_1084,3
15323,user_1084,1
15479,user_1084,2
15958,user_1084,4
17558,user_1084,3
19576,user_1084,5
22060,user_1084,4
58952,user_1084,1
620,user_1085,2
2219,user_1085,5
19057,user_1085,1
20017,user_1085,4
20020,user_1085,2
20112,user_1085,4
27977,user_1085,3
28534,user_1085,2
47234,user_1085,3
284674,user_1085,1
301518,user_1085,1
155,user_1091,1
2196,user_1091,5
5663,user_1091,5
10398,user_1091,1
10513,user_1091,5
10643,user_1091,3
13514,user_1091,1
18395,user_1091,2
59700,user_1091,3
966,user_1102,2
4228,user_1102,4
4409,user_1102,1
10513,user_1102,5
10661,user_1102,4
19794,user_1102,3
20154,user_1102,5
27977,user_1102,3
28540,user_1102,3
28608,user_1102,5
290894,user_1102,4
349250,user_1102,4
497993,user_1102,3
3316,user_1112,4
3328,user_1112,4
10791,user_1112,4
14265,user_1112,3
14933,user_1112,3
19608,user_1112,2
20239,user_1112,3
21683,user_1112,5
23165,user_1112,4
59142,user_1112,3
292840,user_1112,1
319239,user_1112,4
327232,user_1112,3
388968,user_1112,2
600924,user_1112,5
2112,user_1117,4
2674,user_1117,2
9904,user_1117,4
11559,user_1117,2
13514,user_1117,5
16932,user_1117,3
17661,user_1117,2
19672,user_1117,1
50694,user_1117,3
326243,user_1117,5
327212,user_1117,3
366881,user_1117,1
2570,user_1119,1
5363,user_1119,4
10417,user_1119,2
20568,user_1119,2
20709,user_1119,5
23165,user_1119,1
28608,user_1119,1
38860,user_1119,5
52372,user_1119,3
219972,user_1119,2
319239,user_1119,3
10141,user_112,4
10928,user_112,1
15896,user_112,1
17179,user_112,5
21305,user_112,3
264828,user_112,1
326292,user_112,5
327260,user_112,4
573119,user_112,5
650605,user_112,5
2828,user_1121,3
4471,user_1121,3
5524,user_1121,4
15967,user_1121,5
18698,user_1121,2
19351,user_1121,4
19520,user_1121,5
19525,user_1121,2
22740,user_1121,5
58585,user_1121,4
62897,user_1121,5
134,user_1127,4
194,user_1127,5
10068,user_1127,2
10141,user_1127,5
12914,user_1127,5
13777,user_1127,3
17573,user_1127,1
17793,user_1127,4
19110,user_1127,2
19459,user_1127,4
28110,user_1127,3
40344,user_1127,4
58818,user_1127,3
370222,user_1127,4
134,user_1129,5
214,user_1129,4
6319,user_1129,2
11329,user_1129,4
14447,user_1129,5
17085,user_1129,1
17731,user_1129,2
39035,user_1129,5
43004,user_1129,1
51487,user_1129,3
283973,user_1129,5
538,user_1132,4
14265,user_1132,3
14948,user_1132,1
15323,user_1132,5
15362,user_1132,2
21098,user_1132,5
45416,user_1132,3
52368,user_1132,5
52939,user_1132,5
282807,user_1132,5
484828,user_1132,3
539,user_1135,1
2866,user_1135,4
12280,user_1135,1
15479,user_1135,3
17558,user_1135,4
19570,user_1135,2
19603,user_1135,5
39035,user_1135,3
52372,user_1135,4
59142,user_1135,2
319239,user_1135,3
369158,user_1135,4
419295,user_1135,3
437059,user_1135,3
528689,user_1135,4
401,user_1136,4
3358,user_1136,3
10661,user_1136,3
12344,user_1136,1
16825,user_1136,5
19731,user_1136,2
51321,user_1136,2
302857,user_1136,4
364975,user_1136,1
426096,user_1136,3
709179,user_1136,2
868086,user_1136,1
82,user_1140,4
4490,user_1140,2
9744,user_1140,2
9774,user_1140,3
11192,user_1140,1
17794,user_1140,4
18777,user_1140,5
600924,user_1140,3
49,user_1143,3
3194,user_1143,5
4439,user_1143,4
11193,user_1143,5
15323,user_1143,2
16649,user_1143,3
18797,user_1143,5
39093,user_1143,5
55526,user_1143,3
327260,user_1143,2
502117,user_1143,4
342,user_1159,1
4519,user_1159,1
11329,user_1159,1
14527,user_1159,1
19457,user_1159,5
28615,user_1159,2
50351,user_1159,1
61044,user_1159,1
3044,user_1165,1
3763,user_1165,2
3923,user_1165,3
4490,user_1165,1
7613,user_1165,2
10068,user_1165,5
19400,user_1165,2
19520,user_1165,5
20803,user_1165,4
28480,user_1165,2
44972,user_1165,5
254604,user_1165,2
39,user_1173,1
3087,user_1173,3
4032,user_1173,4
4380,user_1173,4
4388,user_1173,5
12344,user_1173,4
17372,user_1173,5
18183,user_1173,5
49300,user_1173,1
59197,user_1173,4
60586,user_1173,2
845261,user_1173,3
4388,user_1176,5
4414,user_1176,4
10847,user_1176,4
17731,user_1176,2
19110,user_1176,4
20239,user_1176,5
27022,user_1176,2
326244,user_1176,3
802000,user_1176,1
845261,user_1176,3
3450,user_1177,4
5978,user_1177,2
9894,user_1177,2
12291,user_1177,1
12980,user_1177,1
15022,user_1177,5
18742,user_1177,1
20212,user_1177,2
28628,user_1177,2
301518,user_1177,2
2100,user_1183,3
11329,user_1183,1
13345,user_1183,4
17793,user_1183,4
17921,user_1183,1
18285,user_1183,4
40645,user_1183,2
299569,user_1183,1
1091,user_1188,5
2416,user_1188,1
4380,user_1188,3
5877,user_1188,1
11460,user_1188,2
22193,user_1188,5
23576,user_1188,1
42064,user_1188,3
44525,user_1188,4
292080,user_1188,3
398407,user_1188,1
499,user_1189,4
2889,user_1189,5
3087,user_1189,5
3240,user_1189,5
10031,user_1189,5
11329,user_1189,3
17835,user_1189,3
19196,user_1189,2
19881,user_1189,2
22740,user_1189,3
24493,user_1189,5
58754,user_1189,2
316936,user_1189,3
2354,user_1197,4
3424,user_1197,4
3574,user_1197,2
12140,user_1197,2
12720,user_1197,4
18712,user_1197,4
19740,user_1197,4
19829,user_1197,5
62409,user_1197,4
302857,user_1197,2
868085,user_1197,1
39,user_1198,3
12279,user_1198,2
15861,user_1198,3
17085,user_1198,3
19351,user_1198,3
19740,user_1198,4
20020,user_1198,2
22740,user_1198,3
49300,user_1198,4
58754,user_1198,3
257195,user_1198,3
532482,user_1198,4
214,user_1200,3
1922,user_1200,4
3763,user_1200,4
3892,user_1200,3
10110,user_1200,3
10278,user_1200,3
15490,user_1200,5
16106,user_1200,1
18367,user_1200,5
19110,user_1200,3
19400,user_1200,5
19588,user_1200,2
19742,user_1200,5
20803,user_1200,3
43422,user_1200,5
59155,user_1200,2
62069,user_1200,1
384521,user_1200,2
881,user_1204,1
9840,user_1204,3
9904,user_1204,1
10417,user_1204,3
10643,user_1204,4
12140,user_1204,1
17926,user_1204,1
22158,user_1204,2
28300,user_1204,2
52093,user_1204,5
400298,user_1204,2
441738,user_1204,4
616688,user_1204,2
840,user_1209,1
1922,user_1209,4
3763,user_1209,2
3771,user_1209,3
4356,user_1209,2
9731,user_1209,3
12893,user_1209,3
16437,user_1209,3
19594,user_1209,4
21416,user_1209,2
28604,user_1209,3
28615,user_1209,1
44525,user_1209,4
46410,user_1209,1
379486,user_1209,4
670703,user_1209,4
845261,user_1209,1
715,user_121,3
10031,user_121,3
10612,user_121,1
12720,user_121,4
14614,user_121,2
14948,user_121,5
16404,user_121,5
19742,user_121,1
28154,user_121,3
268363,user_121,3
2764,user_1213,5
3748,user_1213,2
4228,user_1213,5
10661,user_1213,4
10745,user_1213,4
14636,user_1213,1
15490,user_1213,4
20212,user_1213,5
251596,user_1213,3
366110,user_1213,4
369158,user_1213,1
750344,user_1213,5
706,user_1228,1
840,user_1228,5
2551,user_1228,1
3328,user_1228,2
3450,user_1228,4
4388,user_1228,1
6400,user_1228,3
14933,user_1228,4
18285,user_1228,1
18654,user_1228,1
28089,user_1228,1
3134,user_1236,5
10643,user_1236,5
16106,user_1236,4
16709,user_1236,2
17252,user_1236,3
18097,user_1236,2
19518,user_1236,5
58777,user_1236,2
233858,user_1236,2
248521,user_1236,4
497993,user_1236,4
2551,user_1249,5
10547,user_1249,4
10612,user_1249,2
12344,user_1249,5
14317,user_1249,2
14446,user_1249,2
14933,user_1249,2
16954,user_1249,1
18397,user_1249,2
19426,user_1249,4
21359,user_1249,1
21371,user_1249,2
372505,user_1249,3
430254,user_1249,5
546464,user_1249,1
2354,user_125,2
2960,user_125,4
4507,user_125,2
5688,user_125,5
14123,user_125,4
18797,user_125,4
42776,user_125,5
371831,user_125,3
4247,user_1256,4
5877,user_1256,5
10342,user_1256,2
12074,user_1256,3
14729,user_1256,1
19646,user_1256,1
21170,user_1256,3
28604,user_1256,4
1559,user_1260,3
2574,user_1260,5
3277,user_1260,4
10532,user_1260,2
15500,user_1260,5
15615,user_1260,3
17085,user_1260,3
17633,user_1260,5
20154,user_1260,3
44725,user_1260,3
50351,user_1260,5
55526,user_1260,3
251596,user_1260,4
2866,user_1267,3
6400,user_1267,4
10056,user_1267,5
10370,user_1267,3
13627,user_1267,5
17685,user_1267,1
18000,user_1267,3
20803,user_1267,3
28154,user_1267,3
29131,user_1267,5
38491,user_1267,5
39093,user_1267,1
40344,user_1267,1
46602,user_1267,3
59261,user_1267,4
258322,user_1267,3
388,user_1269,4
2828,user_1269,1
2889,user_1269,4
3763,user_1269,2
13627,user_1269,1
17286,user_1269,3
17650,user_1269,5
18285,user_1269,5
19374,user_1269,2
21098,user_1269,4
42064,user_1269,3
42912,user_1269,5
52368,user_1269,5
58497,user_1269,2
60546,user_1269,4
316936,user_1269,3
366110,user_1269,3
704730,user_1269,2
906,user_127,5
3194,user_127,1
4439,user_127,3
17536,user_127,1
18097,user_127,5
20114,user_127,5
21448,user_127,4
28131,user_127,2
51487,user_127,2
58809,user_127,3
292840,user_127,3
295090,user_127,3
564757,user_127,1
750344,user_127,2
1391,user_1272,4
2037,user_1272,4
2098,user_1272,2
2145,user_1272,3
17863,user_1272,2
19590,user_1272,3
19594,user_1272,5
20995,user_1272,4
28608,user_1272,3
35519,user_1272,2
45416,user_1272,3
268363,user_1272,1
428072,user_1272,5
802000,user_1272,2
3194,user_1277,3
4618,user_1277,3
10400,user_1277,1
20466,user_1277,4
27978,user_1277,3
58975,user_1277,3
254604,user_1277,3
423950,user_1277,1
7317,user_1278,1
14974,user_1278,2
15404,user_1278,3
17056,user_1278,3
17536,user_1278,2
19459,user_1278,1
21170,user_1278,5
21416,user_1278,1
274758,user_1278,2
292840,user_1278,2
324992,user_1278,3
374507,user_1278,1
563419,user_1278,2
570074,user_1278,4
868086,user_1278,2
2219,user_1279,4
3290,user_1279,2
12344,user_1279,3
12720,user_1279,2
16453,user_1279,3
17685,user_1279,2
19467,user_1279,2
20132,user_1279,1
20333,user_1279,1
21219,user_1279,1
27022,user_1279,5
29069,user_1279,3
50351,user_1279,4
58551,user_1279,4
275606,user_1279,2
3087,user_1284,5
6400,user_1284,5
9984,user_1284,1
16106,user_1284,2
19347,user_1284,5
316936,user_1284,3
557828,user_1284,4
563419,user_1284,2
432,user_1294,5
3612,user_1294,5
10638,user_1294,2
15274,user_1294,4
17179,user_1294,1
18629,user_1294,2
19525,user_1294,4
19617,user_1294,1
20466,user_1294,4
60586,user_1294,1
295021,user_1294,4
419295,user_1294,1
502117,user_1294,3
537744,user_1294,5
2100,user_1298,5
3226,user_1298,2
3574,user_1298,5
9668,user_1298,2
9744,user_1298,5
9801,user_1298,3
10994,user_1298,5
15615,user_1298,1
15861,user_1298,5
22740,user_1298,3
28089,user_1298,1
41656,user_1298,2
447815,user_1298,3
798,user_1313,5
3757,user_1313,3
10141,user_1313,5
10417,user_1313,4
12300,user_1313,5
22256,user_1313,3
23322,user_1313,1
319239,user_1313,4
326244,user_1313,1
416034,user_1313,2
428966,user_1313,1
507151,user_1313,3
558984,user_1313,5
4036,user_1314,1
9744,user_1314,4
17650,user_1314,2
20568,user_1314,4
23600,user_1314,5
27023,user_1314,1
28075,user_1314,3
29069,user_1314,5
39277,user_1314,1
59023,user_1314,3
64526,user_1314,3
264828,user_1314,3
314402,user_1314,2
441738,user_1314,4
532482,user_1314,2
573123,user_1314,4
49,user_1325,1
604,user_1325,5
1818,user_1325,3
11448,user_1325,4
11831,user_1325,2
15022,user_1325,5
17731,user_1325,5
24877,user_1325,3
258322,user_1325,2
499,user_1331,1
2639,user_1331,4
19359,user_1331,3
19467,user_1331,5
19994,user_1331,1
20709,user_1331,2
22734,user_1331,1
272483,user_1331,3
379486,user_1331,3
764,user_1332,3
2960,user_1332,1
3328,user_1332,1
4747,user_1332,5
5877,user_1332,5
10047,user_1332,3
15958,user_1332,5
20239,user_1332,3
25173,user_1332,4
64491,user_1332,3
326244,user_1332,2
437042,user_1332,1
3533,user_1334,2
3956,user_1334,3
9066,user_1334,4
16106,user_1334,3
17998,user_1334,4
19520,user_1334,4
50738,user_1334,3
447815,user_1334,4
514899,user_1334,5
2570,user_1352,1
4003,user_1352,2
10301,user_1352,5
11212,user_1352,3
17921,user_1352,1
19518,user_1352,5
22918,user_1352,2
46410,user_1352,3
61725,user_1352,4
251596,user_1352,1
384521,user_1352,4
447825,user_1352,5
865,user_1355,4
1575,user_1355,1
2243,user_1355,2
3358,user_1355,4
4649,user_1355,2
10278,user_1355,4
14468,user_1355,3
19608,user_1355,5
20250,user_1355,5
20253,user_1355,5
389054,user_1355,2
3277,user_1361,3
5426,user_1361,5
14317,user_1361,4
15861,user_1361,3
17794,user_1361,3
22121,user_1361,4
41336,user_1361,3
219972,user_1361,5
349439,user_1361,4
397481,user_1361,4
546464,user_1361,5
539,user_1365,2
2060,user_1365,1
2289,user_1365,4
4003,user_1365,4
5445,user_1365,3
10031,user_1365,5
17878,user_1365,5
20154,user_1365,4
20756,user_1365,5
46508,user_1365,3
51507,user_1365,2
58816,user_1365,5
272483,user_1365,2
387247,user_1365,4
10612,user_1366,3
12914,user_1366,1
18699,user_1366,3
21219,user_1366,5
44029,user_1366,5
62069,user_1366,4
272483,user_1366,1
485203,user_1366,2
5663,user_1375,2
9603,user_1375,2
13285,user_1375,5
14446,user_1375,2
16024,user_1375,4
17573,user_1375,4
18397,user_1375,4
20114,user_1375,4
27977,user_1375,4
58818,user_1375,2
284674,user_1375,3
546464,user_1375,1
2098,user_1392,5
3323,user_1392,4
5678,user_1392,4
11212,user_1392,4
14527,user_1392,2
14948,user_1392,3
18240,user_1392,4
18629,user_1392,4
19400,user_1392,1
19742,user_1392,4
21170,user_1392,2
35519,user_1392,4
38146,user_1392,2
52372,user_1392,1
58816,user_1392,2
441738,user_1392,2
736427,user_1392,1
2416,user_140,3
3469,user_140,2
4228,user_140,5
13535,user_140,5
18097,user_140,3
38808,user_140,5
44525,user_140,5
44764,user_140,1
44972,user_140,1
58826,user_140,1
349677,user_140,1
3168,user_1400,1
10417,user_1400,2
12319,user_1400,3
18395,user_1400,5
20568,user_1400,5
359373,user_1400,2
437042,user_1400,2
452645,user_1400,5
650605,user_1400,4
868085,user_1400,1
715,user_1406,2
2196,user_1406,2
3612,user_1406,2
3942,user_1406,4
10575,user_1406,3
11188,user_1406,3
12732,user_1406,2
13852,user_1406,3
15406,user_1406,2
19426,user_1406,2
21926,user_1406,2
28608,user_1406,1
450239,user_1406,3
474,user_1415,4
1030,user_1415,3
1283,user_1415,4
1630,user_1415,3
2112,user_1415,3
2196,user_1415,2
2287,user_1415,5
3598,user_1415,3
18367,user_1415,5
20570,user_1415,4
21687,user_1415,3
22740,user_1415,2
42391,user_1415,1
214,user_1417,1
1943,user_1417,5
4058,user_1417,1
9644,user_1417,5
14096,user_1417,3
19742,user_1417,3
20717,user_1417,4
22060,user_1417,5
31906,user_1417,1
39277,user_1417,2
44764,user_1417,4
301539,user_1417,2
705616,user_1417,2
561,user_1420,2
766,user_1420,5
1922,user_1420,4
2100,user_1420,3
14265,user_1420,3
15362,user_1420,2
24493,user_1420,4
40645,user_1420,3
840,user_1424,2
4806,user_1424,2
10025,user_1424,2
10047,user_1424,4
11142,user_1424,5
11448,user_1424,5
12140,user_1424,2
17417,user_1424,2
17633,user_1424,3
20112,user_1424,2
21285,user_1424,5
40302,user_1424,2
41336,user_1424,5
412477,user_1424,5
416034,user_1424,3
1412,user_1438,2
2243,user_1438,1
2551,user_1438,5
12319,user_1438,4
13777,user_1438,4
19338,user_1438,2
19584,user_1438,2
35326,user_1438,4
44972,user_1438,2
50778,user_1438,4
58818,user_1438,1
282807,user_1438,1
49,user_1445,5
2060,user_1445,5
2551,user_1445,3
3340,user_1445,2
10513,user_1445,2
10668,user_1445,4
11383,user_1445,3
13886,user_1445,5
14922,user_1445,1
16944,user_1445,5
24877,user_1445,2
428198,user_1445,4
123,user_1447,4
10643,user_1447,3
13020,user_1447,3
17793,user_1447,3
18849,user_1447,3
19165,user_1447,3
20154,user_1447,5
28547,user_1447,1
49790,user_1447,5
327269,user_1447,5
428966,user_1447,5
452645,user_1447,3
1854,user_1449,1
3044,user_1449,2
3214,user_1449,2
3757,user_1449,2
10004,user_1449,5
13020,user_1449,2
14062,user_1449,1
14290,user_1449,5
16116,user_1449,1
20112,user_1449,2
22060,user_1449,5
29069,user_1449,5
795370,user_1449,2
1077,user_1450,4
1283,user_1450,5
5524,user_1450,4
10643,user_1450,5
11052,user_1450,1
12319,user_1450,2
16716,user_1450,2
17790,user_1450,3
17794,user_1450,4
21510,user_1450,4
22475,user_1450,5
44525,user_1450,5
45416,user_1450,5
326244,user_1450,2
371832,user_1450,2
2266,user_1453,3
2416,user_1453,3
4618,user_1453,1
10031,user_1453,2
10670,user_1453,4
16649,user_1453,1
18097,user_1453,5
19284,user_1453,2
19829,user_1453,4
21683,user_1453,3
53432,user_1453,4
274571,user_1453,5
474,user_1455,1
3757,user_1455,5
5663,user_1455,4
9824,user_1455,3
12678,user_1455,5
14729,user_1455,3
16178,user_1455,1
17794,user_1455,5
18183,user_1455,2
21359,user_1455,3
272483,user_1455,3
327232,user_1455,4
3628,user_146,4
9904,user_146,5
21285,user_146,5
21683,user_146,3
22837,user_146,3
46543,user_146,5
251596,user_146,4
366881,user_146,3
416034,user_146,1
797882,user_146,5
2925,user_1460,3
4459,user_1460,2
5699,user_1460,1
10110,user_1460,4
17794,user_1460,1
20481,user_1460,3
21816,user_1460,1
51167,user_1460,4
52176,user_1460,5
59155,user_1460,3
268363,user_1460,3
326244,user_1460,3
497993,user_1460,3
538,user_1470,2
4031,user_1470,2
5978,user_1470,2
10638,user_1470,4
17863,user_1470,1
20756,user_1470,2
24478,user_1470,3
29177,user_1470,4
47270,user_1470,1
274760,user_1470,3
441738,user_1470,4
532482,user_1470,3
498,user_1475,5
499,user_1475,2
2196,user_1475,5
2866,user_1475,3
4901,user_1475,1
16361,user_1475,1
20253,user_1475,2
59142,user_1475,2
62359,user_1475,1
62409,user_1475,1
62534,user_1475,1
282807,user_1475,1
3469,user_1488,2
3897,user_1488,3
16254,user_1488,3
16437,user_1488,5
16932,user_1488,5
19110,user_1488,4
19467,user_1488,4
41012,user_1488,1
51690,user_1488,4
58818,user_1488,3
62534,user_1488,2
387328,user_1488,5
845261,user_1488,4
2037,user_1489,1
2289,user_1489,4
9066,user_1489,4
11682,user_1489,1
13688,user_1489,2
17177,user_1489,5
19236,user_1489,3
19731,user_1489,3
20239,user_1489,5
23011,user_1489,4
28154,user_1489,2
40936,user_1489,3
57596,user_1489,3
502241,user_1489,2
119,user_1492,5
3763,user_1492,1
6256,user_1492,4
11366,user_1492,5
14088,user_1492,4
14123,user_1492,2
14317,user_1492,5
19570,user_1492,3
44525,user_1492,2
47613,user_1492,1
366110,user_1492,2
555994,user_1492,1
842395,user_1492,2
4284,user_1494,3
13688,user_1494,3
13886,user_1494,1
14527,user_1494,1
19994,user_1494,2
47361,user_1494,3
51179,user_1494,3
3135,user_1500,5
9731,user_1500,1
16716,user_1500,4
22837,user_1500,1
23292,user_1500,5
28089,user_1500,5
28300,user_1500,5
51230,user_1500,3
272483,user_1500,1
3687,user_1505,3
4361,user_1505,2
7441,user_1505,4
9066,user_1505,1
19672,user_1505,3
20756,user_1505,2
28620,user_1505,5
35519,user_1505,1
37972,user_1505,2
40936,user_1505,4
58876,user_1505,5
326239,user_1505,2
349870,user_1505,2
507151,user_1505,5
2266,user_1506,1
4247,user_1506,4
21229,user_1506,5
28539,user_1506,3
29593,user_1506,2
35573,user_1506,4
44725,user_1506,2
51690,user_1506,4
59796,user_1506,4
416034,user_1506,3
1204,user_1507,4
3790,user_1507,5
9603,user_1507,4
10661,user_1507,4
20154,user_1507,2
21285,user_1507,3
28540,user_1507,4
42912,user_1507,2
326239,user_1507,1
397481,user_1507,4
1091,user_1508,1
1140,user_1508,3
2243,user_1508,5
3687,user_1508,1
17573,user_1508,5
28110,user_1508,4
40368,user_1508,5
47270,user_1508,3
257195,user_1508,4
428966,user_1508,3
672441,user_1508,5
846499,user_1508,5
1854,user_151,5
2709,user_151,4
18000,user_151,3
20017,user_151,4
20481,user_151,4
21687,user_151,2
23613,user_151,4
43004,user_151,4
59155,user_151,4
288586,user_151,1
416034,user_151,1
795370,user_151,1
868086,user_151,4
401,user_1511,5
835,user_1511,3
2796,user_1511,2
3358,user_1511,4
11192,user_1511,4
11460,user_1511,2
14317,user_1511,1
14397,user_1511,5
14729,user_1511,2
16116,user_1511,2
17633,user_1511,2
19278,user_1511,5
19794,user_1511,1
21285,user_1511,3
22344,user_1511,2
23292,user_1511,3
366110,user_1511,1
374507,user_1511,2
557828,user_1511,3
155,user_1518,2
499,user_1518,3
2196,user_1518,1
10031,user_1518,3
13627,user_1518,1
13796,user_1518,3
17252,user_1518,1
17417,user_1518,5
18632,user_1518,1
20568,user_1518,5
28533,user_1518,1
44431,user_1518,1
47381,user_1518,4
50351,user_1518,1
4490,user_1536,3
16361,user_1536,5
16649,user_1536,1
17803,user_1536,3
29593,user_1536,2
682502,user_1536,5
2866,user_1540,4
3339,user_1540,1
3763,user_1540,1
5688,user_1540,1
10994,user_1540,5
12649,user_1540,2
14948,user_1540,2
18742,user_1540,1
20570,user_1540,1
21510,user_1540,2
28615,user_1540,1
58751,user_1540,3
600924,user_1540,2
616688,user_1540,3
766,user_1544,3
2416,user_1544,2
4234,user_1544,5
14062,user_1544,4
16437,user_1544,1
19426,user_1544,5
20481,user_1544,5
21119,user_1544,5
35573,user_1544,1
53478,user_1544,2
274766,user_1544,5
326244,user_1544,2
370222,user_1544,3
1077,user_1545,3
3748,user_1545,2
10575,user_1545,4
12280,user_1545,5
14446,user_1545,5
15404,user_1545,5
19400,user_1545,5
19603,user_1545,1
21098,user_1545,5
23011,user_1545,2
23292,user_1545,5
450239,user_1545,4
134,user_155,2
620,user_155,5
2354,user_155,1
3087,user_155,3
14544,user_155,2
14948,user_155,3
17650,user_155,1
19436,user_155,4
19603,user_155,1
22060,user_155,4
27023,user_155,4
51081,user_155,4
58913,user_155,4
257195,user_155,1
484531,user_155,3
59,user_1551,1
2098,user_1551,1
3498,user_1551,2
4747,user_1551,2
10612,user_1551,5
15905,user_1551,3
18629,user_1551,2
44431,user_1551,5
45109,user_1551,2
61044,user_1551,1
64526,user_1551,4
450239,user_1551,1
797882,user_1551,5
14101,user_1553,1
14154,user_1553,5
14690,user_1553,4
15274,user_1553,2
19716,user_1553,3
20020,user_1553,3
21448,user_1553,1
42064,user_1553,5
51081,user_1553,5
301539,user_1553,2
1009,user_1560,5
4414,user_1560,5
16042,user_1560,2
16351,user_1560,3
19570,user_1560,3
28533,user_1560,2
366852,user_1560,4
3993,user_1564,1
5571,user_1564,4
17703,user_1564,1
18629,user_1564,1
22475,user_1564,2
29069,user_1564,3
51617,user_1564,5
62069,user_1564,4
316936,user_1564,5
366881,user_1564,4
517399,user_1564,2
5688,user_1565,4
9603,user_1565,1
14614,user_1565,5
15022,user_1565,2
17703,user_1565,4
18858,user_1565,4
23576,user_1565,4
219972,user_1565,3
412477,user_1565,4
452634,user_1565,3
4274,user_1575,5
6256,user_1575,1
9904,user_1575,4
10110,user_1575,5
12893,user_1575,4
15615,user_1575,5
18367,user_1575,3
19006,user_1575,1
19359,user_1575,2
21510,user_1575,1
22790,user_1575,2
357891,user_1575,4
447815,user_1575,5
452649,user_1575,5
868085,user_1575,3
715,user_1580,4
1019,user_1580,5
1412,user_1580,2
2300,user_1580,3
17177,user_1580,1
19594,user_1580,3
22740,user_1580,2
60012,user_1580,1
398423,user_1580,1
494384,user_1580,5
5699,user_1586,4
11192,user_1586,2
14015,user_1586,5
15077,user_1586,4
16932,user_1586,5
18367,user_1586,2
19603,user_1586,4
19639,user_1586,3
32734,user_1586,1
38860,user_1586,5
55526,user_1586,3
262433,user_1586,3
420000,user_1586,2
546464,user_1586,5
906,user_1601,5
1091,user_1601,5
4380,user_1601,2
6400,user_1601,2
16191,user_1601,2
18777,user_1601,5
19881,user_1601,3
46066,user_1601,1
274758,user_1601,1
564757,user_1601,5
4571,user_1607,3
5621,user_1607,2
14729,user_1607,2
16024,user_1607,3
19594,user_1607,5
38808,user_1607,1
39093,user_1607,4
52176,user_1607,1
52371,user_1607,1
58876,user_1607,2
233858,user_1607,5
533,user_1609,2
2586,user_1609,4
9638,user_1609,3
14895,user_1609,1
19542,user_1609,4
19829,user_1609,1
20253,user_1609,4
20723,user_1609,3
23165,user_1609,4
29593,user_1609,3
40344,user_1609,3
58876,user_1609,2
58921,user_1609,1
258322,user_1609,1
369158,user_1609,1
2553,user_1610,1
2828,user_1610,2
9774,user_1610,4
15861,user_1610,4
19594,user_1610,3
19639,user_1610,1
28534,user_1610,3
58754,user_1610,3
398423,user_1610,1
441738,user_1610,5
845261,user_1610,1
840,user_1613,2
12140,user_1613,1
14722,user_1613,4
15022,user_1613,4
20589,user_1613,3
21691,user_1613,2
27978,user_1613,2
28608,user_1613,2
52368,user_1613,3
59796,user_1613,2
736427,user_1613,2
498,user_1615,4
4519,user_1615,5
4561,user_1615,5
5542,user_1615,2
10370,user_1615,3
11364,user_1615,1
13892,user_1615,2
14446,user_1615,5
16414,user_1615,4
18286,user_1615,2
22104,user_1615,4
27023,user_1615,2
45416,user_1615,5
52342,user_1615,4
538,user_162,2
1184,user_162,5
3340,user_162,5
10125,user_162,2
10661,user_162,3
10791,user_162,5
19518,user_162,2
21308,user_162,2
28608,user_162,5
52176,user_162,2
59155,user_162,4
428083,user_162,3
447825,user_162,3
492,user_1624,1
4247,user_1624,5
8001,user_1624,1
14290,user_1624,2
15856,user_1624,1
20515,user_1624,3
51167,user_1624,5
288586,user_1624,1
423950,user_1624,3
2639,user_1627,5
11831,user_1627,1
15404,user_1627,4
16709,user_1627,4
17286,user_1627,2
19590,user_1627,5
20319,user_1627,5
58826,user_1627,3
262437,user_1627,1
428198,user_1627,3
484842,user_1627,3
10025,user_1628,2
13305,user_1628,5
14636,user_1628,5
19093,user_1628,2
42912,user_1628,3
46410,user_1628,3
60586,user_1628,5
452634,user_1628,5
758,user_1631,1
2243,user_1631,4
2416,user_1631,4
9894,user_1631,4
11460,user_1631,4
14099,user_1631,4
14527,user_1631,1
17977,user_1631,3
47270,user_1631,3
316936,user_1631,1
532482,user_1631,3
533,user_1636,1
840,user_1636,3
13734,user_1636,1
16954,user_1636,3
19524,user_1636,5
22509,user_1636,2
28131,user_1636,3
28533,user_1636,2
299569,user_1636,4
494384,user_1636,1
498,user_1640,4
3748,user_1640,5
7353,user_1640,5
9731,user_1640,3
14974,user_1640,3
18614,user_1640,2
20239,user_1640,5
22790,user_1640,5
471,user_1644,1
2289,user_1644,1
10994,user_1644,5
18797,user_1644,2
19278,user_1644,2
19520,user_1644,1
21359,user_1644,5
21448,user_1644,1
21816,user_1644,1
22193,user_1644,3
58818,user_1644,1
59640,user_1644,2
563419,user_1644,4
3897,user_1656,3
10638,user_1656,4
19347,user_1656,3
53478,user_1656,2
58585,user_1656,2
257195,user_1656,4
600924,user_1656,3
539,user_1659,3
840,user_1659,3
2300,user_1659,1
5688,user_1659,4
14397,user_1659,4
16254,user_1659,5
17056,user_1659,1
17676,user_1659,3
17731,user_1659,5
17835,user_1659,1
18699,user_1659,4
21725,user_1659,4
47430,user_1659,2
49874,user_1659,2
374507,user_1659,3
387247,user_1659,4
1922,user_1670,3
3628,user_1670,4
9066,user_1670,3
13627,user_1670,1
18632,user_1670,1
21305,user_1670,5
64491,user_1670,2
67623,user_1670,4
233858,user_1670,1
295021,user_1670,4
412477,user_1670,1
573119,user_1670,5
1236,user_1673,5
3763,user_1673,4
4036,user_1673,3
16191,user_1673,4
16932,user_1673,5
17558,user_1673,1
17794,user_1673,3
19829,user_1673,3
23943,user_1673,1
29177,user_1673,1
38146,user_1673,3
62897,user_1673,5
374507,user_1673,3
802000,user_1673,2
1030,user_1675,1
10400,user_1675,1
15500,user_1675,3
16042,user_1675,1
17188,user_1675,5
28300,user_1675,3
64526,user_1675,3
384521,user_1675,1
411611,user_1675,3
452645,user_1675,4
484531,user_1675,4
868085,user_1675,5
155,user_1682,2
674,user_1682,4
2284,user_1682,4
3277,user_1682,5
3942,user_1682,5
18699,user_1682,1
20114,user_1682,2
23165,user_1682,3
23322,user_1682,2
47613,user_1682,3
59688,user_1682,4
63845,user_1682,5
2574,user_1683,3
3323,user_1683,1
4031,user_1683,5
5699,user_1683,1
7778,user_1683,5
9638,user_1683,3
14101,user_1683,3
14974,user_1683,2
28160,user_1683,5
28615,user_1683,5
29109,user_1683,1
38146,user_1683,3
59700,user_1683,1
287337,user_1683,1
134,user_1686,1
1019,user_1686,2
2674,user_1686,4
3757,user_1686,4
6400,user_1686,3
11188,user_1686,2
15274,user_1686,2
42391,user_1686,3
58751,user_1686,3
61415,user_1686,2
349439,user_1686,1
155,user_1693,5
561,user_1693,5
758,user_1693,5
1559,user_1693,5
2551,user_1693,2
3316,user_1693,2
3771,user_1693,3
12291,user_1693,2
18698,user_1693,4
18712,user_1693,1
19639,user_1693,1
21816,user_1693,4
61725,user_1693,5
349870,user_1693,3
364942,user_1693,4
362,user_1694,1
6256,user_1694,4
9066,user_1694,5
11366,user_1694,2
13513,user_1694,2
18240,user_1694,2
18699,user_1694,1
21725,user_1694,3
28195,user_1694,1
28300,user_1694,4
47379,user_1694,1
327269,user_1694,4
868086,user_1694,5
1184,user_1695,1
2570,user_1695,2
3344,user_1695,5
3990,user_1695,4
12279,user_1695,3
13886,user_1695,4
16612,user_1695,4
17703,user_1695,1
28082,user_1695,1
55526,user_1695,1
322240,user_1695,1
564757,user_1695,5
2634,user_17,1
9774,user_17,4
12074,user_17,1
15490,user_17,4
15896,user_17,2
35326,user_17,5
44029,user_17,1
59640,user_17,4
61044,user_17,4
370222,user_17,4
481,user_1712,4
539,user_1712,5
3358,user_1712,5
21816,user_1712,4
28534,user_1712,3
28604,user_1712,3
349250,user_1712,1
672441,user_1712,1
49,user_1713,5
1090,user_1713,2
16254,user_1713,1
19570,user_1713,4
46602,user_1713,4
60546,user_1713,5
274571,user_1713,2
366110,user_1713,3
2866,user_1715,5
9774,user_1715,5
10297,user_1715,3
10400,user_1715,2
17778,user_1715,3
19057,user_1715,1
19196,user_1715,2
326243,user_1715,5
442847,user_1715,4
6303,user_1716,1
12300,user_1716,1
15490,user_1716,5
16944,user_1716,5
20020,user_1716,3
21510,user_1716,3
23613,user_1716,2
28533,user_1716,5
35519,user_1716,4
314402,user_1716,1
437042,user_1716,3
452649,user_1716,2
799323,user_1716,2
49,user_1718,3
966,user_1718,5
1009,user_1718,2
3424,user_1718,4
4477,user_1718,4
11383,user_1718,3
12143,user_1718,3
17633,user_1718,5
19093,user_1718,1
22415,user_1718,3
27977,user_1718,1
58777,user_1718,3
1412,user_1721,2
2674,user_1721,5
4032,user_1721,4
9668,user_1721,2
11350,user_1721,1
17661,user_1721,2
20709,user_1721,3
27976,user_1721,4
47379,user_1721,4
50694,user_1721,4
447815,user_1721,4
670703,user_1721,3
1283,user_1722,4
5978,user_1722,3
9984,user_1722,4
10090,user_1722,1
12143,user_1722,2
15337,user_1722,4
16254,user_1722,5
19359,user_1722,2
258322,user_1722,1
327260,user_1722,1
388968,user_1722,2
487911,user_1722,3
2112,user_1723,5
3450,user_1723,2
9871,user_1723,1
15687,user_1723,2
15861,user_1723,4
18698,user_1723,3
21305,user_1723,5
21958,user_1723,3
35573,user_1723,3
46602,user_1723,5
426096,user_1723,5
499,user_1727,1
12732,user_1727,4
13796,user_1727,1
18797,user_1727,4
19518,user_1727,5
19608,user_1727,2
19829,user_1727,2
22158,user_1727,5
299569,user_1727,5
387328,user_1727,2
475071,user_1727,5
2889,user_1732,4
3226,user_1732,3
5978,user_1732,5
8278,user_1732,4
13688,user_1732,4
17977,user_1732,1
22509,user_1732,5
35326,user_1732,1
50778,user_1732,1
452647,user_1732,1
558984,user_1732,1
949,user_1740,1
2553,user_1740,5
4137,user_1740,1
8001,user_1740,5
11192,user_1740,1
12024,user_1740,5
19542,user_1740,5
57596,user_1740,1
57885,user_1740,1
59796,user_1740,4
2925,user_1750,5
8001,user_1750,2
10847,user_1750,3
13886,user_1750,5
14913,user_1750,1
16164,user_1750,5
19359,user_1750,5
20020,user_1750,1
20515,user_1750,2
22256,user_1750,2
27023,user_1750,2
28539,user_1750,1
51617,user_1750,5
64491,user_1750,5
387328,user_1750,5
397471,user_1750,3
3579,user_1758,5
3627,user_1758,5
3763,user_1758,4
9984,user_1758,3
10612,user_1758,4
14729,user_1758,1
17536,user_1758,3
29185,user_1758,1
47379,user_1758,2
49300,user_1758,5
56183,user_1758,4
61044,user_1758,1
264828,user_1758,2
349677,user_1758,2
147,user_1770,3
10029,user_1770,5
12447,user_1770,3
14913,user_1770,4
16414,user_1770,2
17573,user_1770,1
28195,user_1770,2
274571,user_1770,5
349677,user_1770,5
484842,user_1770,2
546464,user_1770,3
650605,user_1770,2
9831,user_1775,3
10397,user_1775,4
11460,user_1775,5
15077,user_1775,2
16178,user_1775,5
16709,user_1775,3
22158,user_1775,2
58975,user_1775,1
379486,user_1775,2
795632,user_1775,1
2196,user_1783,4
4475,user_1783,2
10125,user_1783,2
14015,user_1783,3
15730,user_1783,5
19006,user_1783,2
20239,user_1783,1
21170,user_1783,5
21510,user_1783,5
45691,user_1783,2
57885,user_1783,3
274766,user_1783,4
906,user_1784,3
4414,user_1784,2
13734,user_1784,5
14088,user_1784,3
18849,user_1784,1
19525,user_1784,3
20112,user_1784,5
20570,user_1784,1
42776,user_1784,2
56183,user_1784,4
275636,user_1784,2
452634,user_1784,1
750344,user_1784,2
604,user_1792,1
1091,user_1792,3
3186,user_1792,2
3323,user_1792,3
19935,user_1792,2
27976,user_1792,4
38860,user_1792,2
301539,user_1792,5
387247,user_1792,2
437042,user_1792,4
2060,user_1793,2
2157,user_1793,2
4471,user_1793,5
9603,user_1793,3
12732,user_1793,5
13285,user_1793,2
16191,user_1793,2
19881,user_1793,3
21687,user_1793,5
28154,user_1793,5
46508,user_1793,1
62897,user_1793,3
327212,user_1793,1
349870,user_1793,1
10745,user_1797,5
13796,user_1797,2
15615,user_1797,5
19716,user_1797,3
20995,user_1797,2
21687,user_1797,3
52370,user_1797,4
704730,user_1797,2
82,user_1803,3
798,user_1803,1
1204,user_1803,4
4414,user_1803,3
10398,user_1803,4
15294,user_1803,3
15860,user_1803,2
17179,user_1803,3
17597,user_1803,5
20570,user_1803,2
21926,user_1803,2
51230,user_1803,3
61725,user_1803,2
1682,user_1806,3
10342,user_1806,4
11383,user_1806,2
13734,user_1806,1
15126,user_1806,3
21098,user_1806,5
21170,user_1806,2
45109,user_1806,4
484718,user_1806,3
2037,user_1807,5
10575,user_1807,1
11682,user_1807,1
12074,user_1807,5
13514,user_1807,5
15856,user_1807,1
19646,user_1807,4
61725,user_1807,3
62534,user_1807,4
750344,user_1807,1
13038,user_181,3
19541,user_181,3
21170,user_181,5
23322,user_181,5
52371,user_181,2
287337,user_181,2
398423,user_181,4
411611,user_181,3
657,user_1813,3
2553,user_1813,3
2574,user_1813,5
2949,user_1813,2
4507,user_1813,4
7317,user_1813,5
9871,user_1813,4
13513,user_1813,2
14265,user_1813,4
14468,user_1813,5
19338,user_1813,4
20803,user_1813,1
21725,user_1813,2
21958,user_1813,2
29185,user_1813,3
46410,user_1813,3
58952,user_1813,1
62409,user_1813,3
672441,user_1813,2
20,user_1816,1
1509,user_1816,3
2271,user_1816,2
3424,user_1816,2
4274,user_1816,3
5511,user_1816,2
6800,user_1816,4
9731,user_1816,2
14447,user_1816,4
17417,user_1816,2
17793,user_1816,1
29383,user_1816,3
52368,user_1816,5
316936,user_1816,4
389054,user_1816,5
428083,user_1816,4
558986,user_1816,2
2354,user_183,2
12140,user_183,5
15075,user_183,3
16453,user_183,1
17778,user_183,5
19347,user_183,1
29131,user_183,4
58133,user_183,2
251596,user_183,1
428966,user_183,5
672441,user_183,1
6303,user_1836,4
8001,user_1836,2
14468,user_1836,4
17633,user_1836,4
19338,user_1836,4
19524,user_1836,3
19584,user_1836,3
19716,user_1836,3
22790,user_1836,4
398414,user_1836,1
362,user_1839,2
521,user_1839,2
3574,user_1839,3
12649,user_1839,4
14468,user_1839,2
29177,user_1839,4
38491,user_1839,4
42857,user_1839,1
42858,user_1839,5
44764,user_1839,4
798,user_184,2
1184,user_184,2
9644,user_184,1
9997,user_184,2
10141,user_184,3
13633,user_184,5
16437,user_184,4
18183,user_184,4
19590,user_184,2
19603,user_184,2
20212,user_184,3
20803,user_184,1
22734,user_184,2
52368,user_184,5
53432,user_184,3
24,user_1848,3
1009,user_1848,5
1943,user_1848,2
2300,user_1848,2
9731,user_1848,3
12074,user_1848,1
13038,user_1848,3
14722,user_1848,3
52372,user_1848,1
327209,user_1848,4
364975,user_1848,4
865,user_186,2
3469,user_186,5
3687,user_186,1
6303,user_186,1
9066,user_186,2
11350,user_186,1
16024,user_186,3
18632,user_186,3
21119,user_186,3
28195,user_186,5
41336,user_186,3
59261,user_186,2
292080,user_186,3
426096,user_186,4
2570,user_1865,1
3579,user_1865,4
5511,user_1865,3
9871,user_1865,5
12143,user_1865,5
12732,user_1865,2
13104,user_1865,2
17597,user_1865,1
275636,user_1865,5
388383,user_1865,4
537744,user_1865,4
573119,user_1865,3
1140,user_1868,5
3168,user_1868,3
3574,user_1868,3
14397,user_1868,5
14729,user_1868,2
22437,user_1868,1
22439,user_1868,5
28547,user_1868,3
257202,user_1868,2
447825,user_1868,4
704730,user_1868,2
949,user_1873,4
4031,user_1873,2
9668,user_1873,1
12073,user_1873,3
15294,user_1873,4
17177,user_1873,4
18207,user_1873,1
19236,user_1873,4
19606,user_1873,2
25173,user_1873,5
35402,user_1873,2
49428,user_1873,3
62409,user_1873,2
349515,user_1873,1
471,user_1876,3
2060,user_1876,2
5426,user_1876,4
5445,user_1876,3
5571,user_1876,4
8622,user_1876,4
9066,user_1876,3
9731,user_1876,4
13513,user_1876,3
18858,user_1876,5
23576,user_1876,2
45691,user_1876,4
300689,user_1876,3
4618,user_1880,5
5621,user_1880,3
13513,user_1880,1
18742,user_1880,1
19542,user_1880,1
20709,user_1880,1
22121,user_1880,5
44764,user_1880,4
1818,user_1887,3
2828,user_1887,3
3917,user_1887,1
9801,user_1887,5
10532,user_1887,3
13633,user_1887,3
16351,user_1887,2
19574,user_1887,1
19590,user_1887,2
23322,user_1887,1
357891,user_1887,5
364975,user_1887,1
7441,user_1889,5
9603,user_1889,5
14895,user_1889,5
17790,user_1889,4
20911,user_1889,4
51487,user_1889,4
650605,user_1889,3
2138,user_1893,5
10025,user_1893,1
16726,user_1893,2
19006,user_1893,4
21305,user_1893,1
25965,user_1893,3
27978,user_1893,5
28620,user_1893,4
51081,user_1893,3
59688,user_1893,2
257377,user_1893,1
706,user_1897,3
835,user_1897,2
1140,user_1897,1
2524,user_1897,1
3687,user_1897,1
3917,user_1897,5
9638,user_1897,3
10670,user_1897,2
13796,user_1897,2
22547,user_1897,5
28480,user_1897,5
29218,user_1897,2
290894,user_1897,4
868086,user_1897,3
388,user_1898,3
2343,user_1898,5
2796,user_1898,1
4507,user_1898,3
7778,user_1898,3
16164,user_1898,3
19606,user_1898,2
19731,user_1898,5
29069,user_1898,5
29185,user_1898,3
59700,user_1898,2
61044,user_1898,4
299569,user_1898,2
558984,user_1898,4
5524,user_19,2
9997,user_19,4
10661,user_19,2
10670,user_19,3
16716,user_19,3
17926,user_19,3
22509,user_19,4
23943,user_19,1
38146,user_19,5
301539,user_19,2
349870,user_19,2
397471,user_19,3
278,user_190,4
3533,user_190,3
40645,user_190,4
51167,user_190,3
58133,user_190,5
60012,user_190,1
274758,user_190,3
327269,user_190,5
398414,user_190,1
481,user_1901,3
2243,user_1901,1
3240,user_1901,5
3917,user_1901,5
3990,user_1901,3
3993,user_1901,1
4031,user_1901,4
4571,user_1901,4
5699,user_1901,5
5706,user_1901,5
9603,user_1901,4
15490,user_1901,2
17633,user_1901,4
372505,user_1901,2
532482,user_1901,4
24,user_1906,5
10992,user_1906,4
15687,user_1906,3
16880,user_1906,4
20253,user_1906,5
21170,user_1906,4
22193,user_1906,5
29185,user_1906,2
41656,user_1906,4
53341,user_1906,1
59155,user_1906,2
295090,user_1906,1
455597,user_1906,3
155,user_1909,4
275,user_1909,5
2553,user_1909,1
4274,user_1909,3
9668,user_1909,3
9831,user_1909,5
11971,user_1909,1
13796,user_1909,5
14527,user_1909,1
14948,user_1909,5
19165,user_1909,2
19338,user_1909,1
19518,user_1909,1
22415,user_1909,1
29069,user_1909,3
61725,user_1909,4
364975,user_1909,5
564757,user_1909,3
115,user_1918,1
10297,user_1918,1
12073,user_1918,2
14895,user_1918,3
15861,user_1918,3
16612,user_1918,2
19742,user_1918,2
46508,user_1918,1
53446,user_1918,2
58826,user_1918,3
274571,user_1918,4
366110,user_1918,2
845261,user_1918,4
817,user_1926,5
906,user_1926,1
3627,user_1926,4
3993,user_1926,3
4247,user_1926,1
10638,user_1926,5
13020,user_1926,3
23165,user_1926,3
29185,user_1926,2
61725,user_1926,1
539,user_1927,4
2586,user_1927,2
2639,user_1927,4
3328,user_1927,4
4031,user_1927,1
19594,user_1927,1
19672,user_1927,5
21411,user_1927,1
59796,user_1927,2
61415,user_1927,4
257202,user_1927,3
487911,user_1927,1
795370,user_1927,1
674,user_1929,1
2145,user_1929,4
3290,user_1929,4
12279,user_1929,1
13305,user_1929,4
13633,user_1929,5
14544,user_1929,4
14614,user_1929,1
16008,user_1929,1
17417,user_1929,4
20112,user_1929,1
52342,user_1929,3
364942,user_1929,2
3579,user_1930,5
4414,user_1930,2
11791,user_1930,4
18858,user_1930,4
21691,user_1930,4
29177,user_1930,5
349679,user_1930,3
155,user_1931,2
764,user_1931,1
2060,user_1931,3
11052,user_1931,3
27977,user_1931,1
29391,user_1931,3
51179,user_1931,1
53478,user_1931,5
326243,user_1931,1
670703,user_1931,4
817,user_1932,1
3574,user_1932,5
10791,user_1932,2
12280,user_1932,4
14974,user_1932,5
20481,user_1932,5
21683,user_1932,5
53239,user_1932,4
58818,user_1932,5
59640,user_1932,5
62359,user_1932,5
274758,user_1932,1
388383,user_1932,1
4032,user_1934,5
11428,user_1934,2
11460,user_1934,3
13694,user_1934,5
14101,user_1934,3
17676,user_1934,4
20803,user_1934,2
58551,user_1934,4
371832,user_1934,1
419295,user_1934,5
452649,user_1934,4
2553,user_1935,1
3186,user_1935,2
9603,user_1935,5
10847,user_1935,5
12279,user_1935,3
14544,user_1935,4
16761,user_1935,1
19196,user_1935,2
28623,user_1935,2
29109,user_1935,3
58754,user_1935,1
264828,user_1935,3
452634,user_1935,5
1184,user_1938,4
2300,user_1938,4
3627,user_1938,3
5542,user_1938,2
8278,user_1938,1
15896,user_1938,4
19057,user_1938,3
19374,user_1938,3
22790,user_1938,2
45691,user_1938,3
53478,user_1938,1
349677,user_1938,5
846499,user_1938,5
492,user_1950,1
620,user_1950,1
2828,user_1950,5
3214,user_1950,1
14062,user_1950,2
22014,user_1950,2
52370,user_1950,1
58497,user_1950,4
314402,user_1950,5
349439,user_1950,3
798,user_1958,2
2243,user_1958,3
9744,user_1958,3
10745,user_1958,3
14062,user_1958,5
14099,user_1958,5
17535,user_1958,1
24877,user_1958,2
42912,user_1958,2
58826,user_1958,3
502117,user_1958,4
1140,user_196,4
1412,user_196,4
3763,user_196,2
4414,user_196,4
11448,user_196,3
11682,user_196,1
14690,user_196,4
17926,user_196,5
23613,user_196,5
24493,user_196,3
42064,user_196,4
59986,user_196,5
264828,user_196,4
705616,user_196,1
49,user_1968,4
1922,user_1968,4
2100,user_1968,1
14614,user_1968,1
15323,user_1968,4
19058,user_1968,5
21448,user_1968,1
28082,user_1968,5
58818,user_1968,3
327269,user_1968,3
397471,user_1968,2
736427,user_1968,2
2551,user_1971,4
17536,user_1971,5
21416,user_1971,5
28628,user_1971,5
274571,user_1971,4
416034,user_1971,1
528689,user_1971,5
670703,user_1971,2
802000,user_1971,3
966,user_1977,4
2416,user_1977,5
9801,user_1977,4
10293,user_1977,5
11188,user_1977,4
14290,user_1977,3
14527,user_1977,3
15126,user_1977,2
21359,user_1977,4
28533,user_1977,4
29177,user_1977,1
52368,user_1977,3
557828,user_1977,4
797882,user_1977,4
82,user_1981,4
881,user_1981,5
2138,user_1981,4
2764,user_1981,1
10125,user_1981,2
16944,user_1981,3
17179,user_1981,4
20114,user_1981,4
29131,user_1981,4
52371,user_1981,1
64491,user_1981,3
248521,user_1981,5
494384,user_1981,3
1090,user_1986,5
4459,user_1986,1
9871,user_1986,4
10031,user_1986,5
10297,user_1986,4
16961,user_1986,5
17731,user_1986,4
18397,user_1986,2
19646,user_1986,5
52368,user_1986,1
67623,user_1986,2
3574,user_1995,5
4036,user_1995,1
4234,user_1995,3
12121,user_1995,2
13777,user_1995,4
17778,user_1995,5
19284,user_1995,2
22547,user_1995,5
51321,user_1995,1
58551,user_1995,2
262437,user_1995,4
426096,user_1995,4
1670,user_1997,2
2639,user_1997,5
7778,user_1997,1
15905,user_1997,1
16932,user_1997,5
17056,user_1997,2
19278,user_1997,5
21631,user_1997,3
52370,user_1997,5
248521,user_1997,2
369158,user_1997,3
398423,user_1997,1
758,user_2006,1
6256,user_2006,3
11971,user_2006,2
12280,user_2006,2
16174,user_2006,2
16961,user_2006,1
21958,user_2006,1
59700,user_2006,4
3631,user_2007,3
8777,user_2007,3
10293,user_2007,2
10668,user_2007,5
10847,user_2007,4
13020,user_2007,2
15406,user_2007,5
17558,user_2007,2
17998,user_2007,1
20114,user_2007,3
38197,user_2007,1
87,user_2010,3
949,user_2010,3
2098,user_2010,4
2977,user_2010,3
4032,user_2010,1
6256,user_2010,5
12073,user_2010,1
19829,user_2010,4
20017,user_2010,4
20515,user_2010,2
21359,user_2010,4
22437,user_2010,5
28604,user_2010,5
507151,user_2010,5
275,user_2012,4
2219,user_2012,3
2866,user_2012,1
5678,user_2012,5
10025,user_2012,5
12291,user_2012,5
14096,user_2012,3
16954,user_2012,2
17372,user_2012,1
17607,user_2012,1
17863,user_2012,5
18286,user_2012,4
19594,user_2012,5
23600,user_2012,3
28559,user_2012,5
53478,user_2012,1
58809,user_2012,3
214,user_2014,5
1391,user_2014,4
2266,user_2014,5
3240,user_2014,2
14088,user_2014,5
15615,user_2014,3
19274,user_2014,2
21229,user_2014,4
23322,user_2014,4
24877,user_2014,3
657,user_2016,3
2343,user_2016,1
3897,user_2016,2
10297,user_2016,5
14690,user_2016,2
17315,user_2016,2
20466,user_2016,2
28539,user_2016,3
45416,user_2016,4
50351,user_2016,3
58818,user_2016,1
58876,user_2016,3
59688,user_2016,3
2060,user_2017,5
3923,user_2017,3
4380,user_2017,3
9066,user_2017,4
19520,user_2017,5
29391,user_2017,1
36357,user_2017,2
37972,user_2017,5
46543,user_2017,3
52939,user_2017,5
251596,user_2017,2
275606,user_2017,2
194,user_2024,3
1140,user_2024,5
1391,user_2024,3
2977,user_2024,3
3044,user_2024,4
10992,user_2024,4
16191,user_2024,5
19236,user_2024,5
19610,user_2024,1
20133,user_2024,4
44641,user_2024,2
58826,user_2024,4
366852,user_2024,3
9904,user_2027,4
10180,user_2027,5
11791,user_2027,4
13038,user_2027,3
14913,user_2027,2
15022,user_2027,5
17946,user_2027,5
35402,user_2027,1
49874,user_2027,3
868085,user_2027,1
1854,user_2033,1
3627,user_2033,4
4031,user_2033,5
10141,user_2033,4
16191,user_2033,4
19590,user_2033,2
24877,user_2033,1
44431,user_2033,4
52176,user_2033,1
58585,user_2033,1
455597,user_2033,4
484718,user_2033,4
532482,user_2033,4
1077,user_2034,2
2570,user_2034,4
2674,user_2034,1
10293,user_2034,1
10398,user_2034,5
10992,user_2034,2
15349,user_2034,2
23165,user_2034,1
29109,user_2034,3
42064,user_2034,2
45821,user_2034,2
57885,user_2034,3
764,user_2036,1
2300,user_2036,2
11971,user_2036,2
12344,user_2036,1
13280,user_2036,2
13514,user_2036,2
15967,user_2036,3
44431,user_2036,3
59688,user_2036,1
657,user_2046,1
3533,user_2046,5
4901,user_2046,4
12121,user_2046,3
18699,user_2046,3
18742,user_2046,2
19588,user_2046,5
22837,user_2046,1
45691,user_2046,3
366852,user_2046,1
657,user_2047,2
1019,user_2047,1
2764,user_2047,4
4571,user_2047,1
5363,user_2047,3
9871,user_2047,3
15490,user_2047,4
20568,user_2047,1
59688,user_2047,4
64491,user_2047,4
262437,user_2047,1
573123,user_2047,5
59,user_2048,2
2219,user_2048,4
3574,user_2048,1
5511,user_2048,1
11192,user_2048,2
13104,user_2048,4
13280,user_2048,3
13734,user_2048,2
14447,user_2048,4
19196,user_2048,2
19542,user_2048,1
19570,user_2048,4
21683,user_2048,5
52389,user_2048,5
233858,user_2048,3
419295,user_2048,3
1509,user_205,3
3226,user_205,1
3469,user_205,2
4274,user_205,3
5621,user_205,4
11831,user_205,1
15896,user_205,5
16254,user_205,1
16709,user_205,1
17085,user_205,3
17778,user_205,3
19274,user_205,1
22104,user_205,5
40645,user_205,2
51179,user_205,4
499264,user_205,5
2709,user_2055,2
9801,user_2055,3
10643,user_2055,3
20253,user_2055,1
22547,user_2055,4
36357,user_2055,3
43253,user_2055,1
52389,user_2055,2
60586,user_2055,4
411611,user_2055,3
437059,user_2055,5
452634,user_2055,4
502241,user_2055,2
16404,user_2063,4
16922,user_2063,4
19794,user_2063,4
22193,user_2063,4
28075,user_2063,2
28089,user_2063,5
28160,user_2063,3
44725,user_2063,2
802000,user_2063,5
2112,user_2068,4
6800,user_2068,1
8278,user_2068,4
13627,user_2068,5
17794,user_2068,3
19400,user_2068,5
20466,user_2068,1
21119,user_2068,4
45109,user_2068,3
47594,user_2068,2
268363,user_2068,3
302857,user_2068,2
324992,user_2068,5
372505,user_2068,1
20,user_207,2
521,user_207,2
2157,user_207,2
28082,user_207,2
52179,user_207,2
58975,user_207,5
62409,user_207,5
251596,user_207,3
2977,user_2078,2
3498,user_2078,2
4192,user_2078,5
4247,user_2078,5
11831,user_2078,4
15905,user_2078,1
18698,user_2078,2
19093,user_2078,2
24877,user_2078,4
38808,user_2078,2
474,user_208,2
11052,user_208,2
19672,user_208,3
21170,user_208,5
51487,user_208,5
59986,user_208,2
295090,user_208,2
452645,user_208,4
528689,user_208,2
2284,user_2080,4
3186,user_2080,1
3358,user_2080,3
3897,user_2080,5
5688,user_2080,4
14447,user_2080,2
15862,user_2080,3
18207,user_2080,5
19490,user_2080,1
19731,user_2080,2
37972,user_2080,5
40645,user_2080,4
257202,user_2080,3
300689,user_2080,5
34,user_2088,2
817,user_2088,4
2764,user_2088,2
10612,user_2088,1
17558,user_2088,5
20717,user_2088,2
35519,user_2088,3
50675,user_2088,2
219972,user_2088,2
316936,user_2088,5
447815,user_2088,5
455597,user_2088,1
3134,user_209,2
4806,user_209,3
10025,user_209,5
13633,user_209,1
14397,user_209,2
17315,user_209,3
19672,user_209,2
22437,user_209,2
28131,user_209,4
29593,user_209,5
61725,user_209,2
387328,user_209,2
487911,user_209,3
497993,user_209,3
34,user_2101,3
2925,user_2101,1
3214,user_2101,4
3277,user_2101,3
4561,user_2101,4
9831,user_2101,5
10417,user_2101,2
17863,user_2101,5
19542,user_2101,5
22121,user_2101,3
57519,user_2101,5
316936,user_2101,4
397481,user_2101,2
704730,user_2101,5
4507,user_2114,5
14690,user_2114,2
20515,user_2114,5
43004,user_2114,4
60586,user_2114,5
323051,user_2114,1
427733,user_2114,3
484718,user_2114,2
14123,user_2121,4
16164,user_2121,4
16649,user_2121,2
17558,user_2121,1
18699,user_2121,3
19576,user_2121,5
20911,user_2121,1
41336,user_2121,5
41656,user_2121,1
44029,user_2121,3
44641,user_2121,3
254604,user_2121,5
257377,user_2121,1
586054,user_2121,5
799323,user_2121,5
2570,user_2126,2
14123,user_2126,3
19742,user_2126,4
28620,user_2126,4
47361,user_2126,4
52389,user_2126,4
58826,user_2126,2
62422,user_2126,4
428072,user_2126,5
447815,user_2126,5
432,user_2128,1
798,user_2128,3
2639,user_2128,5
9638,user_2128,5
10180,user_2128,3
17685,user_2128,1
18858,user_2128,4
19274,user_2128,5
19490,user_2128,5
39035,user_2128,3
558984,user_2128,3
4471,user_2135,1
11559,user_2135,2
11682,user_2135,4
12649,user_2135,3
13345,user_2135,2
14397,user_2135,5
16716,user_2135,4
18097,user_2135,5
19935,user_2135,1
23600,user_2135,2
49874,user_2135,2
53446,user_2135,2
262433,user_2135,5
147,user_2139,1
798,user_2139,4
12024,user_2139,1
17778,user_2139,1
21683,user_2139,2
21816,user_2139,1
22475,user_2139,3
23011,user_2139,1
23576,user_2139,3
42776,user_2139,5
42912,user_2139,1
275606,user_2139,2
295090,user_2139,5
319239,user_2139,3
349439,user_2139,1
427733,user_2139,2
1818,user_2143,2
5542,user_2143,2
11052,user_2143,5
13913,user_2143,2
16024,user_2143,2
18858,user_2143,4
19274,user_2143,4
20233,user_2143,4
28082,user_2143,5
29131,user_2143,3
61044,user_2143,4
428198,user_2143,4
484718,user_2143,4
674,user_2147,4
1077,user_2147,3
2416,user_2147,2
2634,user_2147,1
9638,user_2147,3
12344,user_2147,1
13535,user_2147,5
14690,user_2147,4
18858,user_2147,2
19603,user_2147,2
22121,user_2147,5
29185,user_2147,2
31906,user_2147,2
39035,user_2147,4
40368,user_2147,1
50675,user_2147,2
51230,user_2147,2
61051,user_2147,5
326244,user_2147,2
364975,user_2147,3
538,user_2160,4
3358,user_2160,4
4409,user_2160,5
4499,user_2160,3
7317,user_2160,3
15274,user_2160,4
15406,user_2160,3
16437,user_2160,1
19594,user_2160,1
35326,user_2160,5
326239,user_2160,2
374507,user_2160,3
7613,user_2165,1
14446,user_2165,5
16191,user_2165,2
21411,user_2165,4
21586,user_2165,2
58818,user_2165,1
59640,user_2165,3
257195,user_2165,5
327212,user_2165,2
2112,user_2169,3
3450,user_2169,4
4490,user_2169,4
14123,user_2169,3
14447,user_2169,1
19284,user_2169,5
20233,user_2169,4
27944,user_2169,5
28089,user_2169,3
29109,user_2169,3
52093,user_2169,1
484531,user_2169,1
11192,user_2173,5
22415,user_2173,1
28300,user_2173,2
29177,user_2173,5
29,user_2174,3
12720,user_2174,3
17661,user_2174,1
17685,user_2174,1
18699,user_2174,5
19110,user_2174,1
44641,user_2174,1
53239,user_2174,4
57596,user_2174,5
58751,user_2174,4
423950,user_2174,3
471,user_2177,4
1922,user_2177,3
2145,user_2177,3
3214,user_2177,5
4499,user_2177,4
11786,user_2177,3
15022,user_2177,2
22918,user_2177,5
25173,user_2177,3
29391,user_2177,4
366852,user_2177,3
475071,user_2177,4
474,user_2181,3
1236,user_2181,1
2060,user_2181,1
3339,user_2181,2
4031,user_2181,5
11188,user_2181,3
15294,user_2181,2
21687,user_2181,2
22104,user_2181,5
22918,user_2181,2
248521,user_2181,3
326244,user_2181,3
586054,user_2181,5
672441,user_2181,2
881,user_2188,1
14285,user_2188,1
15730,user_2188,2
15856,user_2188,1
16164,user_2188,1
17535,user_2188,5
22837,user_2188,5
38491,user_2188,3
46410,user_2188,1
53239,user_2188,4
384521,user_2188,1
507151,user_2188,2
3469,user_2190,1
5688,user_2190,3
10029,user_2190,3
11212,user_2190,5
13627,user_2190,2
16649,user_2190,1
20803,user_2190,1
28195,user_2190,4
53432,user_2190,5
327212,user_2190,1
379486,user_2190,2
398414,user_2190,2
214,user_2197,4
1922,user_2197,3
2586,user_2197,5
5524,user_2197,5
9824,user_2197,3
10068,user_2197,1
16178,user_2197,3
17188,user_2197,2
17607,user_2197,5
17685,user_2197,2
17946,user_2197,3
18699,user_2197,1
20020,user_2197,4
21816,user_2197,1
22837,user_2197,2
27978,user_2197,4
46410,user_2197,5
284674,user_2197,5
308157,user_2197,2
1091,user_22,3
2354,user_22,3
4490,user_22,2
10004,user_22,2
10513,user_22,4
14690,user_22,4
15077,user_22,1
15861,user_22,1
19351,user_22,4
19426,user_22,5
35402,user_22,5
35519,user_22,2
274758,user_22,4
39,user_2200,3
539,user_2200,2
1184,user_2200,1
3628,user_2200,2
3892,user_2200,5
9066,user_2200,5
10025,user_2200,5
11163,user_2200,3
12024,user_2200,4
13104,user_2200,3
17977,user_2200,4
20250,user_2200,2
20709,user_2200,4
24493,user_2200,3
28131,user_2200,5
58551,user_2200,2
366881,user_2200,4
389054,user_2200,5
428198,user_2200,5
115,user_2202,5
492,user_2202,3
3344,user_2202,1
3561,user_2202,4
5524,user_2202,4
9894,user_2202,4
11188,user_2202,5
20570,user_2202,1
28300,user_2202,4
44525,user_2202,5
62627,user_2202,3
324992,user_2202,1
517399,user_2202,2
795370,user_2202,5
966,user_2203,1
1412,user_2203,1
4747,user_2203,2
12121,user_2203,3
16042,user_2203,5
19236,user_2203,2
19459,user_2203,2
20333,user_2203,1
23322,user_2203,3
40368,user_2203,1
43253,user_2203,3
49790,user_2203,5
58921,user_2203,3
257203,user_2203,5
484718,user_2203,4
2287,user_2206,1
2354,user_2206,1
4228,user_2206,4
4284,user_2206,1
11142,user_2206,3
12280,user_2206,1
15404,user_2206,5
19278,user_2206,4
21416,user_2206,4
35519,user_2206,4
39093,user_2206,3
49300,user_2206,4
51321,user_2206,2
52384,user_2206,1
58809,user_2206,2
60012,user_2206,4
275606,user_2206,1
349679,user_2206,5
498,user_2215,2
4459,user_2215,3
5426,user_2215,2
5621,user_2215,2
13104,user_2215,5
18395,user_2215,4
22740,user_2215,5
32734,user_2215,3
398414,user_2215,5
650605,user_2215,4
670703,user_2215,1
39,user_222,4
474,user_222,2
10847,user_222,4
11460,user_222,1
14468,user_222,4
28604,user_222,5
41336,user_222,2
251596,user_222,5
359373,user_222,3
494384,user_222,4
388,user_2220,2
3323,user_2220,2
9606,user_2220,5
9824,user_2220,5
10056,user_2220,1
14101,user_2220,5
15687,user_2220,4
17998,user_2220,3
18207,user_2220,5
19058,user_2220,5
23292,user_2220,5
292840,user_2220,3
4439,user_2224,5
7317,user_2224,5
9603,user_2224,2
10928,user_2224,2
13852,user_2224,4
15323,user_2224,2
20233,user_2224,2
20570,user_2224,1
47270,user_2224,2
47594,user_2224,4
248521,user_2224,2
419295,user_2224,1
3450,user_2226,2
5542,user_2226,3
14948,user_2226,1
15490,user_2226,5
19829,user_2226,3
58975,user_2226,1
60546,user_2226,2
573123,user_2226,1
573124,user_2226,4
2570,user_223,1
5363,user_223,3
5663,user_223,4
15500,user_223,5
16817,user_223,4
17177,user_223,5
17633,user_223,3
19617,user_223,4
21926,user_223,4
57519,user_223,5
437042,user_223,4
966,user_2231,4
11052,user_2231,1
17252,user_2231,2
19594,user_2231,1
19794,user_2231,2
20333,user_2231,1
22014,user_2231,3
268363,user_2231,2
349439,user_2231,2
362895,user_2231,2
401,user_2237,1
2820,user_2237,4
2828,user_2237,2
3469,user_2237,1
4571,user_2237,2
5426,user_2237,5
10141,user_2237,4
17535,user_2237,4
18097,user_2237,5
20017,user_2237,5
44764,user_2237,4
58133,user_2237,4
61044,user_2237,1
799323,user_2237,2
1091,user_224,1
3168,user_224,4
10594,user_224,4
12024,user_224,5
12280,user_224,2
17286,user_224,4
18698,user_224,3
20250,user_224,5
20589,user_224,2
21411,user_224,5
22547,user_224,2
23292,user_224,1
51321,user_224,4
52384,user_224,4
64491,user_224,2
327232,user_224,1
5571,user_2242,3
13688,user_2242,1
15958,user_2242,1
18240,user_2242,2
28547,user_2242,5
295021,user_2242,4
299569,user_2242,2
4234,user_2247,2
5445,user_2247,1
13038,user_2247,2
14062,user_2247,2
15077,user_2247,1
35519,user_2247,3
52368,user_2247,4
254604,user_2247,3
326292,user_2247,5
423950,user_2247,2
5699,user_225,4
9831,user_225,2
10297,user_225,3
12893,user_225,2
16915,user_225,4
21416,user_225,5
22475,user_225,5
28628,user_225,1
349439,user_225,4
1283,user_2251,3
7778,user_2251,4
8001,user_2251,5
9871,user_2251,2
13861,user_2251,5
16922,user_2251,1
17650,user_2251,3
27976,user_2251,2
37907,user_2251,4
1630,user_2252,2
3226,user_2252,3
3358,user_2252,4
4439,user_2252,5
4519,user_2252,3
8777,user_2252,3
11791,user_2252,3
12280,user_2252,2
16726,user_2252,1
19588,user_2252,4
20570,user_2252,5
24493,user_2252,2
27022,user_2252,1
29109,user_2252,3
349679,user_2252,3
49,user_2254,2
4058,user_2254,5
9638,user_2254,3
10513,user_2254,1
10791,user_2254,3
20319,user_2254,5
22415,user_2254,1
29207,user_2254,5
40936,user_2254,3
57885,user_2254,3
257377,user_2254,1
600924,user_2254,2
616688,user_2254,5
4058,user_226,1
9984,user_226,5
10301,user_226,4
10342,user_226,2
13694,user_226,5
15075,user_226,2
15856,user_226,4
16726,user_226,2
22415,user_226,1
60012,user_226,2
39,user_2266,3
835,user_2266,5
3790,user_2266,4
4058,user_2266,4
10301,user_2266,5
11460,user_2266,4
18271,user_2266,3
19594,user_2266,2
51230,user_2266,5
62069,user_2266,4
412477,user_2266,5
1204,user_227,2
2226,user_227,1
3450,user_227,4
9644,user_227,3
10031,user_227,5
10342,user_227,4
10575,user_227,2
20233,user_227,1
20911,user_227,2
21510,user_227,2
42391,user_227,1
704730,user_227,5
1090,user_2271,1
2949,user_2271,5
3993,user_2271,4
8278,user_2271,4
13694,user_2271,2
45821,user_2271,2
51877,user_2271,1
366852,user_2271,4
475071,user_2271,3
5542,user_2282,4
11163,user_2282,3
16351,user_2282,2
16922,user_2282,5
18632,user_2282,1
19457,user_2282,4
19584,user_2282,1
52093,user_2282,3
53239,user_2282,2
60546,user_2282,5
20,user_2284,5
14527,user_2284,1
14729,user_2284,3
16404,user_2284,1
16726,user_2284,3
16944,user_2284,1
17188,user_2284,2
17536,user_2284,5
19716,user_2284,4
21119,user_2284,4
56183,user_2284,4
62534,user_2284,4
372505,user_2284,4
558984,user_2284,2
3371,user_2288,5
4747,user_2288,1
9824,user_2288,1
20756,user_2288,4
24493,user_2288,5
31906,user_2288,1
51321,user_2288,1
2157,user_2303,2
2551,user_2303,2
4618,user_2303,1
6303,user_2303,3
9066,user_2303,2
17597,user_2303,1
18712,user_2303,5
19110,user_2303,2
19584,user_2303,2
20995,user_2303,5
21926,user_2303,5
28533,user_2303,2
59155,user_2303,3
326239,user_2303,2
2925,user_2304,4
2949,user_2304,5
3917,user_2304,5
4471,user_2304,1
7441,user_2304,1
10141,user_2304,2
10142,user_2304,3
15687,user_2304,3
16361,user_2304,5
558986,user_2304,2
604,user_2326,1
2796,user_2326,2
5699,user_2326,2
10031,user_2326,3
18183,user_2326,3
22911,user_2326,4
24478,user_2326,2
29593,user_2326,1
42857,user_2326,3
42912,user_2326,1
452634,user_2326,3
452647,user_2326,4
115,user_2328,4
881,user_2328,1
2138,user_2328,1
2289,user_2328,3
2634,user_2328,5
9986,user_2328,1
11163,user_2328,4
18858,user_2328,5
19617,user_2328,1
20133,user_2328,1
29218,user_2328,3
47379,user_2328,4
60012,user_2328,3
62627,user_2328,2
257202,user_2328,1
257203,user_2328,1
369158,user_2328,1
411611,user_2328,1
533,user_234,3
16116,user_234,5
19881,user_234,1
47594,user_234,5
533,user_2345,3
1283,user_2345,3
2115,user_2345,4
4192,user_2345,3
9638,user_2345,2
9668,user_2345,5
10293,user_2345,4
10594,user_2345,4
13514,user_2345,3
18712,user_2345,3
20911,user_2345,1
21285,user_2345,2
533,user_2346,5
1412,user_2346,1
3687,user_2346,2
9731,user_2346,2
11052,user_2346,2
11350,user_2346,1
13020,user_2346,3
13513,user_2346,5
19278,user_2346,3
27976,user_2346,3
51179,user_2346,4
51617,user_2346,2
53239,user_2346,3
257202,user_2346,4
275606,user_2346,3
295090,user_2346,5
326244,user_2346,3
423950,user_2346,1
450239,user_2346,5
616697,user_2346,3
5678,user_2349,4
8278,user_2349,4
9997,user_2349,1
14154,user_2349,2
22014,user_2349,3
28201,user_2349,3
47613,user_2349,4
50351,user_2349,5
59261,user_2349,2
349677,user_2349,3
2060,user_2350,4
2343,user_2350,2
3757,user_2350,4
3942,user_2350,2
4032,user_2350,4
10293,user_2350,4
11052,user_2350,2
11428,user_2350,5
15335,user_2350,1
16709,user_2350,3
17085,user_2350,4
20333,user_2350,4
28082,user_2350,3
47381,user_2350,5
432,user_2353,5
2112,user_2353,1
5445,user_2353,1
19165,user_2353,4
59261,user_2353,2
359373,user_2353,2
428198,user_2353,3
600924,user_2353,2
115,user_2357,2
492,user_2357,1
674,user_2357,4
1559,user_2357,5
3328,user_2357,4
4031,user_2357,2
14636,user_2357,1
17179,user_2357,5
19525,user_2357,3
21926,user_2357,4
22344,user_2357,2
28547,user_2357,2
28628,user_2357,3
38146,user_2357,3
62897,user_2357,3
349677,user_2357,4
1670,user_2361,5
2889,user_2361,1
4057,user_2361,4
15862,user_2361,4
17372,user_2361,2
19574,user_2361,5
21305,user_2361,4
32734,user_2361,4
59640,user_2361,4
428072,user_2361,3
4361,user_2362,1
12074,user_2362,3
12678,user_2362,2
13513,user_2362,3
17790,user_2362,2
21371,user_2362,5
21691,user_2362,4
32734,user_2362,1
49428,user_2362,3
58818,user_2362,3
709179,user_2362,2
275,user_2364,5
5940,user_2364,2
22918,user_2364,4
23292,user_2364,1
35402,user_2364,4
42776,user_2364,4
46543,user_2364,4
53341,user_2364,2
53432,user_2364,4
57519,user_2364,1
59197,user_2364,1
64526,user_2364,1
219972,user_2364,3
316936,user_2364,4
764,user_2369,3
2138,user_2369,3
3226,user_2369,2
4003,user_2369,5
6319,user_2369,3
14015,user_2369,1
15967,user_2369,3
16922,user_2369,5
17676,user_2369,2
18395,user_2369,3
20239,user_2369,4
21098,user_2369,4
44764,user_2369,3
55526,user_2369,3
60586,user_2369,4
388968,user_2369,4
539,user_2372,4
766,user_2372,5
1412,user_2372,4
4228,user_2372,5
4459,user_2372,3
10992,user_2372,3
11460,user_2372,2
47381,user_2372,2
59700,user_2372,5
233858,user_2372,3
371832,user_2372,4
846499,user_2372,1
2674,user_2375,3
3790,user_2375,2
5445,user_2375,5
8777,user_2375,1
10547,user_2375,2
15967,user_2375,4
18395,user_2375,1
327269,user_2375,1
499264,user_2375,4
362,user_2380,1
11188,user_2380,5
18240,user_2380,1
20133,user_2380,1
22734,user_2380,2
41656,user_2380,2
49428,user_2380,5
50694,user_2380,2
51617,user_2380,2
34,user_2394,1
3316,user_2394,3
15406,user_2394,1
18712,user_2394,1
19057,user_2394,1
19400,user_2394,5
42391,user_2394,2
42857,user_2394,4
274571,user_2394,3
521,user_2397,3
3892,user_2397,5
9774,user_2397,3
12319,user_2397,3
12447,user_2397,5
19400,user_2397,5
20995,user_2397,4
38491,user_2397,5
46602,user_2397,5
52093,user_2397,4
52368,user_2397,1
58497,user_2397,4
59023,user_2397,1
287337,user_2397,4
326292,user_2397,1
682502,user_2397,5
657,user_2408,4
1391,user_2408,2
8001,user_2408,4
9831,user_2408,3
11052,user_2408,2
11366,user_2408,5
14123,user_2408,1
17188,user_2408,1
19742,user_2408,1
21586,user_2408,2
29338,user_2408,5
35402,user_2408,5
36357,user_2408,2
38860,user_2408,2
400298,user_2408,5
2100,user_2416,3
3339,user_2416,2
9824,user_2416,5
12121,user_2416,1
15022,user_2416,1
16880,user_2416,4
20995,user_2416,5
28559,user_2416,5
29383,user_2416,1
44972,user_2416,4
322240,user_2416,4
364975,user_2416,4
2287,user_2421,2
3087,user_2421,1
10068,user_2421,3
19935,user_2421,2
21411,user_2421,5
22837,user_2421,4
23576,user_2421,4
27023,user_2421,3
43422,user_2421,4
50675,user_2421,5
51877,user_2421,3
52370,user_2421,1
364942,user_2421,3
452647,user_2421,4
672441,user_2421,4
674,user_2424,5
9644,user_2424,3
10992,user_2424,5
13777,user_2424,2
14317,user_2424,1
17633,user_2424,5
17790,user_2424,5
21448,user_2424,3
36357,user_2424,1
61044,user_2424,1
437059,user_2424,3
1670,user_2425,1
3628,user_2425,5
10994,user_2425,4
14101,user_2425,2
16174,user_2425,3
19165,user_2425,3
19594,user_2425,3
21305,user_2425,4
28300,user_2425,2
38491,user_2425,1
52372,user_2425,5
58816,user_2425,3
349439,user_2425,5
349515,user_2425,2
371831,user_2425,4
387247,user_2425,1
441738,user_2425,4
798,user_2427,5
2866,user_2427,1
4057,user_2427,5
4490,user_2427,1
5363,user_2427,3
7241,user_2427,1
9066,user_2427,4
11212,user_2427,3
11448,user_2427,2
13280,user_2427,3
14544,user_2427,5
39035,user_2427,2
705616,user_2427,4
2709,user_2430,3
4499,user_2430,4
6400,user_2430,5
13305,user_2430,4
16437,user_2430,3
19570,user_2430,4
19740,user_2430,1
27977,user_2430,3
45821,user_2430,3
46508,user_2430,3
53478,user_2430,4
484828,user_2430,4
275,user_2431,2
533,user_2431,5
539,user_2431,3
4003,user_2431,4
4031,user_2431,3
6800,user_2431,1
12649,user_2431,2
17703,user_2431,4
59142,user_2431,2
284674,user_2431,5
367044,user_2431,4
600924,user_2431,4
5571,user_2433,1
10029,user_2433,1
11329,user_2433,2
19935,user_2433,2
20589,user_2433,4
25173,user_2433,5
37907,user_2433,4
479694,user_2433,5
835,user_2439,1
1509,user_2439,5
2100,user_2439,1
2145,user_2439,3
9744,user_2439,4
9997,user_2439,2
12121,user_2439,5
15404,user_2439,3
27944,user_2439,4
47381,user_2439,4
58952,user_2439,1
59142,user_2439,4
949,user_2441,5
3339,user_2441,3
9744,user_2441,2
10342,user_2441,4
10638,user_2441,5
10668,user_2441,1
12279,user_2441,3
15075,user_2441,4
15615,user_2441,3
28131,user_2441,4
28201,user_2441,1
52368,user_2441,3
620,user_2449,3
835,user_2449,5
10643,user_2449,2
13886,user_2449,3
16817,user_2449,4
16969,user_2449,2
21631,user_2449,1
22509,user_2449,4
47430,user_2449,1
557828,user_2449,1
3757,user_2454,2
14974,user_2454,5
20017,user_2454,5
22344,user_2454,4
47234,user_2454,3
53432,user_2454,5
58133,user_2454,3
62359,user_2454,5
314402,user_2454,4
2828,user_246,3
9606,user_246,2
10142,user_246,5
12319,user_246,5
17998,user_246,5
20239,user_246,5
28195,user_246,1
28627,user_246,3
35402,user_246,4
51230,user_246,2
868086,user_246,5
20,user_2465,1
134,user_2465,2
2977,user_2465,2
9638,user_2465,5
10397,user_2465,5
17676,user_2465,5
21510,user_2465,3
23322,user_2465,1
38860,user_2465,3
47594,user_2465,2
1009,user_2467,5
3533,user_2467,2
3771,user_2467,3
3917,user_2467,5
18395,user_2467,2
18698,user_2467,4
23734,user_2467,3
58585,user_2467,3
62409,user_2467,1
342,user_2469,4
432,user_2469,1
12914,user_2469,5
13285,user_2469,3
14015,user_2469,3
14544,user_2469,3
27977,user_2469,2
28623,user_2469,1
49300,user_2469,4
52179,user_2469,2
349679,user_2469,4
499,user_2470,4
604,user_2470,3
3990,user_2470,1
5688,user_2470,5
5699,user_2470,4
10180,user_2470,2
11448,user_2470,1
16174,user_2470,4
16726,user_2470,4
17597,user_2470,3
17926,user_2470,5
23943,user_2470,1
28540,user_2470,1
41336,user_2470,5
61415,user_2470,5
62534,user_2470,5
2243,user_2473,4
2977,user_2473,1
3371,user_2473,5
5877,user_2473,3
15856,user_2473,5
16704,user_2473,5
20114,user_2473,3
24478,user_2473,3
28604,user_2473,5
28623,user_2473,5
28628,user_2473,5
32734,user_2473,2
42912,user_2473,1
47613,user_2473,5
52939,user_2473,1
57519,user_2473,3
357891,user_2473,2
4137,user_2488,3
4228,user_2488,2
20017,user_2488,2
53478,user_2488,3
67623,user_2488,4
326239,user_2488,4
1184,user_2490,3
10025,user_2490,1
11364,user_2490,4
17790,user_2490,2
19520,user_2490,2
44725,user_2490,1
49428,user_2490,2
51877,user_2490,3
288586,user_2490,5
292080,user_2490,2
1030,user_2491,2
2354,user_2491,2
3194,user_2491,3
10661,user_2491,3
12447,user_2491,4
14317,user_2491,5
14397,user_2491,3
15905,user_2491,1
16961,user_2491,4
18849,user_2491,3
20132,user_2491,5
20568,user_2491,5
23011,user_2491,1
28480,user_2491,4
47379,user_2491,2
275636,user_2491,4
682502,user_2491,4
533,user_2492,5
1236,user_2492,4
5699,user_2492,5
6303,user_2492,4
16922,user_2492,1
18285,user_2492,4
37907,user_2492,2
49874,user_2492,5
301539,user_2492,1
447825,user_2492,3
484718,user_2492,5
487911,user_2492,3
3533,user_2495,1
4192,user_2495,2
5706,user_2495,5
12146,user_2495,4
13627,user_2495,5
16880,user_2495,5
17676,user_2495,1
18654,user_2495,2
19520,user_2495,4
19541,user_2495,5
21683,user_2495,1
28533,user_2495,5
40302,user_2495,2
47594,user_2495,2
53446,user_2495,3
60546,user_2495,1
349677,user_2495,1
420000,user_2495,2
423950,user_2495,1
342,user_2496,4
2553,user_2496,2
3892,user_2496,4
12649,user_2496,4
15337,user_2496,1
16011,user_2496,4
16649,user_2496,5
19731,user_2496,3
20723,user_2496,3
25965,user_2496,4
28154,user_2496,1
47270,user_2496,3
251596,user_2496,2
274766,user_2496,4
388383,user_2496,4
4439,user_25,5
10278,user_25,2
10594,user_25,5
11460,user_25,5
11791,user_25,5
14088,user_25,1
17977,user_25,4
22740,user_25,1
43253,user_25,2
274571,user_25,1
709179,user_25,5
214,user_250,3
1391,user_250,3
1682,user_250,4
3135,user_250,5
3790,user_250,2
10068,user_250,3
12291,user_250,3
27022,user_250,5
36357,user_250,1
52179,user_250,3
274758,user_250,1
349439,user_250,5
398414,user_250,2
412477,user_250,5
846499,user_250,5
3993,user_2503,1
9984,user_2503,5
10090,user_2503,4
11163,user_2503,3
12024,user_2503,4
16954,user_2503,5
20319,user_2503,1
22740,user_2503,3
22790,user_2503,3
47361,user_2503,3
47379,user_2503,5
58952,user_2503,1
1575,user_2516,4
2828,user_2516,2
6303,user_2516,2
11163,user_2516,5
16612,user_2516,3
19574,user_2516,2
19672,user_2516,5
21687,user_2516,4
52384,user_2516,4
314402,user_2516,1
327232,user_2516,2
758,user_2517,5
881,user_2517,2
4032,user_2517,5
11193,user_2517,1
12300,user_2517,3
13514,user_2517,1
13861,user_2517,1
14895,user_2517,4
17417,user_2517,2
19524,user_2517,2
22837,user_2517,3
371832,user_2517,2
452649,user_2517,4
706,user_2519,3
5978,user_2519,1
7778,user_2519,2
9984,user_2519,1
17778,user_2519,4
19347,user_2519,4
21411,user_2519,3
28131,user_2519,4
28559,user_2519,5
29177,user_2519,5
308157,user_2519,3
1090,user_2526,5
2354,user_2526,3
2639,user_2526,2
10417,user_2526,5
16453,user_2526,2
17863,user_2526,4
19093,user_2526,3
19490,user_2526,3
20250,user_2526,3
22014,user_2526,5
29383,user_2526,1
44972,user_2526,1
46543,user_2526,4
268363,user_2526,4
316936,user_2526,3
397481,user_2526,2
502241,user_2526,2
616697,user_2526,3
29,user_253,1
1391,user_253,2
2098,user_253,4
3956,user_253,4
4409,user_253,3
10513,user_253,4
14397,user_253,5
15856,user_253,1
15896,user_253,3
18742,user_253,5
21416,user_253,3
37907,user_253,5
295021,user_253,4
299569,user_253,5
349250,user_253,1
419295,user_253,5
485203,user_253,2
840,user_2532,1
7241,user_2532,2
10994,user_2532,4
14015,user_2532,4
17790,user_2532,4
19490,user_2532,2
19541,user_2532,5
28480,user_2532,3
29131,user_2532,4
50675,user_2532,4
56183,user_2532,3
64526,user_2532,5
254604,user_2532,3
274758,user_2532,3
326239,user_2532,5
682502,user_2532,5
5663,user_2535,3
11971,user_2535,4
14285,user_2535,3
18777,user_2535,4
22475,user_2535,1
40344,user_2535,3
40368,user_2535,2
51081,user_2535,1
600924,user_2535,4
2219,user_2538,2
5663,user_2538,3
8777,user_2538,2
9831,user_2538,5
14614,user_2538,2
44029,user_2538,4
47270,user_2538,2
147,user_2549,5
2343,user_2549,1
9668,user_2549,2
18286,user_2549,2
22158,user_2549,5
53478,user_2549,3
494393,user_2549,4
2551,user_2551,3
3579,user_2551,5
4234,user_2551,1
5445,user_2551,4
10297,user_2551,2
11142,user_2551,1
13104,user_2551,3
15479,user_2551,2
17535,user_2551,2
52371,user_2551,1
295021,user_2551,2
411611,user_2551,2
564757,user_2551,4
620,user_2557,4
5663,user_2557,1
6400,user_2557,1
10643,user_2557,2
18849,user_2557,2
19525,user_2557,5
20466,user_2557,2
50351,user_2557,1
51167,user_2557,5
63845,user_2557,5
254604,user_2557,2
301539,user_2557,2
447825,user_2557,1
507151,user_2557,4
766,user_2558,2
2820,user_2558,2
3598,user_2558,5
9774,user_2558,4
10301,user_2558,1
11364,user_2558,5
15022,user_2558,5
15126,user_2558,5
19490,user_2558,4
20589,user_2558,1
40368,user_2558,4
533,user_2560,5
10301,user_2560,1
12678,user_2560,3
17536,user_2560,5
18698,user_2560,1
21631,user_2560,4
22439,user_2560,1
23613,user_2560,1
24493,user_2560,3
28604,user_2560,1
58816,user_2560,1
471,user_2563,1
10068,user_2563,1
233858,user_2563,4
257377,user_2563,4
3323,user_2565,3
4003,user_2565,4
4247,user_2565,3
5663,user_2565,2
10293,user_2565,3
13694,user_2565,5
15022,user_2565,3
16709,user_2565,5
17536,user_2565,2
23734,user_2565,3
58921,user_2565,4
61152,user_2565,1
322240,user_2565,3
497993,user_2565,2
670703,user_2565,1
802000,user_2565,2
2639,user_2570,3
3917,user_2570,3
17535,user_2570,5
17803,user_2570,1
18397,user_2570,4
19518,user_2570,5
19576,user_2570,4
20133,user_2570,5
21448,user_2570,1
21926,user_2570,1
23576,user_2570,3
38808,user_2570,4
44764,user_2570,5
374507,user_2570,3
388968,user_2570,5
573123,user_2570,5
604,user_2593,2
1391,user_2593,4
2243,user_2593,3
2960,user_2593,5
5663,user_2593,1
13514,user_2593,1
17921,user_2593,1
19374,user_2593,4
19610,user_2593,3
20112,user_2593,5
59640,user_2593,1
327212,user_2593,1
573123,user_2593,1
868086,user_2593,4
764,user_2602,3
3687,user_2602,2
14468,user_2602,2
19603,user_2602,5
29069,user_2602,4
59155,user_2602,4
59700,user_2602,3
388383,user_2602,5
420000,user_2602,1
499264,user_2602,4
564757,user_2602,4
20,user_2604,4
2764,user_2604,4
3194,user_2604,2
14099,user_2604,1
16191,user_2604,5
17417,user_2604,5
17685,user_2604,5
17803,user_2604,5
19236,user_2604,4
29170,user_2604,1
49428,user_2604,1
387247,user_2604,1
34,user_2606,5
471,user_2606,3
1559,user_2606,4
4192,user_2606,1
12279,user_2606,3
15404,user_2606,4
18654,user_2606,1
64526,user_2606,5
384521,user_2606,1
2925,user_2607,4
4247,user_2607,1
7317,user_2607,2
15274,user_2607,4
15896,user_2607,5
16008,user_2607,4
16011,user_2607,3
19518,user_2607,5
20253,user_2607,4
21691,user_2607,5
22509,user_2607,3
282807,user_2607,5
397481,user_2607,2
416034,user_2607,2
842395,user_2607,2
1682,user_2610,5
2553,user_2610,4
2828,user_2610,4
3748,user_2610,4
5663,user_2610,1
15862,user_2610,4
16437,user_2610,3
28195,user_2610,2
28628,user_2610,1
44525,user_2610,3
555994,user_2610,5
147,user_2611,3
14636,user_2611,2
16825,user_2611,4
17558,user_2611,1
19165,user_2611,1
19236,user_2611,5
40344,user_2611,2
219972,user_2611,4
670703,user_2611,4
682502,user_2611,5
1236,user_2620,1
2586,user_2620,5
3469,user_2620,3
9904,user_2620,5
11786,user_2620,4
14636,user_2620,2
16944,user_2620,2
17573,user_2620,5
22104,user_2620,4
28195,user_2620,4
37972,user_2620,4
49428,user_2620,1
364942,user_2620,5
487911,user_2620,1
865,user_2626,4
2226,user_2626,2
2416,user_2626,5
4806,user_2626,1
9801,user_2626,4
9984,user_2626,5
10643,user_2626,5
12143,user_2626,1
12980,user_2626,4
17597,user_2626,1
19672,user_2626,2
28082,user_2626,3
58876,user_2626,1
2266,user_2640,2
2354,user_2640,2
2828,user_2640,4
4747,user_2640,5
5978,user_2640,3
10141,user_2640,5
10342,user_2640,3
11786,user_2640,3
13796,user_2640,2
15022,user_2640,1
15958,user_2640,2
19570,user_2640,2
19672,user_2640,5
19716,user_2640,4
58497,user_2640,5
58921,user_2640,2
558986,user_2640,5
758,user_2641,3
10025,user_2641,3
10090,user_2641,1
11971,user_2641,2
12073,user_2641,1
17535,user_2641,1
52389,user_2641,1
485203,user_2641,4
672441,user_2641,4
1077,user_2646,2
1630,user_2646,1
7241,user_2646,1
11428,user_2646,2
12279,user_2646,3
12914,user_2646,1
16716,user_2646,5
17676,user_2646,1
17863,user_2646,3
17977,user_2646,1
19935,user_2646,5
23292,user_2646,2
28160,user_2646,5
39035,user_2646,5
398407,user_2646,1
452645,user_2646,1
502117,user_2646,4
521,user_2648,2
2060,user_2648,2
4490,user_2648,5
15730,user_2648,5
20020,user_2648,3
21683,user_2648,5
22900,user_2648,2
28480,user_2648,3
62627,user_2648,3
308157,user_2648,1
367044,user_2648,4
692669,user_2648,2
657,user_2658,3
1670,user_2658,2
3135,user_2658,4
9668,user_2658,1
10370,user_2658,5
13280,user_2658,4
20133,user_2658,4
21586,user_2658,3
22193,user_2658,4
22256,user_2658,4
62359,user_2658,3
322240,user_2658,4
452645,user_2658,4
484828,user_2658,2
682502,user_2658,5
471,user_266,5
19646,user_266,4
21687,user_266,4
28082,user_266,4
28628,user_266,4
29593,user_266,3
51179,user_266,3
119,user_2666,2
3892,user_2666,3
6303,user_2666,3
13892,user_2666,2
18097,user_2666,1
21683,user_2666,1
28110,user_2666,4
59688,user_2666,1
60012,user_2666,3
398423,user_2666,3
419295,user_2666,3
49,user_2667,2
1412,user_2667,4
3323,user_2667,5
3598,user_2667,4
16404,user_2667,4
19278,user_2667,3
19740,user_2667,4
28082,user_2667,3
35402,user_2667,2
42391,user_2667,3
59986,user_2667,1
62422,user_2667,1
62897,user_2667,4
447825,user_2667,4
155,user_267,1
1009,user_267,1
13038,user_267,5
14285,user_267,1
19994,user_267,5
21926,user_267,4
28480,user_267,5
28620,user_267,1
52176,user_267,4
262437,user_267,3
364942,user_267,5
430254,user_267,3
437059,user_267,1
432,user_2674,1
2243,user_2674,5
3533,user_2674,5
4032,user_2674,3
5621,user_2674,4
11193,user_2674,4
16969,user_2674,4
17731,user_2674,1
19574,user_2674,5
19829,user_2674,1
21926,user_2674,5
40645,user_2674,3
44641,user_2674,4
51230,user_2674,3
52384,user_2674,3
564757,user_2674,2
471,user_2677,2
533,user_2677,2
20154,user_2677,3
21691,user_2677,1
22121,user_2677,1
47594,user_2677,3
49300,user_2677,2
61152,user_2677,1
371831,user_2677,2
616688,user_2677,2
10142,user_2679,4
13688,user_2679,4
14974,user_2679,2
53239,user_2679,3
53446,user_2679,3
58777,user_2679,1
59700,user_2679,4
264828,user_2679,5
295021,user_2679,2
370222,user_2679,1
432,user_2689,5
3323,user_2689,4
4507,user_2689,4
9801,user_2689,2
18207,user_2689,5
19165,user_2689,4
19794,user_2689,4
52371,user_2689,1
2060,user_2693,3
15323,user_2693,5
15905,user_2693,3
16106,user_2693,3
16414,user_2693,5
28608,user_2693,1
28615,user_2693,4
45109,user_2693,3
47613,user_2693,2
326243,user_2693,3
865,user_2696,1
1854,user_2696,4
2524,user_2696,2
9638,user_2696,2
14154,user_2696,2
16404,user_2696,4
16453,user_2696,3
21285,user_2696,1
295021,user_2696,2
397481,user_2696,3
485203,user_2696,5
650605,user_2696,3
12074,user_2698,3
12447,user_2698,1
13305,user_2698,4
16961,user_2698,4
18777,user_2698,3
20466,user_2698,2
23576,user_2698,1
28300,user_2698,5
322240,user_2698,2
411611,user_2698,5
494384,user_2698,5
502117,user_2698,3
564757,user_2698,3
474,user_2699,5
2574,user_2699,5
3371,user_2699,1
3598,user_2699,4
4507,user_2699,5
9871,user_2699,2
10090,user_2699,2
11052,user_2699,1
15022,user_2699,4
17177,user_2699,5
19610,user_2699,2
28154,user_2699,2
40645,user_2699,3
41656,user_2699,3
59640,user_2699,1
432,user_27,4
471,user_27,1
3561,user_27,5
5524,user_27,1
6319,user_27,2
10668,user_27,1
11142,user_27,5
11364,user_27,3
40936,user_27,1
42391,user_27,2
44029,user_27,5
47613,user_27,5
327232,user_27,5
10661,user_2702,3
12678,user_2702,4
16704,user_2702,2
18097,user_2702,5
20481,user_2702,4
20570,user_2702,1
27022,user_2702,3
257195,user_2702,5
398423,user_2702,4
11366,user_2711,1
17633,user_2711,5
20723,user_2711,3
29383,user_2711,5
36357,user_2711,3
248521,user_2711,1
324992,user_2711,4
2949,user_273,5
3533,user_273,1
3574,user_273,3
4247,user_273,2
19426,user_273,1
19574,user_273,4
21926,user_273,3
28154,user_273,3
63845,user_273,1
272483,user_273,3
274760,user_273,3
475071,user_273,2
537744,user_273,1
799323,user_273,3
3990,user_2732,1
12893,user_2732,5
17607,user_2732,5
17703,user_2732,1
18777,user_2732,3
19603,user_2732,4
21305,user_2732,1
47381,user_2732,4
275636,user_2732,1
349870,user_2732,5
881,user_2736,2
2949,user_2736,4
3763,user_2736,1
3790,user_2736,2
4228,user_2736,3
9731,user_2736,4
9774,user_2736,3
10532,user_2736,1
11364,user_2736,1
14933,user_2736,1
25173,user_2736,5
31906,user_2736,4
38491,user_2736,2
45691,user_2736,4
47594,user_2736,1
327260,user_2736,5
437042,user_2736,2
452647,user_2736,1
388,user_275,3
840,user_275,5
1682,user_275,2
3358,user_275,4
4234,user_275,5
4477,user_275,2
9744,user_275,1
12344,user_275,1
15337,user_275,5
21691,user_275,3
58777,user_275,3
327209,user_275,5
411611,user_275,2
616688,user_275,3
362,user_2754,5
2271,user_2754,2
3627,user_2754,4
13020,user_2754,5
18614,user_2754,3
19057,user_2754,2
20020,user_2754,4
22158,user_2754,5
44641,user_2754,5
45821,user_2754,5
51617,user_2754,4
52384,user_2754,4
287337,user_2754,2
295090,user_2754,2
366881,user_2754,5
371831,user_2754,2
13038,user_2758,2
13280,user_2758,1
18712,user_2758,5
20803,user_2758,2
37972,user_2758,4
38808,user_2758,1
58816,user_2758,1
264828,user_2758,1
319239,user_2758,5
155,user_2760,4
2037,user_2760,2
4561,user_2760,1
7778,user_2760,3
9644,user_2760,3
10670,user_2760,2
19165,user_2760,2
28570,user_2760,1
57885,user_2760,1
58816,user_2760,3
323051,user_2760,5
2226,user_2766,5
3194,user_2766,2
5940,user_2766,1
11791,user_2766,3
14922,user_2766,1
15406,user_2766,3
59640,user_2766,1
59796,user_2766,4
371831,user_2766,3
564757,user_2766,4
3627,user_2770,4
4561,user_2770,3
12146,user_2770,1
12447,user_2770,2
13852,user_2770,5
19436,user_2770,5
20717,user_2770,2
20756,user_2770,1
21416,user_2770,1
28608,user_2770,4
51507,user_2770,1
62534,user_2770,2
62897,user_2770,5
573124,user_2770,3
795370,user_2770,1
2634,user_2781,4
4471,user_2781,5
13104,user_2781,5
17676,user_2781,5
17921,user_2781,1
21411,user_2781,1
46066,user_2781,5
51507,user_2781,4
58551,user_2781,5
4031,user_2786,3
12074,user_2786,3
16178,user_2786,3
17790,user_2786,2
20239,user_2786,4
20319,user_2786,3
23613,user_2786,4
29207,user_2786,4
42858,user_2786,2
367044,user_2786,2
620,user_2788,4
3763,user_2788,3
5426,user_2788,4
6319,user_2788,5
9668,user_2788,1
9904,user_2788,3
11791,user_2788,5
16254,user_2788,5
17633,user_2788,1
21926,user_2788,5
28623,user_2788,1
62627,user_2788,3
282807,user_2788,4
324992,user_2788,3
349870,user_2788,1
2060,user_2789,5
4499,user_2789,5
5511,user_2789,4
9904,user_2789,2
9984,user_2789,1
10928,user_2789,3
14123,user_2789,2
14544,user_2789,5
15860,user_2789,2
19459,user_2789,1
19608,user_2789,3
423950,user_2789,5
3328,user_2792,1
4137,user_2792,3
15687,user_2792,4
17179,user_2792,1
17878,user_2792,4
18698,user_2792,2
18849,user_2792,5
51507,user_2792,5
67623,user_2792,4
233858,user_2792,2
798,user_2793,3
5542,user_2793,1
12279,user_2793,2
14397,user_2793,2
14544,user_2793,5
17417,user_2793,2
17863,user_2793,1
18632,user_2793,4
21305,user_2793,2
28533,user_2793,4
50778,user_2793,4
484852,user_2793,4
766,user_2795,2
1922,user_2795,3
3598,user_2795,5
3990,user_2795,3
7441,user_2795,2
10068,user_2795,3
10575,user_2795,2
12300,user_2795,1
12893,user_2795,5
13734,user_2795,1
15856,user_2795,1
16024,user_2795,3
17188,user_2795,4
59023,user_2795,3
292840,user_2795,2
573119,user_2795,1
20,user_2804,1
499,user_2804,3
2157,user_2804,4
3290,user_2804,1
3371,user_2804,1
4477,user_2804,1
18698,user_2804,4
19617,user_2804,1
20133,user_2804,5
21926,user_2804,1
21958,user_2804,2
27023,user_2804,1
61152,user_2804,2
499264,user_2804,2
736427,user_2804,2
865,user_2805,3
881,user_2805,5
3339,user_2805,5
4901,user_2805,3
13734,user_2805,5
17252,user_2805,2
18183,user_2805,1
388968,user_2805,5
842395,user_2805,1
3290,user_281,3
4356,user_281,3
14154,user_281,4
21687,user_281,1
28075,user_281,3
40302,user_281,1
44764,user_281,4
57596,user_281,4
59155,user_281,1
400298,user_281,5
750344,user_281,1
865,user_2810,3
1009,user_2810,2
1575,user_2810,5
3771,user_2810,1
3790,user_2810,3
4561,user_2810,5
11163,user_2810,5
28623,user_2810,5
40344,user_2810,1
45342,user_2810,4
51877,user_2810,2
52389,user_2810,4
52939,user_2810,1
257202,user_2810,2
274571,user_2810,5
563419,user_2810,3
3771,user_2815,4
11559,user_2815,4
15862,user_2815,3
18097,user_2815,1
19351,user_2815,2
45109,user_2815,3
53478,user_2815,2
650605,user_2815,3
865,user_2816,2
2138,user_2816,2
5426,user_2816,1
11366,user_2816,1
15406,user_2816,5
19236,user_2816,4
28300,user_2816,4
327232,user_2816,4
412477,user_2816,4
20,user_2818,3
4032,user_2818,1
12024,user_2818,2
12279,user_2818,3
12470,user_2818,3
14154,user_2818,3
15362,user_2818,1
16174,user_2818,5
17315,user_2818,4
20723,user_2818,5
349677,user_2818,1
484718,user_2818,4
682502,user_2818,3
521,user_2824,1
1670,user_2824,4
1922,user_2824,2
10398,user_2824,3
10532,user_2824,3
17998,user_2824,5
21816,user_2824,5
37907,user_2824,5
44725,user_2824,1
672441,user_2824,4
194,user_2838,1
2098,user_2838,1
2634,user_2838,1
9904,user_2838,5
11791,user_2838,1
13633,user_2838,5
13777,user_2838,2
18286,user_2838,5
19794,user_2838,5
20995,user_2838,5
46410,user_2838,4
53239,user_2838,3
349515,user_2838,1
359373,user_2838,4
966,user_2844,4
3790,user_2844,4
5678,user_2844,5
16704,user_2844,4
19359,user_2844,5
35402,user_2844,2
45109,user_2844,5
51179,user_2844,1
53478,user_2844,4
2674,user_2847,4
3631,user_2847,2
5621,user_2847,1
15323,user_2847,3
15687,user_2847,5
15905,user_2847,3
16467,user_2847,4
16704,user_2847,5
17685,user_2847,2
19639,user_2847,4
28620,user_2847,1
46410,user_2847,5
214,user_2849,5
3771,user_2849,5
10004,user_2849,1
11682,user_2849,4
12319,user_2849,5
12678,user_2849,5
13038,user_2849,1
14913,user_2849,2
15406,user_2849,3
15615,user_2849,5
16954,user_2849,3
19165,user_2849,3
19274,user_2849,3
19608,user_2849,1
21448,user_2849,3
274766,user_2849,2
799323,user_2849,1
4499,user_2851,1
17573,user_2851,4
19574,user_2851,2
28547,user_2851,1
61725,user_2851,3
233858,user_2851,2
308157,user_2851,2
397471,user_2851,4
362,user_2853,2
1236,user_2853,2
9904,user_2853,5
11548,user_2853,4
13513,user_2853,1
13688,user_2853,3
15335,user_2853,1
17676,user_2853,3
17790,user_2853,1
18240,user_2853,1
19347,user_2853,3
28627,user_2853,3
29207,user_2853,2
47381,user_2853,4
53341,user_2853,1
62409,user_2853,2
349679,user_2853,5
484531,user_2853,5
484852,user_2853,1
4571,user_2858,2
12143,user_2858,3
15404,user_2858,4
17085,user_2858,2
29207,user_2858,2
41656,user_2858,5
51617,user_2858,4
327212,user_2858,5
412477,user_2858,1
499,user_2860,5
1509,user_2860,1
1630,user_2860,1
2219,user_2860,2
3371,user_2860,4
12678,user_2860,1
13305,user_2860,2
14088,user_2860,1
17177,user_2860,4
17790,user_2860,4
19541,user_2860,3
38197,user_2860,1
40302,user_2860,1
52372,user_2860,3
419295,user_2860,2
619806,user_2860,4
670703,user_2860,2
1943,user_2864,4
2243,user_2864,5
4036,user_2864,3
5542,user_2864,1
10118,user_2864,4
12121,user_2864,4
12319,user_2864,5
22193,user_2864,2
43253,user_2864,3
45342,user_2864,2
46508,user_2864,5
379486,user_2864,3
388,user_2875,3
3186,user_2875,4
4356,user_2875,1
6256,user_2875,1
11142,user_2875,1
13633,user_2875,2
14096,user_2875,1
15687,user_2875,1
19541,user_2875,2
323051,user_2875,1
371831,user_2875,2
6303,user_2879,2
10031,user_2879,3
10293,user_2879,2
10297,user_2879,3
17417,user_2879,4
18286,user_2879,4
20020,user_2879,5
58754,user_2879,2
275636,user_2879,4
2115,user_2883,3
3498,user_2883,2
4356,user_2883,3
7613,user_2883,2
11329,user_2883,4
12914,user_2883,3
12980,user_2883,3
13892,user_2883,5
18777,user_2883,4
19590,user_2883,2
23576,user_2883,4
28480,user_2883,5
40368,user_2883,4
58921,user_2883,5
447825,user_2883,5
555994,user_2883,3
586054,user_2883,5
17286,user_289,3
19608,user_289,5
21229,user_289,5
40344,user_289,5
44725,user_289,2
366852,user_289,2
398423,user_289,5
484852,user_289,4
2243,user_2892,4
2866,user_2892,4
14317,user_2892,3
14895,user_2892,2
15861,user_2892,4
16954,user_2892,3
18286,user_2892,4
28089,user_2892,2
58585,user_2892,4
419295,user_2892,5
427733,user_2892,2
2098,user_2894,2
2243,user_2894,2
3897,user_2894,1
3990,user_2894,4
11052,user_2894,4
14099,user_2894,1
46066,user_2894,4
397471,user_2894,3
3757,user_2898,5
9774,user_2898,2
14974,user_2898,3
20212,user_2898,1
21119,user_2898,2
28082,user_2898,5
28300,user_2898,2
32734,user_2898,3
55526,user_2898,3
57596,user_2898,5
359373,user_2898,4
400298,user_2898,4
485203,user_2898,4
507151,user_2898,3
573123,user_2898,3
401,user_2899,4
2639,user_2899,5
2709,user_2899,4
4649,user_2899,1
9603,user_2899,4
11350,user_2899,5
13796,user_2899,1
16178,user_2899,3
17179,user_2899,3
17878,user_2899,3
21305,user_2899,2
53239,user_2899,3
487911,user_2899,4
600924,user_2899,3
10342,user_2900,3
11831,user_2900,2
17417,user_2900,2
21170,user_2900,4
21683,user_2900,1
31906,user_2900,1
35573,user_2900,5
314402,user_2900,2
349515,user_2900,2
3923,user_2905,3
9066,user_2905,2
9824,user_2905,3
9840,user_2905,5
15905,user_2905,2
17926,user_2905,3
21119,user_2905,2
53239,user_2905,3
400298,user_2905,1
1391,user_2912,2
2145,user_2912,4
3923,user_2912,2
4561,user_2912,1
9668,user_2912,3
11193,user_2912,5
15335,user_2912,3
16024,user_2912,3
16726,user_2912,5
19672,user_2912,1
21631,user_2912,4
22439,user_2912,4
43253,user_2912,5
60546,user_2912,3
11448,user_2916,5
12073,user_2916,1
12447,user_2916,1
12649,user_2916,2
15687,user_2916,4
22439,user_2916,4
22911,user_2916,2
23322,user_2916,3
52372,user_2916,2
52384,user_2916,1
58975,user_2916,3
284674,user_2916,3
442847,user_2916,3
484828,user_2916,2
123,user_2918,2
1854,user_2918,4
16825,user_2918,4
17085,user_2918,2
19374,user_2918,1
19794,user_2918,3
22256,user_2918,4
27023,user_2918,3
349677,user_2918,5
497993,user_2918,4
3134,user_2925,4
4032,user_2925,3
4618,user_2925,2
5688,user_2925,4
10661,user_2925,1
14729,user_2925,3
16024,user_2925,2
46508,user_2925,2
3579,user_2942,2
7353,user_2942,4
10110,user_2942,5
12732,user_2942,1
12980,user_2942,5
14729,user_2942,2
16726,user_2942,5
18654,user_2942,1
19351,user_2942,1
27977,user_2942,1
42857,user_2942,3
58818,user_2942,1
233858,user_2942,4
2226,user_2946,2
4228,user_2946,1
12649,user_2946,2
14317,user_2946,5
19731,user_2946,2
20568,user_2946,5
25965,user_2946,4
28082,user_2946,5
49790,user_2946,4
349515,user_2946,5
966,user_2947,5
3923,user_2947,4
13886,user_2947,1
17558,user_2947,4
27023,user_2947,1
47361,user_2947,3
60546,user_2947,1
388,user_2949,5
604,user_2949,4
2138,user_2949,4
2709,user_2949,3
3450,user_2949,3
3598,user_2949,2
4471,user_2949,2
4901,user_2949,1
14913,user_2949,4
29338,user_2949,3
29383,user_2949,2
32734,user_2949,2
43253,user_2949,1
46602,user_2949,1
290894,user_2949,5
420000,user_2949,4
1009,user_2951,1
2287,user_2951,2
3168,user_2951,5
3450,user_2951,3
3790,user_2951,4
12893,user_2951,3
13627,user_2951,5
16178,user_2951,5
17661,user_2951,1
17685,user_2951,1
17803,user_2951,2
20133,user_2951,2
51877,user_2951,4
58975,user_2951,2
1630,user_2952,2
3892,user_2952,2
15075,user_2952,2
15856,user_2952,3
19057,user_2952,3
19359,user_2952,1
60012,user_2952,5
64491,user_2952,1
284674,user_2952,3
278,user_2953,1
1140,user_2953,4
4032,user_2953,1
13892,user_2953,1
16453,user_2953,2
22790,user_2953,2
28089,user_2953,1
258322,user_2953,1
388968,user_2953,1
123,user_2964,5
817,user_2964,4
14290,user_2964,4
19524,user_2964,3
19588,user_2964,2
28534,user_2964,4
52179,user_2964,1
61725,user_2964,3
233858,user_2964,2
251596,user_2964,4
327212,user_2964,5
380786,user_2964,2
427733,user_2964,5
484852,user_2964,3
2764,user_2969,4
7353,user_2969,5
11831,user_2969,4
14088,user_2969,1
14544,user_2969,1
15500,user_2969,4
16726,user_2969,1
17794,user_2969,3
20239,user_2969,2
20709,user_2969,3
23292,user_2969,2
51690,user_2969,2
326243,user_2969,4
672441,user_2969,1
1559,user_2971,2
4747,user_2971,1
6319,user_2971,5
11971,user_2971,5
13513,user_2971,3
22911,user_2971,5
51081,user_2971,3
842395,user_2971,5
3498,user_2973,5
4361,user_2973,2
9997,user_2973,4
19646,user_2973,1
20570,user_2973,4
262433,user_2973,1
616697,user_2973,2
3323,user_2977,4
6256,user_2977,3
12280,user_2977,5
16453,user_2977,2
19284,user_2977,2
46066,user_2977,2
46543,user_2977,3
47234,user_2977,3
58751,user_2977,5
62627,user_2977,5
62897,user_2977,4
268363,user_2977,3
59,user_2982,3
342,user_2982,1
1854,user_2982,1
3186,user_2982,2
3757,user_2982,1
4274,user_2982,1
10025,user_2982,3
15349,user_2982,1
17536,user_2982,4
18000,user_2982,5
18286,user_2982,5
18777,user_2982,2
22900,user_2982,2
27978,user_2982,5
62409,user_2982,1
87,user_2989,5
3323,user_2989,3
3533,user_2989,4
10110,user_2989,2
19459,user_2989,2
19594,user_2989,3
19606,user_2989,5
21816,user_2989,2
27022,user_2989,2
47234,user_2989,3
51877,user_2989,2
58809,user_2989,4
2828,user_299,2
9986,user_299,2
16178,user_299,3
19608,user_299,2
52371,user_299,4
59640,user_299,5
388383,user_299,4
428966,user_299,4
475071,user_299,4
750344,user_299,3
278,user_2992,5
432,user_2992,1
674,user_2992,1
7317,user_2992,5
13913,user_2992,3
16880,user_2992,3
19347,user_2992,4
19716,user_2992,3
20154,user_2992,5
29383,user_2992,3
1670,user_2993,4
10342,user_2993,3
11559,user_2993,5
16716,user_2993,4
17548,user_2993,2
24493,user_2993,2
28089,user_2993,1
275606,user_2993,5
1682,user_2994,5
3226,user_2994,5
3450,user_2994,2
4459,user_2994,2
9606,user_2994,2
10068,user_2994,2
10745,user_2994,4
10791,user_2994,1
14290,user_2994,2
19236,user_2994,4
28160,user_2994,1
40302,user_2994,1
51179,user_2994,5
412477,user_2994,4
1140,user_30,1
2796,user_30,3
3316,user_30,4
17573,user_30,5
18699,user_30,5
21119,user_30,3
21816,user_30,1
23613,user_30,5
37907,user_30,3
38146,user_30,2
41336,user_30,2
275606,user_30,5
322240,user_30,3
475071,user_30,5
497993,user_30,4
798,user_300,2
2266,user_300,5
4036,user_300,4
8845,user_300,5
9904,user_300,2
14614,user_300,3
15126,user_300,1
21170,user_300,1
22837,user_300,5
29383,user_300,2
398407,user_300,3
20,user_3003,3
499,user_3003,2
7353,user_3003,2
10293,user_3003,3
12678,user_3003,3
13856,user_3003,1
23576,user_3003,1
28300,user_3003,2
37972,user_3003,5
40302,user_3003,1
60586,user_3003,3
370222,user_3003,2
586054,user_3003,5
2709,user_3005,4
4649,user_3005,1
13020,user_3005,5
13514,user_3005,5
16726,user_3005,2
27022,user_3005,2
27978,user_3005,4
28089,user_3005,5
44764,user_3005,5
52389,user_3005,4
61725,user_3005,4
387328,user_3005,4
9644,user_3006,2
12649,user_3006,4
13038,user_3006,2
16704,user_3006,3
27977,user_3006,4
42776,user_3006,2
42912,user_3006,1
62422,user_3006,3
2866,user_3010,1
13688,user_3010,5
15323,user_3010,3
15335,user_3010,5
17926,user_3010,5
28110,user_3010,3
44764,user_3010,4
60586,user_3010,5
274766,user_3010,5
275606,user_3010,2
868085,user_3010,1
758,user_3011,2
1030,user_3011,5
3687,user_3011,5
4247,user_3011,4
9801,user_3011,3
10342,user_3011,2
11188,user_3011,1
19740,user_3011,1
21691,user_3011,4
28615,user_3011,2
38197,user_3011,4
44972,user_3011,4
400298,user_3011,4
517399,user_3011,4
604,user_3014,2
4490,user_3014,4
10180,user_3014,3
15335,user_3014,3
16008,user_3014,1
16116,user_3014,5
17998,user_3014,1
51321,user_3014,3
287337,user_3014,5
558984,user_3014,1
87,user_3016,4
432,user_3016,5
5978,user_3016,2
9668,user_3016,3
11383,user_3016,3
13020,user_3016,2
14895,user_3016,2
15479,user_3016,3
17921,user_3016,4
18742,user_3016,1
20570,user_3016,2
27023,user_3016,3
28300,user_3016,3
28604,user_3016,1
257195,user_3016,5
319239,user_3016,5
147,user_3022,4
10670,user_3022,4
12291,user_3022,5
17056,user_3022,5
18397,user_3022,1
22547,user_3022,2
62897,user_3022,5
388968,user_3022,4
709179,user_3022,2
2634,user_3023,1
3194,user_3023,4
14447,user_3023,3
15500,user_3023,1
16042,user_3023,4
17803,user_3023,5
17863,user_3023,4
19347,user_3023,5
22014,user_3023,2
20,user_3025,2
194,user_3025,4
2838,user_3025,1
3628,user_3025,4
9731,user_3025,2
10398,user_3025,2
11188,user_3025,5
18286,user_3025,3
18797,user_3025,4
21305,user_3025,2
302857,user_3025,4
326292,user_3025,4
387328,user_3025,2
802000,user_3025,5
966,user_3028,4
3757,user_3028,2
4137,user_3028,1
12447,user_3028,1
13913,user_3028,4
14933,user_3028,3
15856,user_3028,4
17731,user_3028,5
19165,user_3028,1
20570,user_3028,2
21411,user_3028,5
44431,user_3028,4
442847,user_3028,3
275,user_3037,3
4057,user_3037,4
14913,user_3037,4
19196,user_3037,2
19467,user_3037,1
24478,user_3037,3
44525,user_3037,4
257202,user_3037,2
389054,user_3037,5
437059,user_3037,2
275,user_3041,3
2138,user_3041,3
3194,user_3041,3
4618,user_3041,5
8777,user_3041,3
12140,user_3041,3
12280,user_3041,2
12291,user_3041,1
13305,user_3041,1
15362,user_3041,2
15896,user_3041,1
47430,user_3041,3
324992,user_3041,3
370222,user_3041,4
586054,user_3041,3
1818,user_3046,2
2243,user_3046,5
10090,user_3046,4
12143,user_3046,5
13305,user_3046,5
16825,user_3046,5
19467,user_3046,5
19994,user_3046,5
27977,user_3046,2
29383,user_3046,1
419295,user_3046,2
497993,user_3046,2
558984,user_3046,5
155,user_3047,5
498,user_3047,4
499,user_3047,3
18286,user_3047,3
19555,user_3047,2
20570,user_3047,2
28533,user_3047,2
42391,user_3047,3
268363,user_3047,5
274571,user_3047,4
283973,user_3047,4
357891,user_3047,1
452634,user_3047,3
672441,user_3047,2
4228,user_3051,1
5445,user_3051,4
10047,user_3051,5
11329,user_3051,1
15077,user_3051,2
16612,user_3051,3
22014,user_3051,3
28480,user_3051,1
35402,user_3051,1
39277,user_3051,1
45821,user_3051,2
51487,user_3051,5
398414,user_3051,4
494384,user_3051,3
3087,user_3053,3
4901,user_3053,1
9731,user_3053,3
12074,user_3053,3
12300,user_3053,3
40302,user_3053,1
51617,user_3053,2
57596,user_3053,1
58754,user_3053,5
322240,user_3053,5
517399,user_3053,3
2219,user_3060,5
2284,user_3060,2
2960,user_3060,5
3687,user_3060,3
14015,user_3060,3
17661,user_3060,5
17863,user_3060,5
19374,user_3060,5
20253,user_3060,5
22121,user_3060,1
46508,user_3060,1
275606,user_3060,5
299569,user_3060,3
349515,user_3060,3
494384,user_3060,1
29,user_3078,4
1509,user_3078,3
2289,user_3078,2
2820,user_3078,5
3328,user_3078,4
10638,user_3078,1
17085,user_3078,2
19278,user_3078,4
21448,user_3078,2
62409,user_3078,2
430254,user_3078,2
532482,user_3078,3
134,user_308,5
1509,user_308,2
2100,user_308,1
4618,user_308,3
5511,user_308,2
10090,user_308,1
10141,user_308,1
14265,user_308,4
17685,user_308,3
22900,user_308,4
45342,user_308,5
53478,user_308,2
573123,user_308,3
802000,user_308,2
3344,user_3084,4
3598,user_3084,2
11192,user_3084,1
13777,user_3084,4
36357,user_3084,1
39093,user_3084,5
4490,user_309,2
11364,user_309,5
19584,user_309,4
20253,user_309,2
20723,user_309,4
42776,user_309,3
514899,user_309,2
564757,user_309,4
650605,user_309,1
3087,user_3091,3
7353,user_3091,5
8622,user_3091,4
10068,user_3091,2
10532,user_3091,4
16915,user_3091,1
18285,user_3091,3
18614,user_3091,1
19351,user_3091,1
44641,user_3091,2
616688,user_3091,2
1575,user_3092,5
2271,user_3092,4
2289,user_3092,1
2709,user_3092,4
2925,user_3092,5
3214,user_3092,1
12121,user_3092,5
14614,user_3092,1
17863,user_3092,2
19520,user_3092,1
20212,user_3092,5
21170,user_3092,4
29338,user_3092,5
43253,user_3092,3
2287,user_3096,5
5542,user_3096,3
11971,user_3096,1
14265,user_3096,2
14974,user_3096,1
15404,user_3096,4
16164,user_3096,4
17878,user_3096,4
22014,user_3096,5
24877,user_3096,2
50351,user_3096,4
62897,user_3096,5
5524,user_3104,5
14099,user_3104,5
20515,user_3104,3
29109,user_3104,2
37972,user_3104,3
42857,user_3104,2
295090,user_3104,3
10661,user_3106,5
15479,user_3106,5
17252,user_3106,2
17372,user_3106,1
17863,user_3106,1
51690,user_3106,5
257202,user_3106,1
380786,user_3106,2
502117,user_3106,4
586054,user_3106,2
795632,user_3106,4
1077,user_3109,3
1283,user_3109,5
10594,user_3109,5
11193,user_3109,1
17056,user_3109,5
17835,user_3109,5
18797,user_3109,4
23943,user_3109,3
28627,user_3109,5
50675,user_3109,3
274766,user_3109,5
387247,user_3109,1
4057,user_311,3
12146,user_311,1
18849,user_311,1
19570,user_311,4
35519,user_311,2
51081,user_311,4
2820,user_3111,2
9606,user_3111,2
10180,user_3111,1
11559,user_3111,2
15860,user_3111,4
16612,user_3111,5
17597,user_3111,4
20017,user_3111,2
22104,user_3111,2
29391,user_3111,3
47234,user_3111,2
349679,user_3111,1
367044,user_3111,3
484531,user_3111,4
497993,user_3111,1
3923,user_3113,5
12649,user_3113,2
13796,user_3113,1
14123,user_3113,5
14722,user_3113,2
16437,user_3113,4
19542,user_3113,2
21510,user_3113,2
21926,user_3113,2
23011,user_3113,2
28089,user_3113,2
46543,user_3113,1
58826,user_3113,1
62534,user_3113,1
292080,user_3113,5
278,user_3116,2
3956,user_3116,4
18395,user_3116,3
28300,user_3116,1
29383,user_3116,4
40645,user_3116,3
45342,user_3116,3
47594,user_3116,3
357891,user_3116,1
452649,user_3116,4
842395,user_3116,5
471,user_3119,2
538,user_3119,4
2226,user_3119,2
2634,user_3119,2
9774,user_3119,1
14123,user_3119,5
14913,user_3119,4
17535,user_3119,5
18271,user_3119,4
60546,user_3119,5
426096,user_3119,2
428072,user_3119,4
2145,user_3121,2
14446,user_3121,1
16191,user_3121,2
17188,user_3121,1
19426,user_3121,5
389054,user_3121,3
555994,user_3121,4
1019,user_3126,5
3339,user_3126,3
9824,user_3126,3
12720,user_3126,1
15075,user_3126,4
18097,user_3126,3
36357,user_3126,4
41336,user_3126,1
58751,user_3126,1
387328,user_3126,2
115,user_314,3
2828,user_314,5
7317,user_314,4
14729,user_314,2
19584,user_314,1
19594,user_314,5
29218,user_314,4
44764,user_314,4
51690,user_314,4
57596,user_314,2
59155,user_314,4
319239,user_314,1
539,user_3142,4
3044,user_3142,2
3598,user_3142,3
15126,user_3142,3
15615,user_3142,4
17835,user_3142,1
19794,user_3142,3
21683,user_3142,2
28540,user_3142,4
319239,user_3142,3
327232,user_3142,4
426096,user_3142,1
484531,user_3142,3
9644,user_3144,5
12280,user_3144,3
15861,user_3144,3
22193,user_3144,4
371832,user_3144,5
452645,user_3144,1
2674,user_3146,5
4057,user_3146,4
10928,user_3146,3
16726,user_3146,2
17252,user_3146,3
18698,user_3146,2
20466,user_3146,4
29338,user_3146,2
35402,user_3146,1
51507,user_3146,4
274571,user_3146,2
423950,user_3146,3
428966,user_3146,5
538,user_3168,3
2289,user_3168,2
8777,user_3168,5
13280,user_3168,4
13694,user_3168,4
14265,user_3168,3
17315,user_3168,5
18629,user_3168,3
19347,user_3168,1
19994,user_3168,5
28160,user_3168,3
29391,user_3168,2
61415,user_3168,3
257202,user_3168,5
432,user_3173,1
2889,user_3173,2
3186,user_3173,3
3424,user_3173,4
6319,user_3173,1
12649,user_3173,1
14527,user_3173,5
14614,user_3173,2
28608,user_3173,3
44641,user_3173,1
62359,user_3173,2
287337,user_3173,2
494393,user_3173,3
795632,user_3173,4
2100,user_3179,1
2820,user_3179,4
2838,user_3179,4
3498,user_3179,1
3748,user_3179,1
4274,user_3179,5
11142,user_3179,4
17535,user_3179,1
19467,user_3179,3
21416,user_3179,4
21926,user_3179,3
362,user_3180,1
840,user_3180,1
4032,user_3180,1
4901,user_3180,1
7241,user_3180,1
16649,user_3180,4
18698,user_3180,3
257377,user_3180,2
274571,user_3180,2
484842,user_3180,2
764,user_3181,2
2639,user_3181,1
3897,user_3181,4
4649,user_3181,2
14290,user_3181,1
15349,user_3181,1
20568,user_3181,2
21219,user_3181,1
21448,user_3181,4
23943,user_3181,1
47594,user_3181,2
357891,user_3181,5
528689,user_3181,3
1140,user_3183,3
2300,user_3183,5
3323,user_3183,2
4490,user_3183,4
13020,user_3183,1
19518,user_3183,2
19555,user_3183,3
22837,user_3183,3
28201,user_3183,1
715,user_3194,4
2820,user_3194,3
12980,user_3194,2
13038,user_3194,1
15860,user_3194,4
19284,user_3194,2
21359,user_3194,4
388968,user_3194,4
428072,user_3194,5
799323,user_3194,2
4274,user_320,2
4806,user_320,2
7317,user_320,1
10047,user_320,4
12470,user_320,2
16361,user_320,2
17536,user_320,1
17661,user_320,4
27978,user_320,5
29109,user_320,4
39093,user_320,2
52939,user_320,1
349870,user_320,2
400298,user_320,5
2098,user_3203,2
4356,user_3203,1
4519,user_3203,4
9644,user_3203,3
11786,user_3203,4
16825,user_3203,4
17650,user_3203,3
19278,user_3203,5
23734,user_3203,2
29338,user_3203,4
46602,user_3203,4
706,user_3206,2
2570,user_3206,1
6800,user_3206,2
7241,user_3206,2
9801,user_3206,5
10090,user_3206,2
12720,user_3206,2
17878,user_3206,1
18797,user_3206,2
19284,user_3206,2
19608,user_3206,4
22121,user_3206,3
28160,user_3206,5
46066,user_3206,3
798,user_321,5
3469,user_321,1
4284,user_321,5
16817,user_321,1
18397,user_321,5
20570,user_321,4
21098,user_321,1
40645,user_321,3
52368,user_321,2
262433,user_321,2
537744,user_321,2
764,user_3218,2
3790,user_3218,5
14015,user_3218,3
16649,user_3218,4
17731,user_3218,4
17803,user_3218,4
19374,user_3218,4
251596,user_3218,1
452649,user_3218,4
4459,user_322,4
10397,user_322,5
15126,user_322,4
16704,user_322,1
20132,user_322,2
20250,user_322,1
22547,user_322,5
28547,user_322,2
43004,user_322,3
257203,user_322,2
423950,user_322,4
447825,user_322,5
4284,user_3231,1
5621,user_3231,3
12732,user_3231,5
13861,user_3231,3
17835,user_3231,5
19374,user_3231,3
19881,user_3231,1
22121,user_3231,4
795370,user_3231,5
20,user_3233,1
4561,user_3233,2
10638,user_3233,3
12344,user_3233,4
17946,user_3233,2
19058,user_3233,1
19278,user_3233,1
22193,user_3233,5
28604,user_3233,3
61152,user_3233,3
62069,user_3233,5
67623,user_3233,1
327232,user_3233,2
452649,user_3233,1
573123,user_3233,4
715,user_3240,4
2343,user_3240,4
3344,user_3240,2
9831,user_3240,1
13796,user_3240,2
19400,user_3240,1
19794,user_3240,2
21631,user_3240,3
38197,user_3240,4
46508,user_3240,4
428198,user_3240,3
12146,user_3253,1
13861,user_3253,2
15075,user_3253,2
19608,user_3253,4
23600,user_3253,4
42857,user_3253,1
47381,user_3253,1
53478,user_3253,1
538,user_3268,3
2145,user_3268,1
5978,user_3268,2
12074,user_3268,2
13038,user_3268,1
14722,user_3268,2
14933,user_3268,5
20020,user_3268,3
20568,user_3268,1
52342,user_3268,3
52371,user_3268,1
704730,user_3268,5
2115,user_3274,4
2674,user_3274,5
3956,user_3274,3
14468,user_3274,1
17179,user_3274,3
20133,user_3274,2
58751,user_3274,1
275606,user_3274,1
558984,user_3274,1
533,user_3275,5
966,user_3275,2
1509,user_3275,1
9638,user_3275,2
9731,user_3275,3
11329,user_3275,5
19436,user_3275,3
19520,user_3275,2
19603,user_3275,1
24493,user_3275,3
28110,user_3275,1
59700,user_3275,3
59986,user_3275,2
3134,user_3283,4
4499,user_3283,3
11163,user_3283,4
11364,user_3283,4
11460,user_3283,2
12300,user_3283,5
19574,user_3283,2
28559,user_3283,2
302857,user_3283,1
364,user_3284,1
5877,user_3284,1
10278,user_3284,4
10992,user_3284,5
14285,user_3284,4
15406,user_3284,2
15730,user_3284,4
16817,user_3284,3
18699,user_3284,4
19165,user_3284,5
21305,user_3284,1
22911,user_3284,4
25965,user_3284,5
51507,user_3284,4
362895,user_3284,5
2639,user_3286,5
2820,user_3286,5
5877,user_3286,2
10670,user_3286,4
10994,user_3286,4
14397,user_3286,1
16024,user_3286,4
19603,user_3286,4
21683,user_3286,1
28570,user_3286,4
29383,user_3286,2
44725,user_3286,2
58826,user_3286,1
499264,user_3286,4
616697,user_3286,4
672441,user_3286,5
533,user_3288,5
817,user_3288,5
5524,user_3288,3
8777,user_3288,5
9894,user_3288,3
10025,user_3288,1
10575,user_3288,3
11163,user_3288,3
13038,user_3288,4
15687,user_3288,5
16716,user_3288,1
20,user_3290,1
8777,user_3290,5
17926,user_3290,4
19555,user_3290,4
20717,user_3290,5
47594,user_3290,2
257195,user_3290,2
288586,user_3290,4
324992,user_3290,4
369158,user_3290,5
379486,user_3290,5
4519,user_3291,5
10397,user_3291,5
10594,user_3291,5
16414,user_3291,1
19236,user_3291,4
19457,user_3291,3
20250,user_3291,2
21285,user_3291,2
27022,user_3291,1
47379,user_3291,1
532482,user_3291,3
1030,user_3292,3
11188,user_3292,3
15335,user_3292,2
15362,user_3292,5
19576,user_3292,2
22104,user_3292,4
50738,user_3292,2
51230,user_3292,2
52372,user_3292,2
59142,user_3292,2
349677,user_3292,2
397471,user_3292,5
1283,user_3294,2
1412,user_3294,5
2574,user_3294,2
4356,user_3294,1
9644,user_3294,4
10400,user_3294,5
12291,user_3294,2
13886,user_3294,4
15860,user_3294,5
17056,user_3294,2
17315,user_3294,5
18712,user_3294,4
22900,user_3294,1
24877,user_3294,4
27023,user_3294,1
27976,user_3294,3
254604,user_3294,3
616697,user_3294,1
401,user_3302,1
1509,user_3302,5
1630,user_3302,2
9840,user_3302,1
15294,user_3302,4
16361,user_3302,5
19110,user_3302,2
19617,user_3302,2
21416,user_3302,4
23734,user_3302,5
28608,user_3302,1
38808,user_3302,3
257203,user_3302,4
327269,user_3302,3
370222,user_3302,5
842395,user_3302,3
1412,user_3303,1
3358,user_3303,3
8622,user_3303,5
12344,user_3303,5
13861,user_3303,4
14447,user_3303,1
18629,user_3303,1
19542,user_3303,4
295021,user_3303,1
349250,user_3303,3
3763,user_3305,1
9824,user_3305,2
10056,user_3305,2
12279,user_3305,3
17179,user_3305,1
19196,user_3305,1
19518,user_3305,3
20112,user_3305,1
21098,user_3305,3
40936,user_3305,3
47234,user_3305,1
284674,user_3305,3
428072,user_3305,1
846499,user_3305,5
4475,user_3308,2
9871,user_3308,1
13892,user_3308,4
18698,user_3308,3
44431,user_3308,3
52176,user_3308,5
507151,user_3308,5
20,user_331,4
1391,user_331,1
9668,user_331,5
10400,user_331,1
12319,user_331,2
16649,user_331,2
18849,user_331,1
19603,user_331,3
52384,user_331,2
497993,user_331,2
514899,user_331,5
799323,user_331,1
82,user_3312,3
3469,user_3312,3
5363,user_3312,2
10745,user_3312,3
12344,user_3312,2
13852,user_3312,2
18742,user_3312,5
29131,user_3312,3
46543,user_3312,5
52368,user_3312,3
58826,user_3312,5
308157,user_3312,4
437042,user_3312,2
616697,user_3312,1
2343,user_3313,1
3892,user_3313,4
5978,user_3313,4
9668,user_3313,1
10612,user_3313,3
13038,user_3313,2
23011,user_3313,3
23165,user_3313,5
50738,user_3313,2
430254,user_3313,5
502241,user_3313,1
555994,user_3313,5
758,user_3314,5
3450,user_3314,1
9976,user_3314,2
13886,user_3314,1
15479,user_3314,2
19588,user_3314,2
20112,user_3314,3
29207,user_3314,3
387328,user_3314,4
39,user_3317,5
13038,user_3317,2
14729,user_3317,2
16414,user_3317,1
16961,user_3317,1
17794,user_3317,5
19881,user_3317,3
41012,user_3317,3
49428,user_3317,1
53341,user_3317,1
64526,user_3317,3
362895,user_3317,3
119,user_3328,3
11192,user_3328,3
14690,user_3328,2
19576,user_3328,2
19994,user_3328,5
22121,user_3328,5
41656,user_3328,1
326292,user_3328,2
494393,user_3328,1
842395,user_3328,4
3917,user_3329,4
4388,user_3329,5
19374,user_3329,4
19935,user_3329,1
290894,user_3329,1
300689,user_3329,5
371832,user_3329,1
537744,user_3329,2
674,user_3330,3
2570,user_3330,3
2889,user_3330,1
3087,user_3330,1
4507,user_3330,1
5663,user_3330,5
13513,user_3330,5
16164,user_3330,3
51230,user_3330,1
367044,user_3330,2
400298,user_3330,1
494393,user_3330,2
517399,user_3330,1
650605,user_3330,3
34,user_3332,4
401,user_3332,5
4284,user_3332,1
6256,user_3332,4
8777,user_3332,2
12649,user_3332,2
19994,user_3332,1
22121,user_3332,1
52939,user_3332,1
53446,user_3332,3
349250,user_3332,1
370222,user_3332,2
388968,user_3332,4
1090,user_3335,1
2115,user_3335,1
2574,user_3335,5
17252,user_3335,2
22158,user_3335,4
22790,user_3335,4
28300,user_3335,3
380786,user_3335,4
452634,user_3335,1
750344,user_3335,5
802000,user_3335,4
1236,user_3337,3
2634,user_3337,2
3194,user_3337,5
4003,user_3337,2
9976,user_3337,2
14974,user_3337,5
15335,user_3337,5
18367,user_3337,2
21170,user_3337,3
21371,user_3337,5
42064,user_3337,4
67623,user_3337,1
374507,user_3337,3
487911,user_3337,3
1184,user_3346,4
4192,user_3346,1
10141,user_3346,2
11192,user_3346,4
14062,user_3346,3
14099,user_3346,5
21285,user_3346,2
29207,user_3346,1
275636,user_3346,1
369158,user_3346,2
398423,user_3346,2
400298,user_3346,3
2100,user_3348,3
10056,user_3348,3
11364,user_3348,4
13734,user_3348,5
14636,user_3348,5
15274,user_3348,3
15856,user_3348,2
17085,user_3348,4
19274,user_3348,4
47234,user_3348,3
51179,user_3348,2
51877,user_3348,3
316936,user_3348,5
366881,user_3348,4
384521,user_3348,5
9840,user_3366,5
14468,user_3366,1
18000,user_3366,5
18097,user_3366,5
21411,user_3366,1
22121,user_3366,3
61725,user_3366,2
400298,user_3366,2
484842,user_3366,1
546464,user_3366,3
709179,user_3366,4
1559,user_337,4
1682,user_337,1
3757,user_337,3
4036,user_337,5
12291,user_337,2
13345,user_337,2
18285,user_337,2
22734,user_337,3
51617,user_337,3
62627,user_337,1
573124,user_337,3
2709,user_3370,4
14062,user_3370,2
14154,user_3370,2
18629,user_3370,5
19110,user_3370,1
387328,user_3370,3
447815,user_3370,2
2570,user_338,2
5688,user_338,5
12074,user_338,1
13688,user_338,2
14154,user_338,3
14317,user_338,5
17793,user_338,4
29131,user_338,1
349250,user_338,4
447825,user_338,4
194,user_3380,5
13734,user_3380,5
16174,user_3380,1
17790,user_3380,3
19742,user_3380,4
20132,user_3380,1
20154,user_3380,1
20250,user_3380,4
23943,user_3380,5
28533,user_3380,1
46543,user_3380,1
49300,user_3380,4
52179,user_3380,4
507151,user_3380,1
3328,user_3383,3
8278,user_3383,1
13514,user_3383,3
16922,user_3383,4
39093,user_3383,2
52389,user_3383,2
58818,user_3383,1
302857,user_3383,3
387247,user_3383,2
750344,user_3383,2
2889,user_3385,5
12678,user_3385,2
14636,user_3385,5
18654,user_3385,1
19426,user_3385,5
40645,user_3385,5
44725,user_3385,2
53478,user_3385,3
426096,user_3385,1
865,user_3391,2
1184,user_3391,5
2226,user_3391,2
13777,user_3391,2
16825,user_3391,5
44641,user_3391,3
51507,user_3391,5
2196,user_3392,2
2820,user_3392,4
5571,user_3392,4
9731,user_3392,2
11460,user_3392,4
17085,user_3392,4
21359,user_3392,1
22740,user_3392,2
23734,user_3392,3
42912,user_3392,5
283973,user_3392,3
380786,user_3392,3
499264,user_3392,2
2586,user_340,3
4003,user_340,3
11212,user_340,1
16414,user_340,5
17417,user_340,4
22740,user_340,5
258322,user_340,3
349515,user_340,4
380786,user_340,4
5940,user_3401,3
10004,user_3401,5
11052,user_3401,2
14447,user_3401,1
19284,user_3401,5
27944,user_3401,1
28075,user_3401,4
58751,user_3401,1
966,user_3413,4
2145,user_3413,1
3942,user_3413,1
4649,user_3413,3
21219,user_3413,3
22193,user_3413,1
23011,user_3413,1
50694,user_3413,3
258322,user_3413,4
573124,user_3413,1
616688,user_3413,3
29,user_3415,1
2243,user_3415,3
2570,user_3415,4
2574,user_3415,1
3897,user_3415,3
4192,user_3415,1
4356,user_3415,4
10791,user_3415,3
16961,user_3415,3
20020,user_3415,4
29185,user_3415,2
44972,user_3415,1
428083,user_3415,3
3328,user_3416,5
3687,user_3416,2
4806,user_3416,5
14101,user_3416,1
16969,user_3416,1
17803,user_3416,1
18632,user_3416,1
52370,user_3416,2
59700,user_3416,5
388383,user_3416,2
455597,user_3416,3
573124,user_3416,3
10025,user_3421,2
11559,user_3421,2
12732,user_3421,5
13285,user_3421,2
14527,user_3421,2
17286,user_3421,1
18742,user_3421,1
19829,user_3421,3
21098,user_3421,2
23600,user_3421,5
56183,user_3421,4
388383,user_3421,3
4274,user_3423,4
13886,user_3423,5
22060,user_3423,1
23292,user_3423,1
42857,user_3423,3
61415,user_3423,4
274571,user_3423,5
437059,user_3423,5
563419,user_3423,4
3339,user_3424,2
15479,user_3424,5
15862,user_3424,1
17417,user_3424,2
19672,user_3424,1
20995,user_3424,5
22439,user_3424,1
29170,user_3424,4
42912,user_3424,4
53432,user_3424,2
302857,user_3424,5
380786,user_3424,4
397471,user_3424,4
412477,user_3424,4
705616,user_3424,2
59,user_3426,4
1184,user_3426,3
4519,user_3426,5
12073,user_3426,5
13688,user_3426,2
14088,user_3426,4
18395,user_3426,1
19520,user_3426,2
28195,user_3426,5
46508,user_3426,3
47594,user_3426,5
58551,user_3426,3
257377,user_3426,1
10612,user_3428,4
51617,user_3428,1
324992,user_3428,1
498,user_3433,2
9638,user_3433,1
13913,user_3433,3
17535,user_3433,1
21285,user_3433,1
21631,user_3433,4
22060,user_3433,3
43422,user_3433,1
50778,user_3433,1
494393,user_3433,4
499,user_3437,4
1682,user_3437,5
4057,user_3437,2
14062,user_3437,1
14099,user_3437,2
18285,user_3437,3
19570,user_3437,4
20570,user_3437,3
28201,user_3437,5
29593,user_3437,1
46508,user_3437,3
52372,user_3437,1
58826,user_3437,2
67623,user_3437,5
586054,user_3437,1
2115,user_3440,2
10056,user_3440,2
12914,user_3440,5
14447,user_3440,2
14690,user_3440,5
16704,user_3440,1
17731,user_3440,4
20515,user_3440,3
28628,user_3440,5
29170,user_3440,1
39093,user_3440,5
47361,user_3440,3
51617,user_3440,1
257202,user_3440,3
384521,user_3440,4
558984,user_3440,5
388,user_3444,2
2889,user_3444,3
3226,user_3444,3
10992,user_3444,5
13285,user_3444,1
14447,user_3444,2
19555,user_3444,2
20112,user_3444,2
51690,user_3444,1
61152,user_3444,4
349439,user_3444,3
475071,user_3444,3
1670,user_3449,4
3328,user_3449,4
4228,user_3449,1
4361,user_3449,3
14154,user_3449,1
15294,user_3449,1
18286,user_3449,2
23613,user_3449,1
27022,user_3449,2
51321,user_3449,2
367044,user_3449,3
758,user_345,3
12146,user_345,1
14397,user_345,4
16922,user_345,1
18240,user_345,5
21170,user_345,5
28075,user_345,3
44525,user_345,1
51321,user_345,2
52176,user_345,1
58952,user_345,1
67623,user_345,1
314402,user_345,4
357891,user_345,4
674,user_3451,5
1090,user_3451,2
11971,user_3451,4
15274,user_3451,4
16106,user_3451,2
41656,user_3451,1
282807,user_3451,4
3316,user_3456,2
3469,user_3456,4
13514,user_3456,3
16880,user_3456,4
19490,user_3456,1
20709,user_3456,5
22790,user_3456,3
29131,user_3456,1
49874,user_3456,1
51179,user_3456,2
327269,user_3456,5
497993,user_3456,5
82,user_3457,3
533,user_3457,5
835,user_3457,5
9871,user_3457,4
9894,user_3457,3
13285,user_3457,2
18097,user_3457,3
19347,user_3457,2
19617,user_3457,1
37972,user_3457,2
47234,user_3457,1
324992,user_3457,2
1391,user_3459,3
2639,user_3459,3
3339,user_3459,5
9894,user_3459,2
10532,user_3459,4
14015,user_3459,3
14099,user_3459,2
14447,user_3459,5
14913,user_3459,3
15406,user_3459,4
19584,user_3459,2
44525,user_3459,3
45342,user_3459,3
52370,user_3459,2
52371,user_3459,4
58754,user_3459,4
300689,user_3459,1
362895,user_3459,1
398414,user_3459,4
1559,user_3462,4
2354,user_3462,5
2586,user_3462,2
2764,user_3462,3
5511,user_3462,5
12720,user_3462,1
16726,user_3462,1
17977,user_3462,2
19588,user_3462,2
27978,user_3462,2
40344,user_3462,1
43253,user_3462,2
59197,user_3462,4
484531,user_3462,1
682502,user_3462,2
715,user_3463,3
2889,user_3463,4
3186,user_3463,2
3226,user_3463,4
4475,user_3463,3
19274,user_3463,3
19576,user_3463,4
19588,user_3463,3
19610,user_3463,5
20756,user_3463,1
20803,user_3463,2
23943,user_3463,1
28533,user_3463,5
44029,user_3463,1
49874,user_3463,4
58975,user_3463,3
709179,user_3463,2
533,user_3465,3
4057,user_3465,3
10594,user_3465,5
17177,user_3465,1
17685,user_3465,2
17926,user_3465,1
45691,user_3465,2
59023,user_3465,3
268363,user_3465,4
485203,user_3465,1
555994,user_3465,1
2574,user_3473,1
3763,user_3473,1
3892,user_3473,4
3923,user_3473,1
5426,user_3473,5
10142,user_3473,4
10992,user_3473,3
20723,user_3473,1
38808,user_3473,5
53478,user_3473,3
586054,user_3473,2
1091,user_3480,5
3892,user_3480,3
3956,user_3480,4
4361,user_3480,5
5445,user_3480,2
5706,user_3480,3
5940,user_3480,2
14265,user_3480,4
17731,user_3480,5
20515,user_3480,5
58876,user_3480,4
1818,user_3484,5
4649,user_3484,5
18397,user_3484,2
23734,user_3484,5
28533,user_3484,1
38197,user_3484,2
44764,user_3484,2
474,user_3485,2
1283,user_3485,1
2820,user_3485,2
67623,user_3485,4
274571,user_3485,2
411611,user_3485,1
452634,user_3485,3
670703,user_3485,1
1818,user_3487,3
2960,user_3487,1
3687,user_3487,3
4477,user_3487,5
4507,user_3487,1
10670,user_3487,5
14285,user_3487,4
21448,user_3487,1
58551,user_3487,4
692669,user_3487,4
709179,user_3487,4
59,user_3489,4
1943,user_3489,3
2949,user_3489,2
3044,user_3489,3
3631,user_3489,2
4057,user_3489,3
4192,user_3489,1
23943,user_3489,4
29338,user_3489,1
51507,user_3489,5
57519,user_3489,2
326244,user_3489,4
327209,user_3489,2
499264,user_3489,1
2866,user_3491,5
2889,user_3491,4
4409,user_3491,2
17372,user_3491,1
17650,user_3491,2
21359,user_3491,2
52093,user_3491,1
257377,user_3491,3
274766,user_3491,5
441738,user_3491,4
452634,user_3491,5
817,user_3492,1
966,user_3492,5
1575,user_3492,1
2060,user_3492,4
3561,user_3492,5
19794,user_3492,2
29218,user_3492,2
58585,user_3492,3
258322,user_3492,5
287337,user_3492,5
302857,user_3492,2
374507,user_3492,1
736427,user_3492,1
835,user_3494,3
2100,user_3494,3
2271,user_3494,1
3424,user_3494,1
7613,user_3494,4
17056,user_3494,2
17835,user_3494,2
22900,user_3494,4
257377,user_3494,2
452634,user_3494,1
799323,user_3494,3
1090,user_3495,3
9976,user_3495,4
11460,user_3495,5
13856,user_3495,4
17998,user_3495,4
18240,user_3495,1
19490,user_3495,1
38491,user_3495,1
47430,user_3495,2
57519,user_3495,2
58497,user_3495,4
59796,user_3495,3
62069,user_3495,5
282807,user_3495,2
9801,user_3500,3
14062,user_3500,5
14933,user_3500,3
15687,user_3500,3
19278,user_3500,3
19457,user_3500,4
19490,user_3500,2
22415,user_3500,2
23011,user_3500,3
25173,user_3500,3
59640,user_3500,5
233858,user_3500,4
388968,user_3500,2
4356,user_3507,4
15406,user_3507,4
16254,user_3507,3
17878,user_3507,1
28627,user_3507,3
47270,user_3507,4
322240,user_3507,2
532482,user_3507,3
3134,user_3509,4
3424,user_3509,5
5542,user_3509,2
6800,user_3509,2
14722,user_3509,4
14974,user_3509,2
17286,user_3509,5
21448,user_3509,1
27022,user_3509,5
28547,user_3509,1
55526,user_3509,1
257195,user_3509,2
292840,user_3509,2
750344,user_3509,1
620,user_3522,5
1818,user_3522,1
2287,user_3522,4
4519,user_3522,4
18777,user_3522,1
38491,user_3522,2
58913,user_3522,3
366881,user_3522,5
3579,user_3523,4
4058,user_3523,3
12024,user_3523,3
12279,user_3523,4
14317,user_3523,3
14527,user_3523,1
16351,user_3523,5
17685,user_3523,2
19338,user_3523,3
28533,user_3523,4
35519,user_3523,1
41336,user_3523,1
42776,user_3523,4
2289,user_3526,2
3226,user_3526,2
3897,user_3526,3
7613,user_3526,4
19524,user_3526,2
22437,user_3526,2
23322,user_3526,4
388383,user_3526,4
532482,user_3526,5
2289,user_3530,5
2889,user_3530,1
3627,user_3530,5
7241,user_3530,1
17056,user_3530,2
19459,user_3530,4
258322,user_3530,1
10643,user_3531,4
11971,user_3531,2
15404,user_3531,3
18367,user_3531,3
18614,user_3531,5
19542,user_3531,3
58975,user_3531,4
62359,user_3531,1
366852,user_3531,5
366881,user_3531,2
423950,user_3531,4
2100,user_3537,1
2574,user_3537,3
3469,user_3537,5
5699,user_3537,1
11212,user_3537,1
14265,user_3537,1
16612,user_3537,5
17661,user_3537,1
19426,user_3537,4
19576,user_3537,3
47361,user_3537,3
275636,user_3537,3
398414,user_3537,5
487911,user_3537,4
706,user_3540,4
2115,user_3540,1
10025,user_3540,4
15274,user_3540,2
21448,user_3540,4
51507,user_3540,4
52179,user_3540,1
268363,user_3540,2
327232,user_3540,3
349250,user_3540,5
3897,user_3541,2
4228,user_3541,4
4356,user_3541,4
9801,user_3541,3
10297,user_3541,5
10668,user_3541,5
11971,user_3541,4
12300,user_3541,3
13280,user_3541,1
13886,user_3541,1
19467,user_3541,2
28540,user_3541,3
28604,user_3541,4
47270,user_3541,2
58816,user_3541,3
437042,user_3541,4
2925,user_3544,2
4414,user_3544,5
10293,user_3544,1
15905,user_3544,1
17803,user_3544,2
17977,user_3544,1
43253,user_3544,2
51179,user_3544,5
52939,user_3544,2
59700,user_3544,4
4356,user_3546,4
11971,user_3546,3
18000,user_3546,2
19236,user_3546,1
19524,user_3546,2
20132,user_3546,4
27978,user_3546,3
44525,user_3546,4
46508,user_3546,1
58876,user_3546,3
397471,user_3546,2
564757,user_3546,5
835,user_3564,3
949,user_3564,1
2828,user_3564,3
4361,user_3564,4
4507,user_3564,5
10025,user_3564,4
10594,user_3564,3
17793,user_3564,2
18367,user_3564,3
19359,user_3564,3
59700,user_3564,4
427733,user_3564,2
82,user_3566,1
764,user_3566,3
1283,user_3566,1
2960,user_3566,5
3790,user_3566,4
4003,user_3566,2
4806,user_3566,5
11192,user_3566,2
15479,user_3566,4
23165,user_3566,4
39035,user_3566,1
42391,user_3566,5
47234,user_3566,1
764,user_3568,2
4274,user_3568,2
10004,user_3568,4
13892,user_3568,4
15860,user_3568,4
17633,user_3568,5
18849,user_3568,1
40645,user_3568,5
44972,user_3568,4
46602,user_3568,3
380786,user_3568,4
430254,user_3568,1
437042,user_3568,1
1943,user_3571,2
10047,user_3571,4
17597,user_3571,4
17607,user_3571,2
19006,user_3571,5
21229,user_3571,4
41336,user_3571,2
53446,user_3571,2
61051,user_3571,2
219972,user_3571,4
268363,user_3571,2
450239,user_3571,2
11193,user_358,3
16178,user_358,1
18632,user_358,4
19351,user_358,4
21219,user_358,1
21816,user_358,3
29069,user_358,3
29170,user_358,1
36357,user_358,5
39277,user_358,3
47270,user_358,1
59700,user_358,4
62359,user_358,4
251596,user_358,2
264828,user_358,4
367044,user_358,1
558986,user_358,1
2284,user_3582,5
3757,user_3582,1
14933,user_3582,1
19057,user_3582,2
19794,user_3582,1
20114,user_3582,3
51167,user_3582,1
274760,user_3582,2
314402,user_3582,2
349870,user_3582,4
620,user_3584,3
2925,user_3584,5
10400,user_3584,5
12146,user_3584,5
13796,user_3584,2
16453,user_3584,4
16726,user_3584,5
19829,user_3584,1
22911,user_3584,1
47613,user_3584,3
4234,user_3585,2
12720,user_3585,1
14317,user_3585,4
16932,user_3585,3
19794,user_3585,5
21586,user_3585,3
50738,user_3585,4
374507,user_3585,3
3533,user_3591,2
11364,user_3591,5
20212,user_3591,5
22104,user_3591,4
28300,user_3591,5
60012,user_3591,2
62069,user_3591,2
62627,user_3591,3
11329,user_3593,4
558984,user_3593,2
657,user_3595,3
11188,user_3595,4
15896,user_3595,5
18614,user_3595,1
28620,user_3595,2
44029,user_3595,4
61415,user_3595,3
546464,user_3595,4
766,user_3596,4
3226,user_3596,4
4519,user_3596,4
4618,user_3596,5
13104,user_3596,2
13886,user_3596,5
15323,user_3596,4
16704,user_3596,2
17607,user_3596,4
17921,user_3596,1
19278,user_3596,3
19459,user_3596,5
19594,user_3596,5
52179,user_3596,1
57885,user_3596,2
58585,user_3596,5
370222,user_3596,5
561,user_3597,4
3892,user_3597,2
10594,user_3597,2
11212,user_3597,2
12291,user_3597,1
16704,user_3597,1
16817,user_3597,5
19590,user_3597,5
28570,user_3597,1
35402,user_3597,2
39035,user_3597,4
40302,user_3597,1
44431,user_3597,1
2354,user_3605,1
3631,user_3605,5
18632,user_3605,3
52389,user_3605,4
283973,user_3605,4
327260,user_3605,5
397481,user_3605,2
442847,user_3605,5
616697,user_3605,5
194,user_3614,1
620,user_3614,3
764,user_3614,1
3771,user_3614,4
4356,user_3614,1
9644,user_3614,2
10031,user_3614,5
10293,user_3614,3
15077,user_3614,3
17315,user_3614,4
19359,user_3614,4
37972,user_3614,1
59700,user_3614,4
254604,user_3614,5
1090,user_3618,5
3135,user_3618,3
5706,user_3618,2
14544,user_3618,1
17794,user_3618,5
19236,user_3618,2
22837,user_3618,1
61044,user_3618,1
349679,user_3618,4
2709,user_3624,3
2960,user_3624,4
3628,user_3624,1
4561,user_3624,1
10342,user_3624,4
11548,user_3624,3
13345,user_3624,4
15615,user_3624,1
25965,user_3624,4
59261,user_3624,2
302857,user_3624,1
949,user_3636,4
1019,user_3636,4
1509,user_3636,3
3277,user_3636,2
3627,user_3636,5
12319,user_3636,4
28559,user_3636,4
46602,user_3636,1
47270,user_3636,1
314402,user_3636,3
59,user_3641,3
3214,user_3641,4
11383,user_3641,2
15077,user_3641,1
19426,user_3641,3
19588,user_3641,4
20466,user_3641,4
47613,user_3641,4
52342,user_3641,3
52370,user_3641,5
60012,user_3641,1
272483,user_3641,2
484828,user_3641,2
705616,user_3641,2
10278,user_3647,4
10992,user_3647,1
11971,user_3647,2
13856,user_3647,5
14062,user_3647,4
16178,user_3647,3
19716,user_3647,2
21816,user_3647,2
28559,user_3647,3
327269,user_3647,3
397471,user_3647,1
2586,user_3648,4
9638,user_3648,2
12140,user_3648,2
13482,user_3648,4
14096,user_3648,2
14895,user_3648,4
14933,user_3648,1
18395,user_3648,3
23613,user_3648,5
28604,user_3648,5
29109,user_3648,5
42391,user_3648,4
47594,user_3648,4
326292,user_3648,4
119,user_365,5
1090,user_365,4
3771,user_365,4
5363,user_365,1
11831,user_365,4
12279,user_365,4
15335,user_365,5
19603,user_365,3
19829,user_365,2
21926,user_365,3
28154,user_365,4
42857,user_365,3
52370,user_365,3
62422,user_365,2
3135,user_3656,2
13280,user_3656,3
16404,user_3656,4
19093,user_3656,5
19490,user_3656,3
19555,user_3656,1
27944,user_3656,5
28154,user_3656,3
50351,user_3656,4
367044,user_3656,2
428966,user_3656,2
842395,user_3656,2
798,user_3663,2
2674,user_3663,4
10141,user_3663,5
14285,user_3663,3
17946,user_3663,3
19374,user_3663,5
19525,user_3663,4
22900,user_3663,4
28201,user_3663,4
50694,user_3663,3
374507,user_3663,2
846499,user_3663,5
401,user_367,3
2570,user_367,2
3628,user_367,4
5978,user_367,2
11366,user_367,2
11559,user_367,1
16453,user_367,3
17286,user_367,1
18240,user_367,3
28089,user_367,3
42391,user_367,3
50778,user_367,3
58777,user_367,5
24,user_3672,1
432,user_3672,4
474,user_3672,4
906,user_3672,1
3240,user_3672,3
3469,user_3672,5
3790,user_3672,4
16254,user_3672,3
21631,user_3672,4
44029,user_3672,1
316936,user_3672,5
398414,user_3672,4
34,user_3674,2
3450,user_3674,3
4475,user_3674,3
4490,user_3674,1
9801,user_3674,2
9871,user_3674,3
20911,user_3674,3
29391,user_3674,1
52372,user_3674,1
60586,user_3674,2
302857,user_3674,5
370222,user_3674,1
12470,user_3680,2
16008,user_3680,4
17998,user_3680,1
18698,user_3680,2
20154,user_3680,1
23322,user_3680,4
24478,user_3680,2
29109,user_3680,3
44725,user_3680,3
300689,user_3680,3
484842,user_3680,1
564757,user_3680,2
10668,user_3683,3
12300,user_3683,4
12470,user_3683,4
12678,user_3683,3
14062,user_3683,2
19359,user_3683,2
28534,user_3683,1
52368,user_3683,3
115,user_3692,1
147,user_3692,1
2925,user_3692,4
9603,user_3692,2
11460,user_3692,2
12143,user_3692,3
13913,user_3692,5
15730,user_3692,3
16817,user_3692,2
21098,user_3692,3
58497,user_3692,3
492,user_3693,4
10068,user_3693,4
14290,user_3693,4
15615,user_3693,3
19278,user_3693,5
19603,user_3693,2
53432,user_3693,3
397471,user_3693,4
119,user_3696,5
10004,user_3696,3
22104,user_3696,3
22734,user_3696,4
23322,user_3696,1
29207,user_3696,4
49874,user_3696,2
475071,user_3696,4
514899,user_3696,5
558984,user_3696,4
155,user_3697,4
3574,user_3697,1
5621,user_3697,1
14527,user_3697,5
15075,user_3697,5
17661,user_3697,2
20515,user_3697,4
22344,user_3697,4
41656,user_3697,3
59197,user_3697,4
362,user_3703,4
906,user_3703,3
949,user_3703,1
2157,user_3703,5
3790,user_3703,5
8001,user_3703,4
10745,user_3703,3
11142,user_3703,5
11212,user_3703,5
14062,user_3703,1
15500,user_3703,2
19467,user_3703,3
21359,user_3703,5
268363,user_3703,3
349677,user_3703,2
3579,user_3708,3
8001,user_3708,4
10004,user_3708,5
10125,user_3708,5
10575,user_3708,3
10994,user_3708,4
12140,user_3708,5
16361,user_3708,2
22734,user_3708,1
272483,user_3708,3
3993,user_3710,1
257377,user_3710,2
706,user_3717,4
2060,user_3717,2
2219,user_3717,4
2266,user_3717,5
14690,user_3717,4
15856,user_3717,3
17188,user_3717,2
17548,user_3717,4
17633,user_3717,5
42391,user_3717,2
47381,user_3717,1
62897,user_3717,1
300689,user_3717,4
447825,user_3717,3
19603,user_3726,2
20466,user_3726,1
23600,user_3726,4
51179,user_3726,1
52176,user_3726,1
292840,user_3726,3
295021,user_3726,4
411611,user_3726,1
532482,user_3726,4
736427,user_3726,4
3358,user_3734,4
4475,user_3734,4
8278,user_3734,5
13280,user_3734,2
16174,user_3734,5
17731,user_3734,1
18698,user_3734,1
19935,user_3734,1
51179,user_3734,1
63845,user_3734,5
3044,user_3739,1
3186,user_3739,1
10847,user_3739,4
13514,user_3739,3
17703,user_3739,1
19467,user_3739,1
29218,user_3739,4
46066,user_3739,3
58913,user_3739,4
233858,user_3739,2
283973,user_3739,1
366852,user_3739,3
388968,user_3739,2
450239,user_3739,2
452634,user_3739,2
1236,user_374,4
3323,user_374,5
9894,user_374,4
11383,user_374,3
14101,user_374,3
17731,user_374,5
19093,user_374,2
22104,user_374,2
29218,user_374,1
62409,user_374,4
450239,user_374,4
485203,user_374,1
492,user_3741,4
620,user_3741,4
3226,user_3741,2
10643,user_3741,4
17676,user_3741,2
19278,user_3741,5
19351,user_3741,5
19588,user_3741,5
21448,user_3741,3
28547,user_3741,1
35573,user_3741,2
44525,user_3741,3
58809,user_3741,1
479694,user_3741,5
558986,user_3741,4
842395,user_3741,2
868086,user_3741,5
906,user_3742,3
3135,user_3742,4
3358,user_3742,3
7441,user_3742,4
11188,user_3742,4
11448,user_3742,4
18742,user_3742,5
20233,user_3742,4
20756,user_3742,2
22437,user_3742,1
28131,user_3742,2
32734,user_3742,1
50694,user_3742,3
53239,user_3742,2
62422,user_3742,5
558986,user_3742,3
521,user_3748,4
2271,user_3748,4
13777,user_3748,1
15862,user_3748,3
19610,user_3748,5
21285,user_3748,4
52370,user_3748,2
60012,user_3748,3
327260,user_3748,1
3956,user_375,1
5678,user_375,1
5877,user_375,3
13694,user_375,5
15075,user_375,1
15404,user_375,4
15958,user_375,3
17372,user_375,1
17661,user_375,1
17685,user_375,4
17803,user_375,4
21683,user_375,1
27023,user_375,3
39093,user_375,2
42064,user_375,2
59023,user_375,5
257202,user_375,1
299569,user_375,2
450239,user_375,5
507151,user_375,3
364,user_3758,2
674,user_3758,1
2586,user_3758,2
3450,user_3758,3
4471,user_3758,1
11142,user_3758,5
16761,user_3758,1
16915,user_3758,1
17835,user_3758,4
17926,user_3758,4
19541,user_3758,5
20253,user_3758,1
29131,user_3758,5
35519,user_3758,3
43422,user_3758,1
57596,user_3758,3
59261,user_3758,4
82,user_3760,1
5940,user_3760,1
10297,user_3760,1
13796,user_3760,4
14895,user_3760,5
16954,user_3760,3
19994,user_3760,1
28623,user_3760,5
51081,user_3760,5
59261,user_3760,2
62069,user_3760,2
295021,user_3760,1
364942,user_3760,4
387328,user_3760,2
428083,user_3760,1
484531,user_3760,4
10056,user_3764,4
16008,user_3764,5
17863,user_3764,4
19093,user_3764,3
21229,user_3764,2
31906,user_3764,5
326239,user_3764,3
371832,user_3764,3
5426,user_3768,3
13535,user_3768,3
17286,user_3768,2
18632,user_3768,2
19570,user_3768,2
21098,user_3768,3
28201,user_3768,1
40344,user_3768,4
41336,user_3768,3
53478,user_3768,4
61152,user_3768,3
262437,user_3768,3
322240,user_3768,3
558984,user_3768,3
600924,user_3768,4
539,user_3769,5
4806,user_3769,2
8278,user_3769,2
9603,user_3769,2
9744,user_3769,3
10670,user_3769,2
10847,user_3769,4
11163,user_3769,3
15615,user_3769,3
18097,user_3769,1
19740,user_3769,3
28534,user_3769,1
44764,user_3769,1
46508,user_3769,4
47430,user_3769,1
59155,user_3769,5
61415,user_3769,3
455597,user_3769,4
586054,user_3769,1
2639,user_3771,5
3598,user_3771,5
3942,user_3771,3
8001,user_3771,2
14974,user_3771,2
19574,user_3771,1
20212,user_3771,4
20466,user_3771,1
51167,user_3771,3
51230,user_3771,5
251596,user_3771,5
555994,user_3771,1
3598,user_3773,5
12447,user_3773,4
13734,user_3773,2
15404,user_3773,4
15730,user_3773,1
19347,user_3773,2
53478,user_3773,5
59796,user_3773,2
416034,user_3773,1
502241,user_3773,1
498,user_3774,5
3748,user_3774,2
6256,user_3774,1
11052,user_3774,5
11142,user_3774,5
11383,user_3774,1
14088,user_3774,3
14895,user_3774,5
29177,user_3774,1
268363,user_3774,5
388,user_3782,4
4747,user_3782,1
7241,user_3782,4
9904,user_3782,1
10791,user_3782,1
13020,user_3782,3
13892,user_3782,2
17803,user_3782,5
19490,user_3782,5
20803,user_3782,5
21683,user_3782,3
27976,user_3782,5
28547,user_3782,5
40302,user_3782,4
295021,user_3782,3
2157,user_3789,1
17597,user_3789,3
21958,user_3789,5
35573,user_3789,3
51167,user_3789,1
272483,user_3789,1
290894,user_3789,4
324992,user_3789,2
362895,user_3789,5
1140,user_3790,3
2553,user_3790,3
3214,user_3790,2
5663,user_3790,5
10594,user_3790,2
14614,user_3790,4
18654,user_3790,3
28110,user_3790,3
49428,user_3790,5
50675,user_3790,1
2060,user_3801,4
2243,user_3801,4
2949,user_3801,1
3450,user_3801,5
6400,user_3801,1
11142,user_3801,5
16880,user_3801,3
17803,user_3801,3
21411,user_3801,1
29185,user_3801,2
35402,user_3801,2
43422,user_3801,1
59261,user_3801,1
59640,user_3801,5
370222,user_3801,3
558984,user_3801,5
1236,user_3803,5
4499,user_3803,5
8622,user_3803,1
9774,user_3803,1
9871,user_3803,2
12291,user_3803,4
14397,user_3803,4
21219,user_3803,2
39093,user_3803,1
58133,user_3803,2
62069,user_3803,5
268363,user_3803,3
704730,user_3803,4
706,user_3804,5
2796,user_3804,2
2828,user_3804,1
4228,user_3804,3
6256,user_3804,5
10118,user_3804,5
10661,user_3804,2
14922,user_3804,3
18614,user_3804,5
19610,user_3804,5
20319,user_3804,4
23292,user_3804,2
40302,user_3804,2
50675,user_3804,2
55526,user_3804,1
324992,user_3804,4
2354,user_3810,1
3627,user_3810,1
9986,user_3810,3
10342,user_3810,2
10513,user_3810,5
17286,user_3810,2
27977,user_3810,3
28533,user_3810,5
58809,user_3810,3
59155,user_3810,5
61044,user_3810,5
274766,user_3810,4
1559,user_3826,1
3358,user_3826,4
9066,user_3826,4
10994,user_3826,5
11383,user_3826,1
19555,user_3826,5
58975,user_3826,4
426096,user_3826,2
2634,user_3843,2
3316,user_3843,4
3923,user_3843,1
5426,user_3843,1
10532,user_3843,2
19541,user_3843,1
28195,user_3843,4
55526,user_3843,2
4274,user_3859,5
13852,user_3859,3
19716,user_3859,5
20250,user_3859,2
25173,user_3859,2
28623,user_3859,4
39277,user_3859,4
59155,user_3859,1
287337,user_3859,4
419295,user_3859,1
484842,user_3859,5
564757,user_3859,2
1559,user_3864,3
2639,user_3864,2
5445,user_3864,2
16116,user_3864,1
38860,user_3864,1
367044,user_3864,4
430254,user_3864,2
4057,user_3865,1
4388,user_3865,2
12143,user_3865,1
16361,user_3865,4
17417,user_3865,2
17878,user_3865,3
19436,user_3865,1
499264,user_3865,5
674,user_3870,3
1682,user_3870,5
19524,user_3870,4
22900,user_3870,3
28082,user_3870,1
31906,user_3870,4
46508,user_3870,4
64526,user_3870,5
326244,user_3870,1
359373,user_3870,1
389054,user_3870,4
441738,user_3870,3
3194,user_3875,5
3771,user_3875,2
4477,user_3875,4
4806,user_3875,3
11786,user_3875,3
13892,user_3875,2
14062,user_3875,2
16915,user_3875,4
17676,user_3875,3
43253,user_3875,1
53446,user_3875,2
274760,user_3875,1
672441,user_3875,2
3135,user_3877,2
3771,user_3877,5
12024,user_3877,1
13535,user_3877,2
15362,user_3877,3
20133,user_3877,2
39093,user_3877,4
59142,user_3877,4
389054,user_3877,1
364,user_3878,2
1283,user_3878,4
2551,user_3878,4
11052,user_3878,5
11971,user_3878,5
14722,user_3878,3
29593,user_3878,5
275636,user_3878,2
324992,user_3878,3
374507,user_3878,2
484531,user_3878,2
147,user_3883,3
2796,user_3883,3
3687,user_3883,4
5542,user_3883,1
9894,user_3883,2
10670,user_3883,4
12470,user_3883,1
15404,user_3883,4
302857,user_3883,3
517399,user_3883,5
709179,user_3883,4
604,user_3884,2
949,user_3884,3
10417,user_3884,2
14446,user_3884,5
17863,user_3884,5
18614,user_3884,3
19165,user_3884,4
20132,user_3884,4
20333,user_3884,1
420000,user_3884,3
795370,user_3884,4
1922,user_3886,1
3687,user_3886,5
4031,user_3886,4
14948,user_3886,5
15730,user_3886,5
19400,user_3886,4
20114,user_3886,5
37972,user_3886,4
49300,user_3886,4
268363,user_3886,1
398423,user_3886,4
842395,user_3886,5
2709,user_3894,4
4380,user_3894,2
4747,user_3894,3
11163,user_3894,1
16116,user_3894,2
21285,user_3894,3
21683,user_3894,4
23600,user_3894,2
27978,user_3894,1
38491,user_3894,3
38808,user_3894,2
52372,user_3894,4
58777,user_3894,4
416034,user_3894,4
546464,user_3894,3
2866,user_3895,4
3135,user_3895,5
3790,user_3895,3
4003,user_3895,3
4806,user_3895,5
8001,user_3895,2
11052,user_3895,4
14088,user_3895,1
20717,user_3895,4
29207,user_3895,5
371831,user_3895,1
452647,user_3895,3
573124,user_3895,3
840,user_3896,3
1412,user_3896,4
2634,user_3896,1
4192,user_3896,3
14690,user_3896,2
14895,user_3896,2
22734,user_3896,4
23322,user_3896,3
28480,user_3896,4
47234,user_3896,2
367044,user_3896,2
155,user_3898,4
481,user_3898,2
604,user_3898,4
3214,user_3898,4
3574,user_3898,3
3993,user_3898,5
9606,user_3898,2
14948,user_3898,5
17633,user_3898,2
28300,user_3898,2
42391,user_3898,2
53239,user_3898,3
485203,user_3898,4
2764,user_390,1
14690,user_390,2
14722,user_390,3
15905,user_390,4
17179,user_390,5
19058,user_390,4
19110,user_390,1
538,user_3903,1
3771,user_3903,2
10293,user_3903,2
14468,user_3903,2
15077,user_3903,4
17188,user_3903,2
19617,user_3903,5
27022,user_3903,1
58777,user_3903,1
287337,user_3903,3
372505,user_3903,2
475071,user_3903,2
2300,user_3910,2
3424,user_3910,4
10547,user_3910,3
22790,user_3910,1
27022,user_3910,5
28620,user_3910,4
45821,user_3910,5
52371,user_3910,4
59640,user_3910,5
301518,user_3910,2
427733,user_3910,2
452649,user_3910,4
3990,user_3917,2
13886,user_3917,5
15294,user_3917,5
17863,user_3917,2
20568,user_3917,3
40344,user_3917,5
42912,user_3917,2
50694,user_3917,3
64491,user_3917,3
514899,user_3917,1
650605,user_3917,2
868086,user_3917,1
881,user_3930,5
3612,user_3930,5
10029,user_3930,5
11548,user_3930,1
17085,user_3930,3
17372,user_3930,5
17731,user_3930,1
18240,user_3930,4
38808,user_3930,4
43253,user_3930,4
52342,user_3930,4
430254,user_3930,3
494393,user_3930,2
868086,user_3930,4
3358,user_3936,4
3790,user_3936,3
6800,user_3936,2
10612,user_3936,4
15500,user_3936,3
17177,user_3936,5
19093,user_3936,1
19520,user_3936,2
46410,user_3936,4
268363,user_3936,2
371831,user_3936,5
3892,user_3938,2
4032,user_3938,4
5621,user_3938,4
8845,user_3938,5
11163,user_3938,2
14154,user_3938,2
17650,user_3938,5
17731,user_3938,2
52368,user_3938,3
299569,user_3938,5
323051,user_3938,5
349870,user_3938,4
619806,user_3938,5
123,user_3943,1
499,user_3943,2
3340,user_3943,2
4137,user_3943,1
14636,user_3943,3
16825,user_3943,2
17731,user_3943,4
21816,user_3943,5
22837,user_3943,5
35402,user_3943,1
46066,user_3943,2
60586,user_3943,2
258322,user_3943,2
316936,user_3943,4
326239,user_3943,4
682502,user_3943,5
362,user_3944,2
4507,user_3944,4
5524,user_3944,3
10670,user_3944,4
13777,user_3944,3
14265,user_3944,1
14922,user_3944,1
15404,user_3944,4
16106,user_3944,5
18614,user_3944,1
42776,user_3944,5
44641,user_3944,1
58809,user_3944,2
257195,user_3944,4
316936,user_3944,3
616688,user_3944,3
692669,user_3944,5
949,user_3952,2
2828,user_3952,5
3687,user_3952,2
14690,user_3952,5
17535,user_3952,3
51230,user_3952,3
53446,user_3952,5
58826,user_3952,2
264828,user_3952,4
570074,user_3952,4
2157,user_3955,5
3956,user_3955,2
4058,user_3955,5
11548,user_3955,4
14154,user_3955,4
16174,user_3955,1
21285,user_3955,2
38860,user_3955,3
44972,user_3955,3
59155,user_3955,5
295090,user_3955,3
484531,user_3955,4
494384,user_3955,5
214,user_3971,3
1630,user_3971,1
4284,user_3971,4
4519,user_3971,3
12732,user_3971,5
18698,user_3971,5
52370,user_3971,4
282807,user_3971,3
326244,user_3971,4
24,user_3974,3
835,user_3974,4
3533,user_3974,3
4499,user_3974,2
13892,user_3974,3
22193,user_3974,1
23576,user_3974,5
44764,user_3974,5
44972,user_3974,1
388,user_3979,3
1019,user_3979,2
2112,user_3979,3
4439,user_3979,4
10180,user_3979,1
16011,user_3979,5
17188,user_3979,4
17731,user_3979,1
18797,user_3979,5
21119,user_3979,2
22900,user_3979,5
41336,user_3979,5
42776,user_3979,1
51081,user_3979,2
52389,user_3979,4
398414,user_3979,2
428966,user_3979,3
502117,user_3979,3
573123,user_3979,2
388,user_3995,2
604,user_3995,4
766,user_3995,4
2196,user_3995,5
2674,user_3995,5
9731,user_3995,5
9744,user_3995,1
16761,user_3995,5
17946,user_3995,2
19459,user_3995,1
27023,user_3995,5
46602,user_3995,5
61152,user_3995,5
274571,user_3995,5
327260,user_3995,3
455597,user_3995,2
868086,user_3995,5
2060,user_4,1
2138,user_4,4
2287,user_4,5
2960,user_4,2
11192,user_4,2
17179,user_4,1
19436,user_4,5
19542,user_4,3
21691,user_4,4
23165,user_4,5
59688,user_4,2
802000,user_4,2
845261,user_4,2
155,user_400,4
3771,user_400,1
4234,user_400,4
4649,user_400,2
5978,user_400,4
10004,user_400,4
13892,user_400,3
39093,user_400,2
47430,user_400,2
274766,user_400,1
282807,user_400,1
389054,user_400,1
479694,user_400,2
484852,user_400,1
4490,user_401,3
9066,user_401,2
10513,user_401,5
10928,user_401,3
13852,user_401,1
16944,user_401,2
19731,user_401,4
22439,user_401,4
24877,user_401,2
28559,user_401,2
44525,user_401,1
795632,user_401,5
49,user_4013,2
2060,user_4013,4
16106,user_4013,1
18367,user_4013,4
19436,user_4013,3
20803,user_4013,1
28533,user_4013,2
29185,user_4013,1
35573,user_4013,4
52368,user_4013,2
868085,user_4013,5
3469,user_4018,1
5978,user_4018,3
9668,user_4018,4
11559,user_4018,3
14317,user_4018,2
15349,user_4018,2
16649,user_4018,2
51179,user_4018,1
251596,user_4018,4
274571,user_4018,2
357891,user_4018,1
397471,user_4018,2
398407,user_4018,5
616697,user_4018,5
521,user_4023,5
620,user_4023,1
9894,user_4023,5
10370,user_4023,2
13913,user_4023,1
16011,user_4023,2
18395,user_4023,5
18397,user_4023,4
20481,user_4023,4
51690,user_4023,2
58133,user_4023,4
58551,user_4023,5
362895,user_4023,3
119,user_4026,3
4475,user_4026,3
10110,user_4026,2
17372,user_4026,3
39035,user_4026,5
39277,user_4026,5
40936,user_4026,5
59155,user_4026,4
62534,user_4026,1
452647,user_4026,1
497993,user_4026,5
2196,user_4030,1
3956,user_4030,5
4032,user_4030,3
16024,user_4030,2
16404,user_4030,5
16932,user_4030,5
19110,user_4030,2
19518,user_4030,1
41012,user_4030,5
257377,user_4030,4
371831,user_4030,2
736427,user_4030,4
3194,user_4035,1
15274,user_4035,5
16254,user_4035,4
17878,user_4035,4
20466,user_4035,2
21725,user_4035,3
27977,user_4035,4
28620,user_4035,2
52342,user_4035,2
52389,user_4035,5
275606,user_4035,1
366110,user_4035,1
380786,user_4035,1
471,user_4037,5
14544,user_4037,3
14895,user_4037,2
14974,user_4037,4
16961,user_4037,2
19278,user_4037,4
22256,user_4037,3
28627,user_4037,2
29177,user_4037,5
38146,user_4037,4
42912,user_4037,1
45416,user_4037,2
57885,user_4037,2
58818,user_4037,5
288586,user_4037,2
295090,user_4037,1
428083,user_4037,5
428198,user_4037,4
528689,user_4037,5
24,user_4040,3
715,user_4040,1
5426,user_4040,2
10847,user_4040,1
12024,user_4040,3
14096,user_4040,4
15335,user_4040,2
16825,user_4040,4
19347,user_4040,4
19610,user_4040,2
50778,user_4040,5
442847,user_4040,5
835,user_4050,1
5940,user_4050,4
17998,user_4050,2
19584,user_4050,1
20466,user_4050,3
21098,user_4050,4
29338,user_4050,4
29391,user_4050,3
51507,user_4050,1
52368,user_4050,5
58497,user_4050,3
59700,user_4050,5
287337,user_4050,1
452634,user_4050,2
502241,user_4050,5
1283,user_4057,1
2287,user_4057,1
2925,user_4057,5
3687,user_4057,5
3763,user_4057,1
3956,user_4057,5
4618,user_4057,5
13482,user_4057,1
17085,user_4057,3
20995,user_4057,1
27023,user_4057,4
28615,user_4057,5
58952,user_4057,5
766,user_4059,1
1009,user_4059,2
3277,user_4059,1
6400,user_4059,3
10513,user_4059,1
13513,user_4059,5
14062,user_4059,4
15490,user_4059,1
23322,user_4059,3
28154,user_4059,3
40368,user_4059,3
49874,user_4059,2
51081,user_4059,1
52370,user_4059,2
367044,user_4059,1
397471,user_4059,2
15861,user_4063,3
16404,user_4063,2
19646,user_4063,1
19742,user_4063,5
20132,user_4063,3
29131,user_4063,3
58921,user_4063,2
369158,user_4063,1
398414,user_4063,5
428198,user_4063,3
502241,user_4063,5
705616,user_4063,2
3917,user_4081,4
9840,user_4081,4
11831,user_4081,1
16116,user_4081,4
17548,user_4081,2
52093,user_4081,2
437042,user_4081,2
865,user_4085,3
2287,user_4085,1
3631,user_4085,3
10791,user_4085,3
15337,user_4085,4
16944,user_4085,5
19576,user_4085,4
28570,user_4085,2
38808,user_4085,2
52371,user_4085,2
322240,user_4085,4
799323,user_4085,2
275,user_4094,4
533,user_4094,3
5663,user_4094,5
9986,user_4094,5
10029,user_4094,5
18698,user_4094,5
19351,user_4094,2
19716,user_4094,4
21958,user_4094,4
23322,user_4094,4
45691,user_4094,3
268363,user_4094,5
371831,user_4094,3
437059,user_4094,3
502117,user_4094,5
570074,user_4094,2
2889,user_4096,2
3168,user_4096,3
10141,user_4096,5
10547,user_4096,1
15294,user_4096,3
16008,user_4096,2
16178,user_4096,4
19524,user_4096,5
22509,user_4096,5
43253,user_4096,3
58876,user_4096,3
61725,user_4096,5
359373,user_4096,4
692669,user_4096,1
736427,user_4096,5
155,user_4099,3
881,user_4099,3
2553,user_4099,1
4234,user_4099,2
4901,user_4099,4
11193,user_4099,5
12024,user_4099,3
13345,user_4099,4
16453,user_4099,1
20333,user_4099,2
28539,user_4099,3
41012,user_4099,3
674,user_4102,1
6800,user_4102,3
9831,user_4102,5
10575,user_4102,4
16716,user_4102,2
18654,user_4102,5
22547,user_4102,1
59640,user_4102,1
374507,user_4102,1
411611,user_4102,3
364,user_4105,2
3186,user_4105,2
3627,user_4105,3
16649,user_4105,1
19608,user_4105,1
43253,user_4105,5
43422,user_4105,3
284674,user_4105,1
314402,user_4105,2
372505,user_4105,5
1682,user_4111,5
9824,user_4111,2
13861,user_4111,3
14154,user_4111,3
27977,user_4111,1
35326,user_4111,2
447815,user_4111,2
3344,user_4114,2
3631,user_4114,5
3757,user_4114,4
10068,user_4114,3
12291,user_4114,1
13514,user_4114,4
15730,user_4114,5
17573,user_4114,2
18097,user_4114,4
18397,user_4114,1
19374,user_4114,3
28201,user_4114,1
379486,user_4114,1
397471,user_4114,3
586054,user_4114,5
604,user_412,4
3574,user_412,4
5978,user_412,4
11366,user_412,3
17803,user_412,3
22918,user_412,4
275606,user_412,5
2709,user_4120,1
4499,user_4120,1
8777,user_4120,1
10068,user_4120,4
10142,user_4120,5
10928,user_4120,2
14285,user_4120,2
19351,user_4120,4
19555,user_4120,1
20132,user_4120,4
487911,user_4120,1
570074,user_4120,4
3892,user_4126,3
4571,user_4126,1
7613,user_4126,1
10594,user_4126,5
11559,user_4126,2
16351,user_4126,4
22911,user_4126,4
400298,user_4126,3
532482,user_4126,5
558986,user_4126,3
539,user_4129,5
1670,user_4129,2
2243,user_4129,3
3990,user_4129,3
4618,user_4129,3
10668,user_4129,4
11831,user_4129,5
14913,user_4129,2
21926,user_4129,4
22900,user_4129,5
29109,user_4129,2
35326,user_4129,2
47613,user_4129,4
290894,user_4129,2
868085,user_4129,1
4459,user_4130,4
10400,user_4130,4
14015,user_4130,1
18632,user_4130,3
22415,user_4130,4
22547,user_4130,3
42857,user_4130,4
43422,user_4130,4
327212,user_4130,3
616697,user_4130,1
119,user_4136,5
4137,user_4136,3
13513,user_4136,1
15490,user_4136,5
17179,user_4136,4
20114,user_4136,5
22900,user_4136,5
564757,user_4136,2
619806,user_4136,3
706,user_4138,1
966,user_4138,3
3344,user_4138,2
3498,user_4138,4
10398,user_4138,5
14101,user_4138,3
18286,user_4138,3
19236,user_4138,5
21119,user_4138,5
21359,user_4138,5
24877,user_4138,5
39035,user_4138,4
64526,user_4138,3
706,user_4148,1
5678,user_4148,5
14099,user_4148,5
18614,user_4148,4
21119,user_4148,1
21219,user_4148,1
327269,user_4148,3
384521,user_4148,2
2674,user_4151,2
15077,user_4151,3
18285,user_4151,2
18286,user_4151,2
19588,user_4151,4
29383,user_4151,2
44641,user_4151,2
51179,user_4151,1
58585,user_4151,1
326239,user_4151,5
326243,user_4151,5
364942,user_4151,1
275,user_4155,2
2157,user_4155,4
3358,user_4155,5
4003,user_4155,2
4507,user_4155,5
9668,user_4155,5
10142,user_4155,3
11460,user_4155,4
12279,user_4155,5
15896,user_4155,5
19374,user_4155,5
51507,user_4155,1
573123,user_4155,1
842395,user_4155,5
3942,user_4156,4
9984,user_4156,5
23576,user_4156,2
248521,user_4156,5
357891,user_4156,1
388383,user_4156,5
447825,user_4156,5
484842,user_4156,1
619806,user_4156,3
1236,user_4164,2
4032,user_4164,4
16922,user_4164,1
18629,user_4164,1
19584,user_4164,3
28089,user_4164,5
44764,user_4164,2
51230,user_4164,5
52370,user_4164,3
573119,user_4164,5
2866,user_417,2
3214,user_417,2
3923,user_417,3
11350,user_417,1
19457,user_417,2
23165,user_417,5
29069,user_417,2
50351,user_417,3
58913,user_417,1
288586,user_417,2
1236,user_4171,3
2354,user_4171,1
6800,user_4171,2
11786,user_4171,4
13734,user_4171,2
16453,user_4171,5
18797,user_4171,2
19525,user_4171,4
20132,user_4171,3
22439,user_4171,5
29593,user_4171,2
39093,user_4171,3
42858,user_4171,2
61044,user_4171,5
484828,user_4171,2
845261,user_4171,1
1009,user_4174,4
3627,user_4174,2
11188,user_4174,3
11831,user_4174,4
16178,user_4174,1
17548,user_4174,5
17558,user_4174,4
18614,user_4174,5
21411,user_4174,1
22509,user_4174,1
28201,user_4174,3
327269,user_4174,5
428072,user_4174,3
2570,user_4175,3
7441,user_4175,5
9668,user_4175,4
10791,user_4175,4
13627,user_4175,2
16649,user_4175,1
17573,user_4175,5
19617,user_4175,3
28533,user_4175,1
28615,user_4175,3
42391,user_4175,2
44431,user_4175,4
46410,user_4175,3
51487,user_4175,4
58754,user_4175,5
284674,user_4175,3
514899,user_4175,5
4499,user_4177,2
5445,user_4177,1
6256,user_4177,4
9831,user_4177,1
14265,user_4177,1
19278,user_4177,3
58913,user_4177,3
59640,user_4177,2
1922,user_4178,5
3533,user_4178,2
4901,user_4178,4
16612,user_4178,3
27944,user_4178,1
47381,user_4178,3
52939,user_4178,3
349515,user_4178,4
423950,user_4178,3
797882,user_4178,4
432,user_4182,1
4618,user_4182,2
15730,user_4182,2
18849,user_4182,5
19576,user_4182,5
20803,user_4182,3
28089,user_4182,1
31906,user_4182,3
295021,user_4182,3
416034,user_4182,5
672441,user_4182,2
362,user_4189,5
1391,user_4189,4
2820,user_4189,5
3612,user_4189,1
13688,user_4189,1
15861,user_4189,4
16954,user_4189,4
21359,user_4189,3
28628,user_4189,5
359373,user_4189,3
398407,user_4189,1
419295,user_4189,4
817,user_419,2
1009,user_419,3
4519,user_419,2
10661,user_419,5
16414,user_419,4
19110,user_419,1
19603,user_419,1
19731,user_419,5
51877,user_419,4
219972,user_419,1
371831,user_419,2
2416,user_4201,5
3371,user_4201,1
7613,user_4201,3
11188,user_4201,2
15856,user_4201,2
21687,user_4201,4
22193,user_4201,3
308157,user_4201,4
12140,user_4206,3
12300,user_4206,3
13688,user_4206,3
17633,user_4206,5
51487,user_4206,4
248521,user_4206,1
257202,user_4206,4
736427,user_4206,3
39,user_4212,4
15856,user_4212,5
19196,user_4212,5
19646,user_4212,5
19716,user_4212,2
23734,user_4212,5
43253,user_4212,1
46508,user_4212,4
308157,user_4212,4
349677,user_4212,1
868085,user_4212,5
1412,user_4216,5
19057,user_4216,5
20568,user_4216,4
22437,user_4216,1
55526,user_4216,5
450239,user_4216,3
563419,user_4216,4
10994,user_4218,3
14933,user_4218,1
18240,user_4218,2
19520,user_4218,1
19610,user_4218,5
22475,user_4218,5
28082,user_4218,5
40645,user_4218,4
274571,user_4218,3
366110,user_4218,5
362,user_4252,3
2674,user_4252,5
13280,user_4252,5
13913,user_4252,4
17607,user_4252,3
19935,user_4252,4
28480,user_4252,4
51167,user_4252,2
51617,user_4252,5
370222,user_4252,3
4439,user_4253,1
9744,user_4253,3
11786,user_4253,1
12319,user_4253,5
14154,user_4253,5
19400,user_4253,5
19794,user_4253,5
20723,user_4253,2
58826,user_4253,2
60546,user_4253,5
272483,user_4253,2
3897,user_4257,4
4806,user_4257,4
19606,user_4257,2
22475,user_4257,2
23011,user_4257,2
62409,user_4257,4
432,user_4258,1
3687,user_4258,1
3917,user_4258,3
4137,user_4258,5
4361,user_4258,4
5663,user_4258,1
12720,user_4258,2
18367,user_4258,5
19794,user_4258,1
21683,user_4258,2
23600,user_4258,1
44972,user_4258,1
51321,user_4258,1
292080,user_4258,2
324992,user_4258,5
452634,user_4258,5
555994,user_4258,5
709179,user_4258,1
2634,user_4264,2
3956,user_4264,4
4380,user_4264,3
10118,user_4264,1
20589,user_4264,3
35402,user_4264,3
57885,user_4264,4
58751,user_4264,4
323051,user_4264,1
400298,user_4264,4
1509,user_4267,1
4380,user_4267,5
12143,user_4267,4
18858,user_4267,5
20723,user_4267,5
32734,user_4267,4
35573,user_4267,3
349515,user_4267,1
441738,user_4267,3
672441,user_4267,4
704730,user_4267,3
949,user_4275,1
10992,user_4275,4
11791,user_4275,2
12074,user_4275,1
13020,user_4275,3
13892,user_4275,4
14729,user_4275,5
20481,user_4275,4
42857,user_4275,1
61152,user_4275,4
349439,user_4275,5
419295,user_4275,1
2343,user_4276,2
14265,user_4276,3
19541,user_4276,4
19881,user_4276,1
29391,user_4276,1
44431,user_4276,2
58818,user_4276,1
3134,user_4279,5
10398,user_4279,2
10670,user_4279,3
14913,user_4279,4
15349,user_4279,2
16011,user_4279,3
19459,user_4279,4
27023,user_4279,1
28608,user_4279,5
52176,user_4279,1
62409,user_4279,4
67623,user_4279,3
455597,user_4279,4
1204,user_4282,3
3240,user_4282,2
4388,user_4282,4
10612,user_4282,1
11212,user_4282,4
14154,user_4282,1
22918,user_4282,3
23613,user_4282,3
56183,user_4282,3
58816,user_4282,1
290894,user_4282,2
292840,user_4282,1
322240,user_4282,3
326244,user_4282,5
799323,user_4282,3
2112,user_4285,5
3533,user_4285,5
4228,user_4285,4
9744,user_4285,1
12143,user_4285,5
19459,user_4285,3
51507,user_4285,3
58551,user_4285,2
736427,user_4285,5
3533,user_4286,5
9774,user_4286,1
11193,user_4286,3
13345,user_4286,3
17661,user_4286,4
23943,user_4286,3
62359,user_4286,2
288586,user_4286,3
301518,user_4286,2
616688,user_4286,2
3574,user_4289,2
5940,user_4289,5
15022,user_4289,4
61152,user_4289,4
287337,user_4289,1
452647,user_4289,4
275,user_4296,1
492,user_4296,2
3993,user_4296,2
4031,user_4296,1
15860,user_4296,4
15861,user_4296,4
17676,user_4296,3
46066,user_4296,2
56183,user_4296,5
61725,user_4296,1
64526,user_4296,5
349870,user_4296,1
398423,user_4296,1
34,user_4300,1
1670,user_4300,2
2115,user_4300,4
2674,user_4300,3
10056,user_4300,4
19520,user_4300,3
20333,user_4300,5
398407,user_4300,1
412477,user_4300,4
670703,user_4300,1
24,user_4309,3
766,user_4309,4
2949,user_4309,3
3627,user_4309,5
4901,user_4309,1
9801,user_4309,4
16922,user_4309,3
18632,user_4309,3
20112,user_4309,3
452647,user_4309,1
497993,user_4309,1
432,user_4325,3
10547,user_4325,1
12678,user_4325,3
14974,user_4325,3
19524,user_4325,5
28570,user_4325,2
28623,user_4325,3
28627,user_4325,1
44972,user_4325,2
53446,user_4325,2
57596,user_4325,1
58921,user_4325,3
326243,user_4325,5
401,user_4333,2
2037,user_4333,4
2551,user_4333,5
5877,user_4333,3
10110,user_4333,5
11791,user_4333,2
17597,user_4333,2
19338,user_4333,5
19467,user_4333,4
28154,user_4333,3
53446,user_4333,3
62627,user_4333,2
326292,user_4333,4
370222,user_4333,2
6319,user_4341,3
10125,user_4341,4
13104,user_4341,3
17607,user_4341,4
17685,user_4341,4
18742,user_4341,4
35402,user_4341,3
59,user_4342,1
499,user_4342,2
1630,user_4342,2
2925,user_4342,1
6800,user_4342,5
9644,user_4342,3
14285,user_4342,4
15337,user_4342,5
17790,user_4342,5
17998,user_4342,4
19400,user_4342,2
20132,user_4342,2
58876,user_4342,3
58921,user_4342,1
868085,user_4342,1
840,user_4344,2
3277,user_4344,1
9976,user_4344,4
13861,user_4344,2
14933,user_4344,4
16817,user_4344,1
16944,user_4344,1
19359,user_4344,2
51507,user_4344,1
53478,user_4344,5
326243,user_4344,5
798,user_4347,1
2145,user_4347,2
5571,user_4347,3
9731,user_4347,4
10029,user_4347,3
12074,user_4347,1
18858,user_4347,1
19093,user_4347,4
22547,user_4347,3
38860,user_4347,2
3917,user_4348,1
5445,user_4348,1
10847,user_4348,5
15406,user_4348,2
16174,user_4348,3
19524,user_4348,3
21285,user_4348,5
22439,user_4348,1
37907,user_4348,1
43004,user_4348,4
50778,user_4348,2
359373,user_4348,4
682502,user_4348,2
704730,user_4348,2
799323,user_4348,2
1854,user_4349,1
3763,user_4349,1
3917,user_4349,2
4036,user_4349,1
4137,user_4349,2
4571,user_4349,4
5426,user_4349,3
11460,user_4349,1
12121,user_4349,1
15905,user_4349,4
16915,user_4349,4
17372,user_4349,1
23165,user_4349,3
38491,user_4349,3
59142,user_4349,3
60012,user_4349,5
60546,user_4349,3
301539,user_4349,3
3214,user_4359,2
3993,user_4359,5
4471,user_4359,4
8777,user_4359,2
10118,user_4359,1
14544,user_4359,3
16944,user_4359,5
17573,user_4359,1
19584,user_4359,4
19590,user_4359,1
49428,user_4359,5
52389,user_4359,3
274758,user_4359,3
452645,user_4359,1
485203,user_4359,3
342,user_436,4
10670,user_436,4
12319,user_436,2
13627,user_436,2
14101,user_436,4
19426,user_436,1
248521,user_436,3
380786,user_436,3
563419,user_436,1
3290,user_4364,2
9644,user_4364,4
15860,user_4364,5
29593,user_4364,4
40936,user_4364,2
3424,user_4366,3
4649,user_4366,1
5621,user_4366,2
10029,user_4366,3
13513,user_4366,3
15862,user_4366,2
23943,user_4366,5
41336,user_4366,4
43004,user_4366,1
47381,user_4366,1
326243,user_4366,5
387247,user_4366,2
428198,user_4366,2
586054,user_4366,1
561,user_4369,3
9801,user_4369,4
10547,user_4369,4
13305,user_4369,1
14468,user_4369,3
15862,user_4369,3
19588,user_4369,3
40936,user_4369,3
59261,user_4369,5
62627,user_4369,2
349679,user_4369,1
4284,user_4374,3
11548,user_4374,3
15337,user_4374,4
16174,user_4374,5
16915,user_4374,2
19338,user_4374,4
19524,user_4374,5
19584,user_4374,2
19594,user_4374,4
21305,user_4374,5
52370,user_4374,2
67623,user_4374,4
11212,user_4375,5
11364,user_4375,1
12024,user_4375,4
14895,user_4375,2
16178,user_4375,2
16351,user_4375,3
16649,user_4375,5
21098,user_4375,3
28570,user_4375,2
63845,user_4375,4
284674,user_4375,3
447825,user_4375,2
573123,user_4375,2
34,user_4385,5
1922,user_4385,5
12121,user_4385,5
12447,user_4385,4
13104,user_4385,5
14446,user_4385,5
14722,user_4385,5
16174,user_4385,5
52093,user_4385,5
319239,user_4385,2
428083,user_4385,4
487911,user_4385,4
670703,user_4385,3
3498,user_4387,3
5524,user_4387,5
12649,user_4387,5
17921,user_4387,4
20212,user_4387,1
44641,user_4387,2
64526,user_4387,1
481,user_4391,1
865,user_4391,4
3358,user_4391,5
3631,user_4391,1
3763,user_4391,2
4274,user_4391,1
4414,user_4391,5
9744,user_4391,2
10532,user_4391,5
10668,user_4391,2
17597,user_4391,3
18286,user_4391,3
45109,user_4391,1
58975,user_4391,4
384521,user_4391,3
532482,user_4391,4
802000,user_4391,5
1575,user_4396,3
2300,user_4396,5
6400,user_4396,3
14062,user_4396,2
16825,user_4396,5
17703,user_4396,1
17778,user_4396,1
18286,user_4396,5
19584,user_4396,4
21119,user_4396,2
650605,user_4396,2
657,user_4397,2
2196,user_4397,2
2284,user_4397,2
12300,user_4397,5
15862,user_4397,1
16361,user_4397,1
19165,user_4397,1
19338,user_4397,3
28110,user_4397,3
29207,user_4397,2
41012,user_4397,1
58816,user_4397,5
427733,user_4397,4
428072,user_4397,3
2796,user_4400,3
10297,user_4400,3
17607,user_4400,2
19490,user_4400,3
19716,user_4400,2
49874,user_4400,5
272483,user_4400,4
371832,user_4400,1
388383,user_4400,3
411611,user_4400,2
452634,user_4400,2
2820,user_4404,2
3328,user_4404,1
4571,user_4404,2
8278,user_4404,3
9984,user_4404,1
10661,user_4404,2
19057,user_4404,2
20717,user_4404,1
25965,user_4404,4
47234,user_4404,3
52372,user_4404,2
57596,user_4404,3
366852,user_4404,3
2524,user_4408,2
3598,user_4408,4
4747,user_4408,2
6256,user_4408,4
7317,user_4408,3
10575,user_4408,3
11193,user_4408,3
14468,user_4408,5
19490,user_4408,1
39035,user_4408,1
49428,user_4408,2
366852,user_4408,5
492,user_4409,3
2098,user_4409,1
4032,user_4409,1
16011,user_4409,4
17179,user_4409,4
18699,user_4409,3
22060,user_4409,5
274760,user_4409,5
802000,user_4409,5
49,user_4410,1
766,user_4410,4
3316,user_4410,1
15860,user_4410,2
17661,user_4410,3
17703,user_4410,2
21958,user_4410,4
28300,user_4410,2
38491,user_4410,2
49300,user_4410,5
55526,user_4410,2
60586,user_4410,5
323051,user_4410,4
420000,user_4410,5
10370,user_4414,5
13345,user_4414,3
16254,user_4414,5
18207,user_4414,3
19672,user_4414,4
21586,user_4414,3
39035,user_4414,4
40344,user_4414,4
49874,user_4414,1
61152,user_4414,5
546464,user_4414,1
4284,user_4419,4
4901,user_4419,4
10400,user_4419,3
13861,user_4419,5
15861,user_4419,2
19459,user_4419,4
19617,user_4419,3
22911,user_4419,4
29170,user_4419,1
29185,user_4419,1
32734,user_4419,5
41012,user_4419,2
264828,user_4419,2
650605,user_4419,3
561,user_4432,5
3450,user_4432,2
4247,user_4432,4
4414,user_4432,5
10025,user_4432,1
13305,user_4432,1
19524,user_4432,1
20017,user_4432,5
20212,user_4432,3
21816,user_4432,5
32734,user_4432,1
398407,user_4432,4
400298,user_4432,3
442847,user_4432,2
949,user_4434,2
3168,user_4434,2
4380,user_4434,5
9644,user_4434,3
10142,user_4434,5
10594,user_4434,5
11548,user_4434,1
14614,user_4434,4
17803,user_4434,1
21285,user_4434,3
38860,user_4434,5
447825,user_4434,1
750344,user_4434,1
4234,user_4460,5
5621,user_4460,5
11682,user_4460,5
14096,user_4460,4
16922,user_4460,4
45416,user_4460,1
52370,user_4460,4
58975,user_4460,4
326244,user_4460,5
397481,user_4460,5
604,user_4461,3
11364,user_4461,5
13861,user_4461,5
19639,user_4461,4
35519,user_4461,4
49790,user_4461,4
251596,user_4461,2
274760,user_4461,3
532482,user_4461,4
6400,user_4462,4
10400,user_4462,2
14729,user_4462,4
19457,user_4462,4
27978,user_4462,4
47234,user_4462,3
447825,user_4462,5
558986,user_4462,4
672441,user_4462,3
13633,user_4469,5
17685,user_4469,4
17803,user_4469,4
18240,user_4469,2
20589,user_4469,5
21683,user_4469,2
51230,user_4469,1
366110,user_4469,4
411611,user_4469,4
521,user_4471,2
6800,user_4471,5
10547,user_4471,2
11350,user_4471,2
13734,user_4471,2
16709,user_4471,4
19574,user_4471,4
23613,user_4471,2
44525,user_4471,3
44641,user_4471,5
51487,user_4471,5
427733,user_4471,4
437059,user_4471,5
3134,user_4475,2
13305,user_4475,5
16414,user_4475,3
21305,user_4475,5
22475,user_4475,2
44525,user_4475,2
59023,user_4475,4
67623,user_4475,3
308157,user_4475,2
326239,user_4475,5
616697,user_4475,3
24,user_4488,5
2157,user_4488,1
4409,user_4488,1
5978,user_4488,3
9840,user_4488,4
11831,user_4488,5
15905,user_4488,2
19935,user_4488,4
22740,user_4488,5
44972,user_4488,3
58921,user_4488,2
9066,user_4492,3
9831,user_4492,3
11460,user_4492,2
11682,user_4492,1
17790,user_4492,2
19603,user_4492,4
20568,user_4492,5
327260,user_4492,4
1818,user_4494,2
3923,user_4494,3
4747,user_4494,5
7441,user_4494,4
10068,user_4494,5
17315,user_4494,4
19520,user_4494,5
28480,user_4494,5
49874,user_4494,3
50351,user_4494,1
366110,user_4494,4
485203,user_4494,5
802000,user_4494,3
538,user_4496,3
3168,user_4496,1
6400,user_4496,1
9774,user_4496,2
11559,user_4496,2
14690,user_4496,4
17085,user_4496,2
17558,user_4496,5
17921,user_4496,5
22121,user_4496,5
59155,user_4496,3
302857,user_4496,4
384521,user_4496,2
82,user_4498,5
278,user_4498,2
620,user_4498,5
1009,user_4498,5
4284,user_4498,5
9801,user_4498,3
12678,user_4498,1
15022,user_4498,1
15905,user_4498,4
19606,user_4498,1
20212,user_4498,3
28627,user_4498,5
44764,user_4498,5
47379,user_4498,1
51487,user_4498,5
58777,user_4498,4
61044,user_4498,1
29,user_4510,2
835,user_4510,4
15958,user_4510,3
19457,user_4510,5
22344,user_4510,1
58913,user_4510,1
59197,user_4510,5
254604,user_4510,5
450239,user_4510,4
1943,user_4512,3
3897,user_4512,2
4003,user_4512,4
8001,user_4512,4
10513,user_4512,4
10791,user_4512,5
16932,user_4512,5
19576,user_4512,2
20709,user_4512,4
21725,user_4512,2
47379,user_4512,5
214,user_4514,1
1077,user_4514,5
2115,user_4514,4
2524,user_4514,1
2977,user_4514,2
5699,user_4514,1
5940,user_4514,2
10025,user_4514,5
14722,user_4514,4
15406,user_4514,1
16709,user_4514,1
16969,user_4514,2
39093,user_4514,5
51617,user_4514,1
538,user_453,3
4507,user_453,4
10370,user_453,2
12344,user_453,2
16922,user_453,4
17177,user_453,4
17558,user_453,3
20481,user_453,2
21448,user_453,1
21687,user_453,5
58585,user_453,5
316936,user_453,2
398423,user_453,4
484852,user_453,1
2037,user_4533,1
2574,user_4533,4
3340,user_4533,4
12649,user_4533,4
20466,user_4533,1
40936,user_4533,5
42776,user_4533,2
42912,user_4533,5
47234,user_4533,3
53446,user_4533,2
57596,user_4533,1
58952,user_4533,5
327232,user_4533,2
795632,user_4533,2
4032,user_4534,4
11366,user_4534,3
15490,user_4534,5
16709,user_4534,4
17998,user_4534,5
22900,user_4534,3
42776,user_4534,1
46508,user_4534,2
59142,user_4534,2
60012,user_4534,1
428072,user_4534,2
16467,user_4536,2
23576,user_4536,5
28615,user_4536,4
28620,user_4536,2
28623,user_4536,3
46602,user_4536,5
56183,user_4536,2
58751,user_4536,1
704730,user_4536,2
14468,user_4540,1
18000,user_4540,4
41012,user_4540,3
327260,user_4540,3
499264,user_4540,3
20,user_4546,2
1943,user_4546,1
3135,user_4546,3
15479,user_4546,1
15905,user_4546,4
18712,user_4546,2
20568,user_4546,1
21229,user_4546,3
28604,user_4546,3
29109,user_4546,4
349439,user_4546,2
557828,user_4546,1
600924,user_4546,3
797882,user_4546,3
1030,user_455,5
2157,user_455,5
4747,user_455,5
10668,user_455,5
11428,user_455,2
15022,user_455,4
19274,user_455,3
19603,user_455,4
22734,user_455,4
22900,user_455,4
59155,user_455,2
428198,user_455,1
484531,user_455,4
2639,user_4550,3
6303,user_4550,3
10342,user_4550,2
18712,user_4550,4
19058,user_4550,3
19426,user_4550,1
233858,user_4550,4
342,user_4551,2
1091,user_4551,2
13345,user_4551,2
16467,user_4551,5
16969,user_4551,1
17188,user_4551,2
19467,user_4551,2
19742,user_4551,3
20589,user_4551,3
46602,user_4551,1
262437,user_4551,1
295021,user_4551,2
327269,user_4551,5
3214,user_4557,3
3627,user_4557,5
14468,user_4557,3
16915,user_4557,5
19351,user_4557,4
19490,user_4557,4
398407,user_4557,2
835,user_4559,5
1670,user_4559,4
2764,user_4559,2
10575,user_4559,4
12074,user_4559,4
17977,user_4559,5
18240,user_4559,1
18397,user_4559,3
19236,user_4559,4
19731,user_4559,2
23011,user_4559,5
437042,user_4559,5
487911,user_4559,5
692669,user_4559,4
471,user_4568,1
499,user_4568,2
1682,user_4568,2
7778,user_4568,1
12300,user_4568,3
14614,user_4568,3
15896,user_4568,1
19606,user_4568,1
21119,user_4568,4
38197,user_4568,4
502117,user_4568,3
1030,user_4570,5
3087,user_4570,4
4057,user_4570,1
10142,user_4570,1
15349,user_4570,1
16649,user_4570,5
17535,user_4570,1
19058,user_4570,3
22509,user_4570,4
58777,user_4570,3
60546,user_4570,4
398407,user_4570,2
558986,user_4570,4
147,user_4572,3
2300,user_4572,1
19731,user_4572,4
21958,user_4572,1
366852,user_4572,1
475071,user_4572,3
558986,user_4572,1
4137,user_458,4
10513,user_458,1
11212,user_458,5
18712,user_458,1
19338,user_458,2
35326,user_458,4
39035,user_458,3
57885,user_458,2
62627,user_458,4
287337,user_458,2
384521,user_458,2
397481,user_458,2
539,user_4582,3
2138,user_4582,5
4475,user_4582,3
12024,user_4582,3
16116,user_4582,5
16254,user_4582,5
17548,user_4582,4
18614,user_4582,5
19794,user_4582,1
21725,user_4582,1
27977,user_4582,5
28604,user_4582,4
42776,user_4582,4
58809,user_4582,1
397481,user_4582,1
411611,user_4582,2
494384,user_4582,3
2524,user_4584,5
10398,user_4584,3
12279,user_4584,3
14317,user_4584,5
21285,user_4584,3
21725,user_4584,1
23600,user_4584,5
44029,user_4584,5
371831,user_4584,1
1184,user_459,3
2100,user_459,3
5940,user_459,2
10400,user_459,5
13514,user_459,2
15077,user_459,5
20481,user_459,3
50778,user_459,5
52093,user_459,4
251596,user_459,5
295090,user_459,5
349439,user_459,3
865,user_4600,4
3771,user_4600,3
5978,user_4600,1
9986,user_4600,2
17633,user_4600,2
18207,user_4600,4
18271,user_4600,4
19338,user_4600,1
20333,user_4600,2
283973,user_4600,2
437059,user_4600,4
2243,user_4604,1
2634,user_4604,3
3892,user_4604,5
4409,user_4604,3
10400,user_4604,4
10928,user_4604,5
14933,user_4604,1
16817,user_4604,4
19590,user_4604,5
21725,user_4604,4
47379,user_4604,2
455597,user_4604,5
3942,user_4606,4
17536,user_4606,2
17998,user_4606,1
19347,user_4606,1
19351,user_4606,5
19541,user_4606,3
19829,user_4606,3
23613,user_4606,5
38146,user_4606,3
58551,user_4606,1
62409,user_4606,3
349515,user_4606,2
555994,user_4606,5
586054,user_4606,2
3923,user_4611,3
11383,user_4611,3
11786,user_4611,5
13104,user_4611,5
14015,user_4611,3
18240,user_4611,4
39093,user_4611,1
274758,user_4611,5
400298,user_4611,5
475071,user_4611,3
484718,user_4611,2
4901,user_4622,2
14397,user_4622,5
15905,user_4622,3
17286,user_4622,2
18207,user_4622,5
19588,user_4622,3
20239,user_4622,4
21219,user_4622,1
44764,user_4622,4
46066,user_4622,3
262433,user_4622,5
326244,user_4622,4
670703,user_4622,5
1236,user_4623,5
1943,user_4623,4
3328,user_4623,5
7353,user_4623,4
11682,user_4623,2
16437,user_4623,5
20319,user_4623,5
28160,user_4623,3
295021,user_4623,4
301518,user_4623,2
1509,user_4629,5
7353,user_4629,4
9066,user_4629,1
10141,user_4629,5
14447,user_4629,4
14933,user_4629,1
21285,user_4629,1
27944,user_4629,5
28154,user_4629,1
450239,user_4629,5
452645,user_4629,1
87,user_4638,4
388,user_4638,4
432,user_4638,3
561,user_4638,1
2289,user_4638,3
3424,user_4638,2
3687,user_4638,4
10370,user_4638,3
28131,user_4638,1
532482,user_4638,5
8777,user_4647,3
10301,user_4647,3
13633,user_4647,1
19590,user_4647,3
20253,user_4647,1
22437,user_4647,5
115,user_4648,4
657,user_4648,4
4284,user_4648,3
5426,user_4648,4
5940,user_4648,4
9840,user_4648,2
10031,user_4648,5
10297,user_4648,4
13777,user_4648,5
15730,user_4648,4
15862,user_4648,5
17676,user_4648,5
20756,user_4648,3
29109,user_4648,4
326292,user_4648,3
357891,user_4648,3
1030,user_4657,5
1818,user_4657,5
2820,user_4657,5
7778,user_4657,2
10068,user_4657,1
10297,user_4657,1
17573,user_4657,4
18614,user_4657,1
19994,user_4657,4
20212,user_4657,4
21219,user_4657,5
38860,user_4657,2
371831,user_4657,3
502241,user_4657,2
9976,user_4670,2
10398,user_4670,2
17835,user_4670,3
18797,user_4670,2
27944,user_4670,3
362895,user_4670,1
546464,user_4670,5
557828,user_4670,5
798,user_4674,3
4471,user_4674,2
6256,user_4674,3
11212,user_4674,2
14099,user_4674,5
21725,user_4674,4
42912,user_4674,4
58754,user_4674,3
61725,user_4674,2
558986,user_4674,3
2100,user_4683,2
2639,user_4683,2
20319,user_4683,3
22014,user_4683,4
51081,user_4683,5
430254,user_4683,4
1030,user_4686,3
4507,user_4686,1
9831,user_4686,5
16922,user_4686,2
19994,user_4686,1
23576,user_4686,5
28160,user_4686,2
47234,user_4686,2
2138,user_4692,3
2287,user_4692,1
2300,user_4692,3
2551,user_4692,2
12914,user_4692,2
15126,user_4692,1
18397,user_4692,4
21219,user_4692,3
27022,user_4692,3
47234,user_4692,2
61044,user_4692,3
319239,user_4692,1
123,user_4696,3
3498,user_4696,3
3897,user_4696,2
4356,user_4696,3
8777,user_4696,5
10293,user_4696,2
12893,user_4696,3
15323,user_4696,4
15958,user_4696,1
16944,user_4696,5
17731,user_4696,4
19608,user_4696,2
20333,user_4696,4
38491,user_4696,5
300689,user_4696,1
278,user_4704,3
10928,user_4704,3
15861,user_4704,1
21098,user_4704,1
22790,user_4704,4
29131,user_4704,1
35402,user_4704,3
58497,user_4704,1
62359,user_4704,2
2037,user_4708,5
3087,user_4708,5
5542,user_4708,4
13280,user_4708,3
13514,user_4708,5
16164,user_4708,1
17597,user_4708,4
29069,user_4708,1
40936,user_4708,1
326244,user_4708,5
364975,user_4708,4
366881,user_4708,3
427733,user_4708,4
2300,user_4711,1
4137,user_4711,2
7613,user_4711,4
10594,user_4711,5
16969,user_4711,4
18629,user_4711,3
19794,user_4711,5
20020,user_4711,5
20154,user_4711,5
20717,user_4711,5
22060,user_4711,1
28627,user_4711,4
40936,user_4711,4
49428,user_4711,4
326243,user_4711,2
1509,user_4712,2
2949,user_4712,5
3168,user_4712,2
4490,user_4712,5
12024,user_4712,5
14088,user_4712,2
17790,user_4712,4
18000,user_4712,2
19608,user_4712,1
20709,user_4712,3
21510,user_4712,1
43004,user_4712,3
268363,user_4712,3
349515,user_4712,4
497993,user_4712,5
670703,user_4712,4
134,user_4715,3
1412,user_4715,2
9638,user_4715,4
15077,user_4715,3
17685,user_4715,1
19058,user_4715,3
19436,user_4715,5
20133,user_4715,1
22104,user_4715,4
51321,user_4715,4
52371,user_4715,4
389054,user_4715,4
275,user_4718,1
471,user_4718,2
3186,user_4718,4
3358,user_4718,1
3469,user_4718,3
4192,user_4718,5
11366,user_4718,4
16716,user_4718,2
16922,user_4718,2
20911,user_4718,3
39277,user_4718,2
650605,user_4718,1
682502,user_4718,1
2098,user_4731,5
2289,user_4731,5
4032,user_4731,2
8622,user_4731,1
9997,user_4731,5
23734,user_4731,2
50351,user_4731,3
682502,user_4731,5
692669,user_4731,4
868086,user_4731,4
3892,user_4740,2
4274,user_4740,4
7353,user_4740,2
7613,user_4740,2
16880,user_4740,1
16944,user_4740,4
19881,user_4740,2
46543,user_4740,4
52384,user_4740,3
616697,user_4740,2
2271,user_4744,1
3087,user_4744,5
6319,user_4744,4
11448,user_4744,2
12319,user_4744,5
12720,user_4744,3
13104,user_4744,5
19740,user_4744,5
21958,user_4744,5
49874,user_4744,4
51179,user_4744,2
57519,user_4744,2
87,user_4754,5
674,user_4754,2
1391,user_4754,4
4058,user_4754,1
9824,user_4754,5
10643,user_4754,1
11383,user_4754,1
13892,user_4754,3
14285,user_4754,5
17731,user_4754,4
20995,user_4754,3
21305,user_4754,2
44725,user_4754,5
59197,user_4754,5
412477,user_4754,4
537744,user_4754,5
619806,user_4754,5
538,user_4757,5
11142,user_4757,3
14527,user_4757,5
16612,user_4757,3
16961,user_4757,2
17703,user_4757,2
17946,user_4757,4
18797,user_4757,4
28533,user_4757,1
63845,user_4757,5
292080,user_4757,4
475071,user_4757,1
59,user_4760,4
1630,user_4760,2
3498,user_4760,1
4459,user_4760,1
10400,user_4760,1
12319,user_4760,4
13777,user_4760,2
15337,user_4760,3
16969,user_4760,5
29170,user_4760,3
49790,user_4760,1
61152,user_4760,2
2289,user_4766,5
2574,user_4766,3
3194,user_4766,3
3917,user_4766,3
9871,user_4766,1
12344,user_4766,1
14468,user_4766,2
15404,user_4766,5
15861,user_4766,4
22344,user_4766,4
28110,user_4766,2
50738,user_4766,1
275606,user_4766,5
561,user_4768,4
3469,user_4768,4
10612,user_4768,5
15075,user_4768,5
15406,user_4768,2
16008,user_4768,3
16024,user_4768,5
16178,user_4768,5
22014,user_4768,1
22790,user_4768,4
28604,user_4768,5
47270,user_4768,5
63845,user_4768,1
498,user_4782,4
906,user_4782,5
2115,user_4782,1
4356,user_4782,3
10118,user_4782,2
16969,user_4782,1
20020,user_4782,5
20253,user_4782,4
49874,user_4782,1
61415,user_4782,1
499264,user_4782,4
546464,user_4782,1
563419,user_4782,1
657,user_4787,5
10004,user_4787,2
13886,user_4787,4
15861,user_4787,5
17056,user_4787,1
17417,user_4787,5
22104,user_4787,3
29069,user_4787,4
31906,user_4787,2
248521,user_4787,4
327260,user_4787,5
428198,user_4787,4
455597,user_4787,3
672441,user_4787,5
521,user_4793,5
3424,user_4793,3
10397,user_4793,2
10668,user_4793,3
19436,user_4793,1
40368,user_4793,4
437042,user_4793,1
147,user_4794,5
4409,user_4794,4
9871,user_4794,2
11052,user_4794,4
13856,user_4794,5
15077,user_4794,3
17315,user_4794,5
17778,user_4794,5
17998,user_4794,1
22014,user_4794,2
28082,user_4794,2
40344,user_4794,4
288586,user_4794,2
292840,user_4794,3
514899,user_4794,4
570074,user_4794,5
709179,user_4794,1
364,user_4799,1
2764,user_4799,5
3344,user_4799,1
7441,user_4799,2
9638,user_4799,4
10400,user_4799,4
11548,user_4799,1
11971,user_4799,4
12893,user_4799,3
17056,user_4799,2
17286,user_4799,3
20803,user_4799,4
42064,user_4799,3
51507,user_4799,1
58921,user_4799,4
1818,user_48,1
2157,user_48,5
2289,user_48,1
11366,user_48,3
12470,user_48,2
14614,user_48,1
20020,user_48,1
43004,user_48,4
62897,user_48,1
262433,user_48,1
1818,user_4800,5
4439,user_4800,4
8278,user_4800,5
10047,user_4800,5
11831,user_4800,5
15615,user_4800,2
18183,user_4800,4
35402,user_4800,3
55526,user_4800,4
397471,user_4800,1
558984,user_4800,3
736427,user_4800,3
750344,user_4800,2
388,user_4806,2
657,user_4806,5
4032,user_4806,1
10297,user_4806,1
10928,user_4806,5
12074,user_4806,4
13627,user_4806,3
16178,user_4806,4
19525,user_4806,3
42858,user_4806,3
59142,user_4806,4
288586,user_4806,5
326239,user_4806,5
452647,user_4806,3
10594,user_4817,1
14062,user_4817,4
16164,user_4817,3
16612,user_4817,2
17188,user_4817,1
19236,user_4817,5
19608,user_4817,3
22437,user_4817,4
42391,user_4817,1
17315,user_4821,4
19110,user_4821,5
19794,user_4821,3
21631,user_4821,5
21687,user_4821,4
28075,user_4821,4
32734,user_4821,2
38491,user_4821,1
58551,user_4821,1
257203,user_4821,4
292080,user_4821,2
682502,user_4821,2
49,user_4822,3
10118,user_4822,2
12291,user_4822,3
13688,user_4822,3
29069,user_4822,4
35402,user_4822,3
52370,user_4822,1
349250,user_4822,1
194,user_4828,3
2828,user_4828,3
3561,user_4828,1
4477,user_4828,4
18654,user_4828,3
19196,user_4828,1
19646,user_4828,1
19742,user_4828,5
20250,user_4828,1
22344,user_4828,2
327212,user_4828,3
366852,user_4828,5
474,user_4830,2
798,user_4830,5
3340,user_4830,4
5363,user_4830,3
11682,user_4830,1
18000,user_4830,3
19436,user_4830,4
19570,user_4830,5
27023,user_4830,4
28608,user_4830,2
46066,user_4830,2
51179,user_4830,1
233858,user_4830,5
349439,user_4830,5
450239,user_4830,3
452649,user_4830,4
2416,user_4835,2
10417,user_4835,4
14974,user_4835,3
18712,user_4835,3
29185,user_4835,5
35573,user_4835,2
42064,user_4835,1
51167,user_4835,5
423950,user_4835,4
514899,user_4835,1
795370,user_4835,1
1854,user_4846,1
2100,user_4846,2
2157,user_4846,4
3044,user_4846,5
4475,user_4846,4
11682,user_4846,2
13886,user_4846,4
19994,user_4846,4
20319,user_4846,3
29131,user_4846,4
51321,user_4846,1
479694,user_4846,1
546464,user_4846,1
24,user_4849,5
9986,user_4849,4
12280,user_4849,1
14096,user_4849,1
14922,user_4849,4
15500,user_4849,1
15905,user_4849,1
16174,user_4849,4
18699,user_4849,4
20911,user_4849,2
29218,user_4849,2
37907,user_4849,3
42064,user_4849,4
370222,user_4849,1
82,user_485,5
362,user_485,1
1090,user_485,4
3574,user_485,1
3917,user_485,2
5511,user_485,5
9824,user_485,2
10370,user_485,5
11350,user_485,5
15406,user_485,3
15862,user_485,1
16437,user_485,1
18614,user_485,3
21958,user_485,2
28615,user_485,4
45821,user_485,5
47270,user_485,2
264828,user_485,4
349250,user_485,1
437059,user_485,1
619806,user_485,4
115,user_4857,1
798,user_4857,4
11971,user_4857,2
15860,user_4857,2
19994,user_4857,2
24493,user_4857,1
437059,user_4857,3
452649,user_4857,3
494384,user_4857,4
4057,user_4864,1
11329,user_4864,2
11559,user_4864,1
12893,user_4864,1
16437,user_4864,4
21725,user_4864,2
23734,user_4864,5
28620,user_4864,2
447825,user_4864,3
650605,user_4864,4
1391,user_488,4
1854,user_488,3
4477,user_488,5
14062,user_488,4
15294,user_488,4
19284,user_488,5
19359,user_488,1
58754,user_488,1
59023,user_488,3
388968,user_488,1
494393,user_488,5
499264,user_488,4
275,user_4881,5
342,user_4881,5
4459,user_4881,4
8622,user_4881,5
12300,user_4881,4
17558,user_4881,2
21691,user_4881,2
52342,user_4881,5
53432,user_4881,5
292840,user_4881,4
447825,user_4881,1
573124,user_4881,4
657,user_4886,3
3990,user_4886,5
10417,user_4886,4
10638,user_4886,3
14265,user_4886,4
15022,user_4886,5
16704,user_4886,4
20253,user_4886,3
20568,user_4886,1
20756,user_4886,5
40368,user_4886,1
53432,user_4886,5
58809,user_4886,4
59142,user_4886,4
59700,user_4886,4
257195,user_4886,5
258322,user_4886,2
326243,user_4886,4
155,user_4887,2
2243,user_4887,4
3316,user_4887,5
4234,user_4887,5
9997,user_4887,4
11460,user_4887,5
12649,user_4887,3
15862,user_4887,1
16954,user_4887,5
17790,user_4887,1
21098,user_4887,4
52342,user_4887,3
258322,user_4887,5
384521,user_4887,4
447815,user_4887,2
214,user_4889,3
2287,user_4889,1
2960,user_4889,1
9066,user_4889,3
11559,user_4889,5
11786,user_4889,4
13913,user_4889,4
14096,user_4889,3
15294,user_4889,4
27976,user_4889,3
37972,user_4889,2
51167,user_4889,1
499264,user_4889,4
3628,user_4897,5
4475,user_4897,4
9603,user_4897,5
21816,user_4897,2
23165,user_4897,4
38808,user_4897,3
53478,user_4897,3
840,user_4898,5
2524,user_4898,5
3240,user_4898,4
12319,user_4898,1
22439,user_4898,5
22475,user_4898,4
46066,user_4898,1
51081,user_4898,1
61415,user_4898,4
682502,user_4898,2
2098,user_4906,2
2709,user_4906,3
2838,user_4906,4
12291,user_4906,4
16414,user_4906,2
17926,user_4906,4
21119,user_4906,4
21687,user_4906,1
27022,user_4906,1
35573,user_4906,5
39035,user_4906,1
44525,user_4906,4
61152,user_4906,2
62534,user_4906,4
64491,user_4906,3
362895,user_4906,2
1077,user_4909,1
5571,user_4909,4
10004,user_4909,4
14974,user_4909,3
16178,user_4909,4
19165,user_4909,4
19603,user_4909,5
25965,user_4909,4
27022,user_4909,2
28604,user_4909,2
43253,user_4909,1
46543,user_4909,1
47379,user_4909,5
514899,user_4909,5
2271,user_491,2
3344,user_491,1
10928,user_491,4
14062,user_491,3
16944,user_491,4
17731,user_491,1
18286,user_491,4
20515,user_491,5
25965,user_491,3
29109,user_491,1
44641,user_491,4
62409,user_491,4
452645,user_491,1
484718,user_491,3
3627,user_493,5
21359,user_493,5
27022,user_493,1
28154,user_493,1
42064,user_493,5
287337,user_493,1
868086,user_493,5
3339,user_4933,2
12146,user_4933,5
14922,user_4933,2
38491,user_4933,2
44641,user_4933,3
254604,user_4933,4
475071,user_4933,3
868085,user_4933,2
13535,user_4934,1
16351,user_4934,5
16414,user_4934,3
18285,user_4934,1
19574,user_4934,1
23322,user_4934,5
254604,user_4934,2
846499,user_4934,1
82,user_4937,5
1509,user_4937,3
4561,user_4937,5
9603,user_4937,2
10297,user_4937,3
13886,user_4937,1
16880,user_4937,1
21229,user_4937,3
23576,user_4937,2
28628,user_4937,4
29185,user_4937,3
44641,user_4937,4
44764,user_4937,4
283973,user_4937,5
5706,user_4938,3
6319,user_4938,3
9871,user_4938,3
15958,user_4938,2
18698,user_4938,5
28547,user_4938,5
57519,user_4938,3
58921,user_4938,3
61152,user_4938,5
233858,user_4938,1
2639,user_494,1
2925,user_494,3
3358,user_494,3
4499,user_494,5
8845,user_494,1
17558,user_494,1
18271,user_494,3
20154,user_494,3
49790,user_494,2
452647,user_494,1
3628,user_4941,4
9606,user_4941,3
10025,user_4941,2
10791,user_4941,1
11831,user_4941,5
16361,user_4941,5
16944,user_4941,4
17676,user_4941,4
17921,user_4941,5
21725,user_4941,4
42912,user_4941,4
47270,user_4941,3
51690,user_4941,1
52939,user_4941,1
60012,user_4941,2
494393,user_4941,1
10847,user_4948,2
19196,user_4948,1
28131,user_4948,1
29131,user_4948,5
43004,user_4948,5
47594,user_4948,3
57519,user_4948,5
428083,user_4948,1
3339,user_4953,2
3956,user_4953,2
10029,user_4953,3
10791,user_4953,3
14015,user_4953,4
14922,user_4953,2
15075,user_4953,2
15490,user_4953,3
19110,user_4953,3
23322,user_4953,4
40645,user_4953,2
49874,user_4953,2
484531,user_4953,3
558984,user_4953,1
4234,user_4957,4
4247,user_4957,4
4747,user_4957,4
11548,user_4957,3
17685,user_4957,2
19374,user_4957,5
274766,user_4957,3
427733,user_4957,1
430254,user_4957,5
147,user_4971,1
3498,user_4971,4
4747,user_4971,3
9774,user_4971,1
9840,user_4971,5
9986,user_4971,4
10575,user_4971,1
12447,user_4971,2
14015,user_4971,5
19524,user_4971,1
28540,user_4971,5
268363,user_4971,1
308157,user_4971,2
115,user_4974,1
2828,user_4974,3
3498,user_4974,1
3763,user_4974,2
4058,user_4974,3
4137,user_4974,5
10125,user_4974,4
13104,user_4974,4
20589,user_4974,5
27977,user_4974,4
258322,user_4974,5
452645,user_4974,1
484828,user_4974,5
705616,user_4974,2
9986,user_4976,1
10994,user_4976,1
12024,user_4976,1
13627,user_4976,2
16254,user_4976,3
24877,user_4976,4
38146,user_4976,1
39277,user_4976,4
53239,user_4976,2
58551,user_4976,5
282807,user_4976,1
2343,user_498,4
3358,user_498,3
9668,user_498,1
9871,user_498,4
14099,user_498,1
14527,user_498,1
15077,user_498,1
51081,user_498,5
555994,user_498,4
2709,user_4986,3
4475,user_4986,3
10513,user_4986,4
12720,user_4986,3
13020,user_4986,3
13038,user_4986,5
15406,user_4986,4
17188,user_4986,2
28110,user_4986,2
37972,user_4986,5
672441,user_4986,4
1140,user_4989,2
12121,user_4989,1
15335,user_4989,5
16116,user_4989,2
16361,user_4989,4
18183,user_4989,5
28089,user_4989,3
49300,user_4989,1
52389,user_4989,1
58913,user_4989,5
64526,user_4989,4
3469,user_4995,1
3790,user_4995,5
10547,user_4995,5
10638,user_4995,3
11142,user_4995,4
11971,user_4995,5
13482,user_4995,4
13694,user_4995,5
16437,user_4995,3
19459,user_4995,4
19794,user_4995,2
22256,user_4995,3
29185,user_4995,3
327212,user_4995,2
538,user_4996,2
2243,user_4996,2
4409,user_4996,1
4519,user_4996,1
5678,user_4996,3
5699,user_4996,4
7241,user_4996,1
12893,user_4996,1
15337,user_4996,1
15500,user_4996,1
18698,user_4996,3
63845,user_4996,2
264828,user_4996,5
452647,user_4996,4
484852,user_4996,5
2828,user_4998,2
3168,user_4998,3
10090,user_4998,1
10594,user_4998,5
12678,user_4998,5
12914,user_4998,4
19524,user_4998,5
19541,user_4998,1
20250,user_4998,3
21687,user_4998,5
573124,user_4998,1
123,user_5,5
539,user_5,2
1184,user_5,4
2284,user_5,5
4380,user_5,3
20709,user_5,1
21219,user_5,5
28201,user_5,2
59640,user_5,4
67623,user_5,5
802000,user_5,1
1818,user_5000,1
10575,user_5000,2
10745,user_5000,5
11329,user_5000,3
13852,user_5000,3
19639,user_5000,3
23943,user_5000,3
27977,user_5000,5
47613,user_5000,1
302857,user_5000,2
419295,user_5000,3
450239,user_5000,4
499,user_5001,3
3290,user_5001,4
9638,user_5001,5
9668,user_5001,3
17731,user_5001,5
42776,user_5001,3
52370,user_5001,3
254604,user_5001,2
555994,user_5001,1
10532,user_501,1
10994,user_501,1
14154,user_501,1
14729,user_501,4
15323,user_501,4
16116,user_501,2
21687,user_501,4
47234,user_501,2
49300,user_501,4
288586,user_501,1
349515,user_501,4
475071,user_501,5
364,user_5010,5
706,user_5010,3
2100,user_5010,3
2977,user_5010,3
5511,user_5010,3
10791,user_5010,4
11791,user_5010,1
28201,user_5010,5
47234,user_5010,1
59796,user_5010,2
557828,user_5010,5
2112,user_5014,4
3763,user_5014,2
18285,user_5014,1
22060,user_5014,3
24478,user_5014,3
29391,user_5014,1
51617,user_5014,3
494384,user_5014,4
432,user_502,3
3135,user_502,5
4003,user_502,4
4036,user_502,3
10025,user_502,4
12344,user_502,2
13892,user_502,3
15967,user_502,2
22104,user_502,1
23165,user_502,2
35326,user_502,4
52372,user_502,3
366852,user_502,2
11428,user_5021,2
13892,user_5021,3
19606,user_5021,2
20515,user_5021,4
42064,user_5021,4
374507,user_5021,2
573124,user_5021,5
538,user_5024,1
840,user_5024,5
2925,user_5024,4
3598,user_5024,4
4380,user_5024,3
21448,user_5024,4
21631,user_5024,1
21725,user_5024,3
38808,user_5024,5
51081,user_5024,5
60586,user_5024,3
61152,user_5024,3
479694,user_5024,2
2289,user_5025,2
9638,user_5025,5
13861,user_5025,2
16361,user_5025,4
17417,user_5025,4
18614,user_5025,5
19794,user_5025,4
42064,user_5025,1
257202,user_5025,2
257377,user_5025,3
262433,user_5025,2
275606,user_5025,3
704730,user_5025,5
706,user_5026,1
966,user_5026,5
1391,user_5026,1
2949,user_5026,5
5445,user_5026,2
8278,user_5026,3
9984,user_5026,4
10031,user_5026,5
10594,user_5026,1
16254,user_5026,4
17878,user_5026,5
18797,user_5026,5
20319,user_5026,4
21416,user_5026,2
301539,user_5026,5
452649,user_5026,5
82,user_5031,5
2796,user_5031,1
3574,user_5031,1
9997,user_5031,3
12146,user_5031,4
18797,user_5031,1
20481,user_5031,1
32734,user_5031,5
44641,user_5031,3
452649,user_5031,4
600924,user_5031,4
119,user_5047,1
620,user_5047,2
1943,user_5047,5
2060,user_5047,5
2416,user_5047,1
3087,user_5047,4
3498,user_5047,5
3763,user_5047,1
5877,user_5047,2
13886,user_5047,3
16404,user_5047,2
19740,user_5047,2
20911,user_5047,2
42858,user_5047,1
268363,user_5047,1
846499,user_5047,3
2219,user_5054,1
3748,user_5054,5
10025,user_5054,5
10398,user_5054,3
18849,user_5054,2
21411,user_5054,2
47430,user_5054,1
327232,user_5054,3
416034,user_5054,5
423950,user_5054,3
123,user_5057,4
3358,user_5057,4
3533,user_5057,2
9638,user_5057,1
10029,user_5057,5
11559,user_5057,5
12143,user_5057,5
12319,user_5057,2
16961,user_5057,2
18000,user_5057,3
18397,user_5057,4
19639,user_5057,4
51081,user_5057,3
55526,user_5057,3
58133,user_5057,2
58876,user_5057,3
60012,user_5057,3
301518,user_5057,5
428966,user_5057,1
442847,user_5057,4
573119,user_5057,2
573124,user_5057,5
2960,user_5059,3
3598,user_5059,4
3687,user_5059,2
10090,user_5059,2
10547,user_5059,3
10791,user_5059,3
12140,user_5059,3
16880,user_5059,1
16954,user_5059,5
19338,user_5059,4
29593,user_5059,1
846499,user_5059,3
2838,user_5060,5
10745,user_5060,2
14062,user_5060,3
16467,user_5060,1
268363,user_5060,1
397471,user_5060,4
846499,user_5060,4
1559,user_5061,2
13285,user_5061,2
16164,user_5061,3
16254,user_5061,2
21308,user_5061,3
45821,user_5061,1
359373,user_5061,2
380786,user_5061,1
1509,user_5063,4
17703,user_5063,5
19639,user_5063,1
20233,user_5063,1
37972,user_5063,4
38197,user_5063,3
2098,user_5078,2
2226,user_5078,4
16361,user_5078,1
18097,user_5078,2
19610,user_5078,4
35519,user_5078,3
4499,user_5079,2
9731,user_5079,2
15349,user_5079,3
22014,user_5079,4
29383,user_5079,3
41656,user_5079,2
46602,user_5079,3
53446,user_5079,1
257203,user_5079,2
388968,user_5079,3
452634,user_5079,2
750344,user_5079,1
492,user_5081,3
4618,user_5081,3
16922,user_5081,1
18000,user_5081,3
45109,user_5081,4
52939,user_5081,2
53432,user_5081,2
59142,user_5081,5
59700,user_5081,3
64526,user_5081,5
420000,user_5081,3
1204,user_5082,5
2977,user_5082,3
4439,user_5082,5
7613,user_5082,5
10297,user_5082,1
10668,user_5082,2
16174,user_5082,2
19639,user_5082,2
398423,user_5082,1
437059,user_5082,2
452634,user_5082,3
119,user_5098,1
4192,user_5098,3
10142,user_5098,2
16954,user_5098,2
20133,user_5098,2
287337,user_5098,2
290894,user_5098,1
308157,user_5098,3
455597,user_5098,1
1091,user_5102,2
1943,user_5102,3
2060,user_5102,3
3316,user_5102,4
10142,user_5102,3
13285,user_5102,3
18097,user_5102,4
22911,user_5102,4
53478,user_5102,1
248521,user_5102,5
452645,user_5102,3
16704,user_5104,1
16761,user_5104,3
21170,user_5104,1
44029,user_5104,2
51487,user_5104,1
428072,user_5104,3
539,user_5110,2
2343,user_5110,2
3371,user_5110,2
3956,user_5110,3
3990,user_5110,3
9066,user_5110,3
10004,user_5110,5
10847,user_5110,2
13856,user_5110,4
14290,user_5110,3
17188,user_5110,1
22437,user_5110,1
23613,user_5110,3
28539,user_5110,5
452647,user_5110,2
479694,user_5110,4
155,user_5118,1
2709,user_5118,5
3328,user_5118,5
4380,user_5118,3
4507,user_5118,4
10417,user_5118,1
18629,user_5118,4
18698,user_5118,4
21219,user_5118,4
25173,user_5118,3
27022,user_5118,2
42776,user_5118,3
51690,user_5118,1
484842,user_5118,4
494393,user_5118,5
672441,user_5118,3
682502,user_5118,1
134,user_5121,4
1575,user_5121,5
2100,user_5121,2
3574,user_5121,3
8001,user_5121,2
13694,user_5121,1
13734,user_5121,3
15274,user_5121,1
17188,user_5121,5
20212,user_5121,4
20515,user_5121,5
20589,user_5121,2
39093,user_5121,4
52179,user_5121,2
364975,user_5121,2
1091,user_5122,5
1559,user_5122,5
4519,user_5122,4
4901,user_5122,2
14088,user_5122,1
19794,user_5122,5
20112,user_5122,4
24493,user_5122,3
38197,user_5122,2
58826,user_5122,3
301518,user_5122,2
868085,user_5122,5
538,user_5125,3
1818,user_5125,4
2060,user_5125,2
10547,user_5125,3
13852,user_5125,4
14446,user_5125,2
16116,user_5125,3
19457,user_5125,1
45416,user_5125,3
53446,user_5125,1
62069,user_5125,5
558984,user_5125,4
845261,user_5125,3
2098,user_5130,2
3574,user_5130,3
15126,user_5130,1
17597,user_5130,3
19881,user_5130,2
23943,user_5130,4
42391,user_5130,4
60012,user_5130,5
327269,user_5130,4
371831,user_5130,4
600924,user_5130,1
840,user_5134,2
2037,user_5134,4
2764,user_5134,5
15349,user_5134,1
16467,user_5134,2
17188,user_5134,4
20132,user_5134,3
21229,user_5134,1
21816,user_5134,3
275606,user_5134,4
499,user_5138,2
766,user_5138,3
2219,user_5138,5
2960,user_5138,4
3598,user_5138,3
3612,user_5138,5
17252,user_5138,1
17536,user_5138,1
19740,user_5138,3
22158,user_5138,1
47379,user_5138,4
62069,user_5138,1
63845,user_5138,2
155,user_5146,5
3561,user_5146,1
15615,user_5146,4
15861,user_5146,4
17188,user_5146,1
22158,user_5146,4
50694,user_5146,4
57596,user_5146,4
428083,user_5146,1
452649,user_5146,4
2289,user_5152,1
3044,user_5152,5
10928,user_5152,4
14636,user_5152,4
17597,user_5152,2
19426,user_5152,5
20911,user_5152,5
21229,user_5152,4
22158,user_5152,2
24493,user_5152,2
28628,user_5152,1
45821,user_5152,2
64526,user_5152,3
251596,user_5152,5
275636,user_5152,3
389054,user_5152,1
400298,user_5152,4
194,user_5153,3
474,user_5153,4
3990,user_5153,2
5363,user_5153,1
9066,user_5153,1
13535,user_5153,2
14096,user_5153,2
16116,user_5153,5
16351,user_5153,1
16414,user_5153,3
19457,user_5153,3
20154,user_5153,3
42391,user_5153,3
452647,user_5153,5
563419,user_5153,2
474,user_5159,4
3344,user_5159,1
8278,user_5159,1
16042,user_5159,4
19467,user_5159,3
19555,user_5159,3
22740,user_5159,3
29391,user_5159,3
59640,user_5159,4
427733,user_5159,5
3186,user_5161,4
3892,user_5161,4
4361,user_5161,1
15274,user_5161,2
22344,user_5161,4
47361,user_5161,4
326243,user_5161,4
706,user_5162,4
3168,user_5162,4
7317,user_5162,5
7778,user_5162,2
9840,user_5162,2
15294,user_5162,1
16361,user_5162,3
18777,user_5162,1
19520,user_5162,4
21687,user_5162,2
28628,user_5162,1
29109,user_5162,1
32734,user_5162,4
50675,user_5162,3
52372,user_5162,5
316936,user_5162,3
370222,user_5162,5
3134,user_5165,1
3790,user_5165,5
5426,user_5165,1
13694,user_5165,1
17946,user_5165,1
57885,user_5165,5
59796,user_5165,1
371832,user_5165,3
709179,user_5165,3
119,user_5168,5
715,user_5168,4
3923,user_5168,4
5511,user_5168,3
9744,user_5168,2
15862,user_5168,4
16467,user_5168,5
17177,user_5168,4
18207,user_5168,4
20154,user_5168,1
21687,user_5168,2
55526,user_5168,4
441738,user_5168,5
604,user_5178,1
1091,user_5178,3
14527,user_5178,4
14729,user_5178,3
17607,user_5178,2
17703,user_5178,4
19284,user_5178,4
51617,user_5178,3
59142,user_5178,5
60012,user_5178,1
437042,user_5178,5
494384,user_5178,5
1630,user_518,3
4519,user_518,3
5445,user_518,4
9986,user_518,1
11559,user_518,5
12319,user_518,5
13482,user_518,4
14088,user_518,2
14690,user_518,3
15349,user_518,5
18207,user_518,3
28195,user_518,5
233858,user_518,1
362,user_5186,3
1009,user_5186,4
2138,user_5186,4
4192,user_5186,1
4356,user_5186,4
10417,user_5186,1
10670,user_5186,1
11682,user_5186,4
13627,user_5186,5
19525,user_5186,3
19639,user_5186,3
19881,user_5186,3
27944,user_5186,5
37907,user_5186,1
42857,user_5186,4
274571,user_5186,1
616688,user_5186,1
2145,user_5192,3
2709,user_5192,1
4649,user_5192,5
7778,user_5192,1
14101,user_5192,4
14895,user_5192,5
15479,user_5192,4
18207,user_5192,2
257202,user_5192,2
327209,user_5192,1
398407,user_5192,1
3134,user_5194,1
3344,user_5194,2
4439,user_5194,1
5542,user_5194,2
6256,user_5194,3
11192,user_5194,1
12146,user_5194,1
13734,user_5194,3
18395,user_5194,3
19594,user_5194,4
19608,user_5194,1
50738,user_5194,2
52370,user_5194,1
62897,user_5194,1
447825,user_5194,1
34,user_5196,3
275,user_5196,1
758,user_5196,4
3226,user_5196,2
8278,user_5196,2
10417,user_5196,1
10547,user_5196,5
12279,user_5196,1
15362,user_5196,2
16880,user_5196,1
18849,user_5196,4
20803,user_5196,4
21683,user_5196,2
22790,user_5196,4
23576,user_5196,1
29207,user_5196,5
31906,user_5196,1
44972,user_5196,2
50694,user_5196,3
58777,user_5196,1
59640,user_5196,5
1009,user_5201,4
1019,user_5201,1
1670,user_5201,2
2098,user_5201,2
3561,user_5201,5
9668,user_5201,2
13305,user_5201,5
15323,user_5201,4
16704,user_5201,3
17703,user_5201,3
58975,user_5201,1
60012,user_5201,1
397481,user_5201,5
5363,user_5202,1
10068,user_5202,3
11791,user_5202,5
14317,user_5202,4
16761,user_5202,4
17803,user_5202,4
18632,user_5202,1
20911,user_5202,5
21448,user_5202,1
22256,user_5202,2
35519,user_5202,4
38197,user_5202,4
51167,user_5202,4
59,user_5208,3
2115,user_5208,5
14722,user_5208,5
15615,user_5208,4
28131,user_5208,1
42776,user_5208,1
50351,user_5208,5
452645,user_5208,2
1009,user_5209,4
2266,user_5209,4
3135,user_5209,4
6800,user_5209,1
10532,user_5209,5
11559,user_5209,5
12074,user_5209,3
302857,user_5209,3
327209,user_5209,1
604,user_5210,5
1854,user_5210,3
2287,user_5210,3
11682,user_5210,5
12074,user_5210,2
15126,user_5210,4
15500,user_5210,3
19165,user_5210,3
21691,user_5210,5
40936,user_5210,4
558986,user_5210,5
87,user_5211,2
966,user_5211,1
20017,user_5211,4
20133,user_5211,4
40302,user_5211,1
43253,user_5211,2
3328,user_5214,2
12143,user_5214,3
12291,user_5214,3
51690,user_5214,5
56183,user_5214,3
59986,user_5214,5
61725,user_5214,2
546464,user_5214,3
481,user_522,1
2145,user_522,1
2196,user_522,4
4471,user_522,4
8777,user_522,2
14285,user_522,1
17597,user_522,1
19347,user_522,4
23322,user_522,2
28570,user_522,5
43004,user_522,5
51230,user_522,1
274766,user_522,5
327212,user_522,5
364975,user_522,4
3627,user_5224,3
3748,user_5224,5
7778,user_5224,3
10668,user_5224,4
12447,user_5224,5
16116,user_5224,4
17548,user_5224,1
20333,user_5224,5
21958,user_5224,2
22158,user_5224,4
58921,user_5224,3
2960,user_5225,3
8777,user_5225,4
9840,user_5225,4
13285,user_5225,5
18858,user_5225,2
19555,user_5225,5
21958,user_5225,2
22918,user_5225,2
35573,user_5225,2
51081,user_5225,4
349250,user_5225,2
411611,user_5225,2
134,user_5226,2
2977,user_5226,2
4032,user_5226,5
4439,user_5226,3
12146,user_5226,3
19165,user_5226,2
28615,user_5226,5
29391,user_5226,2
50351,user_5226,5
52384,user_5226,3
59796,user_5226,5
367044,user_5226,1
502241,user_5226,1
616688,user_5226,4
539,user_5228,3
2157,user_5228,5
3892,user_5228,5
12280,user_5228,5
16716,user_5228,3
16922,user_5228,2
17661,user_5228,3
17731,user_5228,4
19338,user_5228,3
19347,user_5228,4
22734,user_5228,3
27944,user_5228,2
27976,user_5228,4
55526,user_5228,2
484852,user_5228,1
2354,user_5229,3
10068,user_5229,5
15323,user_5229,1
15861,user_5229,3
16042,user_5229,1
16954,user_5229,2
18367,user_5229,2
19236,user_5229,5
19400,user_5229,4
19588,user_5229,3
45691,user_5229,5
4439,user_5236,2
11142,user_5236,5
15406,user_5236,2
16467,user_5236,2
17315,user_5236,2
22790,user_5236,5
29170,user_5236,4
37907,user_5236,3
326239,user_5236,2
682502,user_5236,1
1283,user_5245,4
8001,user_5245,5
8777,user_5245,3
10594,user_5245,2
11188,user_5245,4
12143,user_5245,4
14099,user_5245,2
16612,user_5245,5
17056,user_5245,5
17790,user_5245,1
18000,user_5245,1
18777,user_5245,5
49790,user_5245,4
51167,user_5245,2
3290,user_5252,4
4234,user_5252,2
11383,user_5252,3
16191,user_5252,3
17998,user_5252,3
29069,user_5252,1
38860,user_5252,4
51230,user_5252,4
58585,user_5252,4
670703,user_5252,3
20,user_5259,1
533,user_5259,5
1236,user_5259,5
10397,user_5259,2
13020,user_5259,2
14722,user_5259,3
17056,user_5259,4
17286,user_5259,3
19351,user_5259,4
19731,user_5259,3
20114,user_5259,5
45821,user_5259,3
52176,user_5259,1
58777,user_5259,5
219972,user_5259,5
397471,user_5259,5
538,user_5261,3
706,user_5261,5
1091,user_5261,3
3942,user_5261,5
4057,user_5261,4
5663,user_5261,5
14123,user_5261,4
14895,user_5261,2
18000,user_5261,2
19274,user_5261,4
20568,user_5261,2
28154,user_5261,2
39093,user_5261,5
50694,user_5261,1
388383,user_5261,5
447825,user_5261,3
28533,user_5263,1
29593,user_5263,5
40368,user_5263,4
53446,user_5263,4
61725,user_5263,2
275636,user_5263,1
441738,user_5263,5
450239,user_5263,5
2977,user_5265,1
5688,user_5265,4
9984,user_5265,5
10118,user_5265,2
10398,user_5265,4
18285,user_5265,3
19525,user_5265,4
19935,user_5265,4
23011,user_5265,3
29338,user_5265,1
45691,user_5265,2
387247,user_5265,5
604,user_5267,3
2243,user_5267,4
3340,user_5267,4
3771,user_5267,4
4031,user_5267,5
5511,user_5267,5
10110,user_5267,3
46066,user_5267,1
1391,user_5268,1
3186,user_5268,2
4519,user_5268,4
4618,user_5268,3
10643,user_5268,2
15337,user_5268,5
15856,user_5268,4
17177,user_5268,2
20568,user_5268,1
21119,user_5268,4
22193,user_5268,4
28131,user_5268,3
28547,user_5268,4
44764,user_5268,3
58975,user_5268,5
447815,user_5268,3
450239,user_5268,1
3087,user_5273,4
3757,user_5273,1
5678,user_5273,4
5688,user_5273,3
17597,user_5273,3
19524,user_5273,1
19570,user_5273,3
19588,user_5273,5
19610,user_5273,5
20020,user_5273,5
42064,user_5273,5
301539,user_5273,5
362,user_5282,1
401,user_5282,4
1236,user_5282,5
12893,user_5282,2
17650,user_5282,5
18367,user_5282,3
19716,user_5282,5
22060,user_5282,2
27022,user_5282,2
258322,user_5282,3
327260,user_5282,3
570074,user_5282,2
533,user_5284,2
7241,user_5284,3
10029,user_5284,2
16922,user_5284,3
18240,user_5284,2
19426,user_5284,5
19794,user_5284,1
21586,user_5284,4
51321,user_5284,4
275606,user_5284,5
412477,user_5284,3
497993,user_5284,3
2100,user_5286,1
2138,user_5286,1
12732,user_5286,5
14101,user_5286,1
17926,user_5286,2
21416,user_5286,3
28540,user_5286,3
46602,user_5286,1
53239,user_5286,3
57885,user_5286,2
366881,user_5286,3
379486,user_5286,5
670703,user_5286,5
3358,user_5290,3
4031,user_5290,3
8777,user_5290,2
10293,user_5290,1
10643,user_5290,1
15274,user_5290,2
15335,user_5290,2
18654,user_5290,2
22437,user_5290,2
58497,user_5290,3
398423,user_5290,4
123,user_5299,5
538,user_5299,3
4228,user_5299,4
4361,user_5299,1
8278,user_5299,4
10047,user_5299,1
10594,user_5299,2
10638,user_5299,2
15077,user_5299,4
19006,user_5299,2
25173,user_5299,5
369158,user_5299,2
758,user_53,3
840,user_53,2
4356,user_53,1
4649,user_53,2
15967,user_53,1
21411,user_53,1
23734,user_53,4
42858,user_53,5
52384,user_53,1
63845,user_53,5
4137,user_530,4
9997,user_530,4
10278,user_530,3
11428,user_530,3
12146,user_530,4
16944,user_530,3
16961,user_530,3
18286,user_530,4
22158,user_530,2
27944,user_530,5
58751,user_530,5
371831,user_530,3
498,user_5302,3
1236,user_5302,3
3194,user_5302,1
4519,user_5302,5
9894,user_5302,5
10125,user_5302,2
10141,user_5302,4
10638,user_5302,2
14290,user_5302,1
17085,user_5302,1
19359,user_5302,5
20515,user_5302,1
22509,user_5302,2
27944,user_5302,1
52370,user_5302,2
58777,user_5302,4
62627,user_5302,4
62897,user_5302,4
398423,user_5302,3
499264,user_5302,3
586054,user_5302,3
2145,user_5304,2
2960,user_5304,3
8001,user_5304,2
12720,user_5304,1
12914,user_5304,2
13104,user_5304,5
13796,user_5304,1
15856,user_5304,3
20515,user_5304,4
20717,user_5304,5
22060,user_5304,4
22790,user_5304,1
38146,user_5304,1
349870,user_5304,5
366852,user_5304,3
573124,user_5304,2
835,user_5306,4
4414,user_5306,4
11350,user_5306,4
12914,user_5306,3
15856,user_5306,1
19584,user_5306,1
28110,user_5306,1
46410,user_5306,3
59155,user_5306,3
61415,user_5306,5
1412,user_5307,2
2112,user_5307,1
9840,user_5307,1
14397,user_5307,5
22911,user_5307,5
47234,user_5307,4
52370,user_5307,1
58585,user_5307,4
251596,user_5307,3
274758,user_5307,2
288586,user_5307,3
428083,user_5307,2
401,user_5310,5
2977,user_5310,4
13285,user_5310,3
14285,user_5310,1
19646,user_5310,5
22837,user_5310,1
29177,user_5310,1
372505,user_5310,3
4747,user_5311,4
4806,user_5311,1
10370,user_5311,3
11831,user_5311,3
12720,user_5311,1
14527,user_5311,2
16437,user_5311,5
18000,user_5311,1
21371,user_5311,3
47379,user_5311,3
257202,user_5311,5
322240,user_5311,5
499,user_5312,1
1077,user_5312,1
1391,user_5312,3
2574,user_5312,5
4192,user_5312,2
12280,user_5312,3
14285,user_5312,1
19436,user_5312,2
59986,user_5312,4
248521,user_5312,3
300689,user_5312,5
616697,user_5312,5
3892,user_5315,4
12649,user_5315,4
16351,user_5315,2
17878,user_5315,5
18271,user_5315,1
19574,user_5315,3
28604,user_5315,4
42857,user_5315,1
58826,user_5315,1
799323,user_5315,1
155,user_5316,3
1575,user_5316,1
3990,user_5316,3
9984,user_5316,4
10398,user_5316,4
10547,user_5316,4
10994,user_5316,3
16008,user_5316,1
17926,user_5316,4
19639,user_5316,1
20132,user_5316,4
29185,user_5316,2
57519,user_5316,1
619806,user_5316,1
795632,user_5316,1
24,user_5318,5
82,user_5318,2
3168,user_5318,4
3340,user_5318,3
4649,user_5318,2
8777,user_5318,5
10661,user_5318,4
14446,user_5318,2
22060,user_5318,4
39093,user_5318,3
45416,user_5318,1
51690,user_5318,3
254604,user_5318,3
278,user_5321,1
362,user_5321,3
2949,user_5321,3
3168,user_5321,4
3226,user_5321,5
3771,user_5321,4
4137,user_5321,2
7613,user_5321,1
13305,user_5321,2
14895,user_5321,1
364975,user_5321,3
706,user_5325,4
3214,user_5325,4
3344,user_5325,3
5706,user_5325,4
9984,user_5325,4
10397,user_5325,3
11350,user_5325,5
19742,user_5325,2
20239,user_5325,3
51487,user_5325,3
868086,user_5325,3
840,user_5347,2
10398,user_5347,4
19639,user_5347,1
19881,user_5347,3
20803,user_5347,1
22918,user_5347,2
51487,user_5347,2
52368,user_5347,3
58133,user_5347,2
282807,user_5347,5
326239,user_5347,4
517399,user_5347,1
2115,user_5350,5
5688,user_5350,1
16024,user_5350,4
16612,user_5350,5
22547,user_5350,4
47613,user_5350,1
57519,user_5350,5
59700,user_5350,4
362895,user_5350,2
366852,user_5350,3
620,user_5355,1
9871,user_5355,1
11428,user_5355,4
16467,user_5355,1
18858,user_5355,2
19459,user_5355,4
28110,user_5355,3
257195,user_5355,1
452645,user_5355,2
670703,user_5355,5
797882,user_5355,5
7353,user_5369,4
11364,user_5369,3
15075,user_5369,2
18698,user_5369,2
19740,user_5369,3
22509,user_5369,3
23165,user_5369,5
44764,user_5369,5
58777,user_5369,1
326292,user_5369,3
374507,user_5369,3
868086,user_5369,4
362,user_5373,3
2960,user_5373,2
7317,user_5373,1
16361,user_5373,2
20319,user_5373,3
23011,user_5373,4
28540,user_5373,4
387247,user_5373,4
450239,user_5373,2
9603,user_5374,2
9801,user_5374,2
13852,user_5374,3
14123,user_5374,3
19006,user_5374,4
19057,user_5374,4
50738,user_5374,1
59640,user_5374,2
398423,user_5374,5
670703,user_5374,1
906,user_5376,3
2639,user_5376,1
11212,user_5376,4
11428,user_5376,3
11786,user_5376,4
13038,user_5376,4
17790,user_5376,4
18858,user_5376,4
19110,user_5376,2
28201,user_5376,2
36357,user_5376,4
44725,user_5376,4
327260,user_5376,4
362895,user_5376,5
497993,user_5376,5
546464,user_5376,5
2574,user_5378,3
9774,user_5378,3
10029,user_5378,4
13886,user_5378,5
15126,user_5378,1
17650,user_5378,2
21170,user_5378,2
22900,user_5378,4
52371,user_5378,5
57596,user_5378,4
251596,user_5378,5
817,user_5385,2
3990,user_5385,5
4356,user_5385,5
7317,user_5385,1
9824,user_5385,5
10643,user_5385,5
10661,user_5385,3
13861,user_5385,2
14062,user_5385,1
19518,user_5385,2
42912,user_5385,5
52176,user_5385,1
674,user_5386,2
1091,user_5386,5
4519,user_5386,1
5621,user_5386,5
12121,user_5386,1
14468,user_5386,4
14913,user_5386,4
17286,user_5386,4
20112,user_5386,1
295021,user_5386,2
327260,user_5386,5
119,user_5387,2
4571,user_5387,3
13038,user_5387,5
14088,user_5387,4
16880,user_5387,5
17731,user_5387,4
46543,user_5387,2
58818,user_5387,5
262437,user_5387,1
795370,user_5387,1
1509,user_5390,5
6303,user_5390,3
10643,user_5390,1
14729,user_5390,3
16011,user_5390,2
17793,user_5390,5
21411,user_5390,4
29170,user_5390,1
254604,user_5390,3
484531,user_5390,2
485203,user_5390,3
507151,user_5390,5
2354,user_5391,5
2639,user_5391,3
2709,user_5391,2
12024,user_5391,5
16404,user_5391,5
17607,user_5391,4
23613,user_5391,3
44972,user_5391,1
50351,user_5391,4
51081,user_5391,5
528689,user_5391,5
12344,user_5392,4
13734,user_5392,5
14096,user_5392,5
15404,user_5392,5
17946,user_5392,2
19525,user_5392,1
19731,user_5392,5
619806,user_5392,1
705616,user_5392,1
2889,user_5396,5
3790,user_5396,1
14690,user_5396,4
19555,user_5396,2
22437,user_5396,4
295090,user_5396,4
367044,user_5396,3
2196,user_54,3
2634,user_54,3
2828,user_54,3
3598,user_54,5
7317,user_54,5
10278,user_54,4
19881,user_54,4
35519,user_54,1
59688,user_54,3
147,user_5402,5
2354,user_5402,4
2553,user_5402,1
13514,user_5402,5
15335,user_5402,1
16761,user_5402,4
19646,user_5402,2
38146,user_5402,2
44641,user_5402,2
52176,user_5402,4
61152,user_5402,2
67623,user_5402,4
272483,user_5402,1
2889,user_5404,4
14154,user_5404,2
15323,user_5404,5
16969,user_5404,4
20515,user_5404,2
42912,user_5404,3
44725,user_5404,3
58818,user_5404,4
61152,user_5404,5
371832,user_5404,1
682502,user_5404,4
3339,user_5407,4
4477,user_5407,3
4519,user_5407,2
15126,user_5407,3
15349,user_5407,5
15490,user_5407,4
16969,user_5407,2
19716,user_5407,3
20568,user_5407,4
28131,user_5407,4
38146,user_5407,3
60012,user_5407,1
401,user_5410,3
561,user_5410,4
865,user_5410,2
3579,user_5410,5
3687,user_5410,4
9904,user_5410,5
11193,user_5410,5
18000,user_5410,5
41336,user_5410,4
42858,user_5410,3
52093,user_5410,2
319239,user_5410,2
427733,user_5410,2
570074,user_5410,1
573123,user_5410,4
616688,user_5410,1
846499,user_5410,1
706,user_5415,4
2838,user_5415,3
3917,user_5415,5
4901,user_5415,3
5363,user_5415,1
10297,user_5415,2
13020,user_5415,5
17315,user_5415,5
29218,user_5415,2
3917,user_5418,1
4032,user_5418,5
11428,user_5418,1
16011,user_5418,2
16404,user_5418,2
16954,user_5418,5
18097,user_5418,4
19740,user_5418,2
50778,user_5418,1
257195,user_5418,4
2115,user_5422,1
3316,user_5422,1
4571,user_5422,3
10068,user_5422,5
11212,user_5422,4
16453,user_5422,2
17179,user_5422,3
17863,user_5422,3
19603,user_5422,4
37907,user_5422,4
45416,user_5422,3
49874,user_5422,3
319239,user_5422,1
398414,user_5422,5
452649,user_5422,2
2570,user_5427,4
4747,user_5427,1
10342,user_5427,5
14527,user_5427,4
18097,user_5427,2
19359,user_5427,4
19716,user_5427,3
22911,user_5427,3
61044,user_5427,5
64491,user_5427,4
326292,user_5427,4
437042,user_5427,1
517399,user_5427,5
1818,user_5435,2
4228,user_5435,4
4414,user_5435,3
9731,user_5435,3
10090,user_5435,1
10397,user_5435,5
10638,user_5435,5
11052,user_5435,1
15905,user_5435,5
17056,user_5435,5
18183,user_5435,1
58952,user_5435,4
475071,user_5435,3
573123,user_5435,3
842395,user_5435,4
2112,user_5437,5
2157,user_5437,2
5978,user_5437,2
19829,user_5437,4
20911,user_5437,4
52093,user_5437,3
428083,user_5437,2
5445,user_544,1
8777,user_544,2
9840,user_544,2
10400,user_544,4
11786,user_544,1
12074,user_544,5
13886,user_544,4
16922,user_544,2
57596,user_544,5
61051,user_544,5
357891,user_544,3
484828,user_544,2
34,user_5455,4
9976,user_5455,2
15958,user_5455,3
17056,user_5455,4
17188,user_5455,4
18614,user_5455,4
20709,user_5455,2
21170,user_5455,3
21687,user_5455,5
301518,user_5455,4
499264,user_5455,1
364,user_5464,2
906,user_5464,4
2343,user_5464,4
4414,user_5464,3
10056,user_5464,4
11329,user_5464,3
16437,user_5464,1
22104,user_5464,2
29177,user_5464,1
61051,user_5464,2
766,user_5470,3
2796,user_5470,3
3087,user_5470,3
11548,user_5470,1
13305,user_5470,4
14096,user_5470,4
20570,user_5470,5
22837,user_5470,4
45342,user_5470,1
46543,user_5470,1
49790,user_5470,5
58809,user_5470,2
2226,user_5476,5
2553,user_5476,2
2639,user_5476,5
9997,user_5476,1
10031,user_5476,1
14933,user_5476,4
18207,user_5476,3
21725,user_5476,2
28160,user_5476,3
134,user_5485,5
5940,user_5485,2
10397,user_5485,2
11350,user_5485,1
14933,user_5485,2
16649,user_5485,4
16922,user_5485,5
17835,user_5485,5
19594,user_5485,5
19603,user_5485,4
21683,user_5485,5
326292,user_5485,3
428198,user_5485,1
604,user_5486,1
1818,user_5486,5
2639,user_5486,5
10994,user_5486,5
14544,user_5486,4
14922,user_5486,5
16969,user_5486,1
17977,user_5486,5
18632,user_5486,1
27022,user_5486,2
28089,user_5486,2
28533,user_5486,4
274760,user_5486,3
314402,user_5486,3
412477,user_5486,2
619806,user_5486,3
29,user_5496,3
432,user_5496,5
5524,user_5496,2
12074,user_5496,2
14544,user_5496,4
16944,user_5496,3
17731,user_5496,4
21119,user_5496,1
24478,user_5496,2
44431,user_5496,5
51230,user_5496,4
58497,user_5496,4
366881,user_5496,5
379486,user_5496,5
411611,user_5496,3
442847,user_5496,1
573119,user_5496,1
1509,user_5498,1
2287,user_5498,2
2960,user_5498,3
9744,user_5498,5
10745,user_5498,3
23292,user_5498,4
45342,user_5498,5
58913,user_5498,5
60586,user_5498,2
423950,user_5498,2
428072,user_5498,5
450239,user_5498,2
514899,user_5498,1
840,user_5499,3
1575,user_5499,5
2674,user_5499,2
16726,user_5499,5
20515,user_5499,5
21510,user_5499,3
35573,user_5499,3
38146,user_5499,3
52939,user_5499,3
349677,user_5499,4
4477,user_5501,5
12470,user_5501,3
12720,user_5501,5
13861,user_5501,1
17863,user_5501,4
19570,user_5501,2
20570,user_5501,1
32734,user_5501,2
46508,user_5501,3
49300,user_5501,5
58133,user_5501,4
1559,user_5509,3
9744,user_5509,2
10293,user_5509,3
11682,user_5509,2
11971,user_5509,4
14948,user_5509,5
19196,user_5509,4
20481,user_5509,5
21170,user_5509,1
22060,user_5509,1
42912,user_5509,5
58551,user_5509,2
59700,user_5509,2
564757,user_5509,3
795632,user_5509,3
799323,user_5509,3
194,user_5517,5
3323,user_5517,2
3424,user_5517,3
10547,user_5517,5
11329,user_5517,2
12914,user_5517,2
13345,user_5517,4
19588,user_5517,3
22104,user_5517,4
46066,user_5517,1
47430,user_5517,3
58585,user_5517,5
452634,user_5517,4
29,user_5519,2
342,user_5519,5
3344,user_5519,1
3892,user_5519,2
5678,user_5519,2
9976,user_5519,5
19351,user_5519,3
22547,user_5519,4
44431,user_5519,3
53478,user_5519,4
58913,user_5519,1
61725,user_5519,5
398423,user_5519,5
416034,user_5519,3
1818,user_5535,1
2243,user_5535,2
4649,user_5535,5
16649,user_5535,5
20333,user_5535,4
22740,user_5535,5
23011,user_5535,2
32734,user_5535,1
40344,user_5535,2
45342,user_5535,1
61051,user_5535,4
430254,user_5535,1
484828,user_5535,1
39,user_5536,2
1140,user_5536,5
3087,user_5536,4
8622,user_5536,5
14722,user_5536,2
16351,user_5536,3
24478,user_5536,2
46508,user_5536,3
47270,user_5536,4
52368,user_5536,3
322240,user_5536,3
359373,user_5536,2
369158,user_5536,4
432,user_5538,5
539,user_5538,1
2570,user_5538,1
4361,user_5538,2
9731,user_5538,4
9984,user_5538,1
14397,user_5538,1
16106,user_5538,2
22193,user_5538,3
23613,user_5538,2
28160,user_5538,5
52939,user_5538,4
484828,user_5538,2
507151,user_5538,2
619806,user_5538,4
840,user_554,5
1412,user_554,1
3450,user_554,4
10643,user_554,3
13861,user_554,5
18742,user_554,2
19196,user_554,3
19731,user_554,1
22837,user_554,2
28082,user_554,5
58497,user_554,3
369158,user_554,1
797882,user_554,3
817,user_5546,1
1575,user_5546,1
2524,user_5546,4
2820,user_5546,5
3290,user_5546,1
18240,user_5546,4
18699,user_5546,2
29170,user_5546,3
314402,user_5546,3
322240,user_5546,4
561,user_5551,3
7613,user_5551,2
19574,user_5551,1
20717,user_5551,3
21359,user_5551,5
28160,user_5551,4
29391,user_5551,4
47594,user_5551,3
60586,user_5551,2
326243,user_5551,2
447825,user_5551,1
750344,user_5551,2
20020,user_5554,1
20114,user_5554,5
28089,user_5554,3
546464,user_5554,2
8845,user_556,3
10992,user_556,1
14729,user_556,4
29109,user_556,4
41336,user_556,3
45691,user_556,3
275606,user_556,5
2287,user_5561,3
13535,user_5561,1
14285,user_5561,5
17921,user_5561,3
19093,user_5561,5
19490,user_5561,5
19590,user_5561,4
20515,user_5561,1
20803,user_5561,5
22158,user_5561,2
27022,user_5561,3
45691,user_5561,4
59261,user_5561,5
287337,user_5561,2
447825,user_5561,1
563419,user_5561,3
709179,user_5561,4
2949,user_5563,4
6319,user_5563,1
14099,user_5563,2
19829,user_5563,3
21631,user_5563,3
22158,user_5563,2
44029,user_5563,2
50675,user_5563,5
371832,user_5563,2
2037,user_5565,4
2574,user_5565,5
9606,user_5565,3
14290,user_5565,4
17573,user_5565,4
20515,user_5565,4
23600,user_5565,3
28547,user_5565,2
50738,user_5565,5
314402,user_5565,1
323051,user_5565,2
600924,user_5565,3
2266,user_5567,4
3339,user_5567,2
4284,user_5567,2
5663,user_5567,1
10056,user_5567,3
10532,user_5567,5
18000,user_5567,5
22256,user_5567,2
28620,user_5567,5
58551,user_5567,2
327232,user_5567,2
441738,user_5567,4
619806,user_5567,4
845261,user_5567,2
123,user_5569,2
134,user_5569,1
1854,user_5569,5
2977,user_5569,3
3993,user_5569,3
18367,user_5569,4
20239,user_5569,1
561,user_557,3
1412,user_557,1
2354,user_557,4
3087,user_557,2
5688,user_557,4
6319,user_557,1
10992,user_557,4
13020,user_557,5
13633,user_557,4
16704,user_557,1
17372,user_557,2
22900,user_557,2
23011,user_557,2
29218,user_557,2
475071,user_557,1
539,user_5571,2
3044,user_5571,4
15406,user_5571,4
15479,user_5571,1
15500,user_5571,4
16922,user_5571,4
17085,user_5571,4
38808,user_5571,2
59688,user_5571,3
349439,user_5571,4
538,user_5575,3
2949,user_5575,2
4058,user_5575,3
4561,user_5575,5
7613,user_5575,3
9668,user_5575,3
9840,user_5575,4
10575,user_5575,4
12073,user_5575,4
12291,user_5575,3
13633,user_5575,5
16106,user_5575,4
16174,user_5575,1
17703,user_5575,3
18614,user_5575,4
38860,user_5575,1
62069,user_5575,3
3790,user_5576,2
12280,user_5576,5
15967,user_5576,5
16969,user_5576,5
19518,user_5576,1
43004,user_5576,1
52372,user_5576,1
214,user_5577,4
2098,user_5577,1
3290,user_5577,1
3993,user_5577,3
13913,user_5577,5
14285,user_5577,5
17650,user_5577,5
17998,user_5577,5
18629,user_5577,3
62409,user_5577,4
316936,user_5577,4
389054,user_5577,5
616697,user_5577,3
194,user_5590,4
278,user_5590,1
2574,user_5590,4
6303,user_5590,4
16351,user_5590,2
19594,user_5590,2
21725,user_5590,4
22918,user_5590,4
28615,user_5590,1
32734,user_5590,5
37972,user_5590,3
52368,user_5590,1
384521,user_5590,4
437059,user_5590,1
537744,user_5590,3
3612,user_5591,5
3757,user_5591,3
3923,user_5591,1
5663,user_5591,2
20212,user_5591,1
38197,user_5591,5
43422,user_5591,2
51690,user_5591,5
61152,user_5591,1
502117,user_5591,5
24,user_5592,3
3240,user_5592,5
10047,user_5592,5
13513,user_5592,1
14933,user_5592,4
23292,user_5592,2
42912,user_5592,1
59261,user_5592,5
39,user_5607,5
1140,user_5607,3
4571,user_5607,4
7317,user_5607,2
10513,user_5607,3
10594,user_5607,1
11448,user_5607,2
19590,user_5607,3
21285,user_5607,1
46066,user_5607,5
58551,user_5607,5
327269,user_5607,5
371832,user_5607,4
384521,user_5607,1
494393,user_5607,5
1818,user_5608,3
2266,user_5608,5
2639,user_5608,1
3631,user_5608,5
5621,user_5608,5
9644,user_5608,2
14285,user_5608,3
16716,user_5608,4
38491,user_5608,4
49428,user_5608,4
51487,user_5608,1
59688,user_5608,3
795370,user_5608,2
4031,user_562,1
9976,user_562,3
12280,user_562,3
14096,user_562,3
15362,user_562,4
22911,user_562,5
49874,user_562,5
52368,user_562,1
60012,user_562,1
292840,user_562,3
349677,user_562,4
447825,user_562,1
450239,user_562,4
750344,user_562,4
795370,user_562,1
24,user_5621,5
949,user_5621,5
4388,user_5621,2
16178,user_5621,3
16726,user_5621,1
17676,user_5621,5
17835,user_5621,5
19524,user_5621,3
21371,user_5621,3
21448,user_5621,3
22439,user_5621,1
22790,user_5621,1
25965,user_5621,1
51487,user_5621,5
61051,user_5621,1
428198,user_5621,3
442847,user_5621,3
795632,user_5621,1
799323,user_5621,2
115,user_5626,4
1559,user_5626,5
5524,user_5626,2
16404,user_5626,5
21687,user_5626,4
22193,user_5626,4
22439,user_5626,3
28604,user_5626,4
53446,user_5626,4
61051,user_5626,3
411611,user_5626,4
492,user_5632,4
1090,user_5632,2
1682,user_5632,4
2960,user_5632,2
2977,user_5632,1
3344,user_5632,4
6400,user_5632,3
12143,user_5632,2
16116,user_5632,5
17177,user_5632,2
35402,user_5632,1
272483,user_5632,4
274760,user_5632,3
3339,user_5633,5
4031,user_5633,4
13852,user_5633,3
19426,user_5633,5
42391,user_5633,2
59197,user_5633,2
233858,user_5633,1
257202,user_5633,5
275636,user_5633,3
300689,user_5633,5
704730,user_5633,3
764,user_5637,5
1019,user_5637,2
2098,user_5637,3
2100,user_5637,4
3469,user_5637,2
14101,user_5637,2
19994,user_5637,4
37972,user_5637,4
45109,user_5637,2
47381,user_5637,3
357891,user_5637,3
342,user_5643,2
2574,user_5643,4
3328,user_5643,5
3687,user_5643,4
10638,user_5643,4
20709,user_5643,2
41336,user_5643,1
274758,user_5643,3
275606,user_5643,2
388383,user_5643,5
426096,user_5643,5
1559,user_5647,3
2219,user_5647,4
9644,user_5647,5
9731,user_5647,1
10047,user_5647,2
14913,user_5647,4
20132,user_5647,4
20803,user_5647,1
21683,user_5647,1
28534,user_5647,1
28604,user_5647,4
29177,user_5647,1
41012,user_5647,1
51690,user_5647,3
650605,user_5647,4
134,user_5655,2
1670,user_5655,4
4356,user_5655,1
9986,user_5655,4
10397,user_5655,3
13913,user_5655,1
17286,user_5655,5
18395,user_5655,1
22509,user_5655,1
22900,user_5655,3
61725,user_5655,4
327212,user_5655,5
430254,user_5655,5
452645,user_5655,3
840,user_5661,4
3627,user_5661,4
3628,user_5661,3
7778,user_5661,4
9774,user_5661,1
15349,user_5661,3
18183,user_5661,1
19610,user_5661,5
42064,user_5661,1
411611,user_5661,4
401,user_5666,5
1090,user_5666,1
1412,user_5666,5
2138,user_5666,1
3748,user_5666,3
3990,user_5666,1
4490,user_5666,5
9997,user_5666,4
10791,user_5666,5
13861,user_5666,5
17188,user_5666,1
17661,user_5666,5
18632,user_5666,1
27022,user_5666,4
49428,user_5666,4
59142,user_5666,5
251596,user_5666,1
34,user_5676,1
2300,user_5676,4
4058,user_5676,1
4247,user_5676,5
13535,user_5676,4
13852,user_5676,5
15500,user_5676,4
16011,user_5676,2
17794,user_5676,5
19347,user_5676,3
19426,user_5676,4
21691,user_5676,4
62534,user_5676,2
282807,user_5676,4
284674,user_5676,2
155,user_569,5
4192,user_569,5
4228,user_569,2
5678,user_569,1
15500,user_569,3
16414,user_569,4
18183,user_569,1
21510,user_569,3
22014,user_569,4
23943,user_569,1
35326,user_569,3
40936,user_569,1
398423,user_569,5
1818,user_5691,4
2098,user_5691,4
2960,user_5691,3
3044,user_5691,2
5542,user_5691,2
15337,user_5691,1
16106,user_5691,3
19555,user_5691,4
19716,user_5691,2
19742,user_5691,2
20114,user_5691,2
21119,user_5691,5
22790,user_5691,2
35402,user_5691,2
51690,user_5691,5
452649,user_5691,4
278,user_5694,4
8777,user_5694,1
9984,user_5694,2
12024,user_5694,5
16042,user_5694,5
18271,user_5694,5
19058,user_5694,2
19541,user_5694,1
22734,user_5694,4
22918,user_5694,4
51617,user_5694,1
59261,user_5694,4
538,user_57,4
5445,user_57,5
5524,user_57,3
10031,user_57,2
10847,user_57,1
15479,user_57,1
16649,user_57,5
19426,user_57,2
19576,user_57,4
22918,user_57,3
52179,user_57,5
288586,user_57,2
327269,user_57,2
398414,user_57,2
398423,user_57,2
24,user_571,4
2524,user_571,3
3612,user_571,1
6303,user_571,5
12470,user_571,2
20017,user_571,1
47379,user_571,4
59197,user_571,5
59640,user_571,1
61044,user_571,1
388383,user_571,1
521,user_5722,2
2289,user_5722,5
15862,user_5722,4
20911,user_5722,3
25965,user_5722,4
45342,user_5722,1
51507,user_5722,1
59,user_5728,4
2977,user_5728,4
3316,user_5728,5
3323,user_5728,2
3424,user_5728,3
3923,user_5728,2
4459,user_5728,3
14468,user_5728,4
17177,user_5728,3
17977,user_5728,4
44972,user_5728,3
45416,user_5728,1
61051,user_5728,3
442847,user_5728,5
455597,user_5728,2
2219,user_5731,4
3339,user_5731,2
10110,user_5731,4
11163,user_5731,1
18285,user_5731,5
19935,user_5731,4
21359,user_5731,5
29069,user_5731,4
290894,user_5731,3
546464,user_5731,1
11193,user_5744,5
11448,user_5744,3
16761,user_5744,4
19524,user_5744,1
21725,user_5744,2
24478,user_5744,4
47613,user_5744,5
51487,user_5744,5
573119,user_5744,3
499,user_5746,5
2157,user_5746,3
4519,user_5746,4
13514,user_5746,2
21586,user_5746,2
21926,user_5746,2
28540,user_5746,4
41012,user_5746,2
427733,user_5746,5
494393,user_5746,2
364,user_5747,2
1236,user_5747,3
11052,user_5747,5
12074,user_5747,5
13856,user_5747,5
17998,user_5747,2
18240,user_5747,2
19646,user_5747,4
19935,user_5747,4
22918,user_5747,1
59986,user_5747,2
10398,user_5749,4
13694,user_5749,3
14101,user_5749,2
14154,user_5749,2
14446,user_5749,5
19603,user_5749,1
21305,user_5749,2
22509,user_5749,5
28534,user_5749,4
49790,user_5749,3
257203,user_5749,1
371832,user_5749,4
484852,user_5749,2
705616,user_5749,4
4618,user_575,2
4901,user_575,4
7613,user_575,4
10118,user_575,4
10293,user_575,4
11971,user_575,4
18271,user_575,1
19829,user_575,3
28539,user_575,5
58816,user_575,3
437059,user_575,4
563419,user_575,4
795370,user_575,4
3748,user_5750,3
8622,user_5750,3
8845,user_5750,5
15958,user_5750,1
17286,user_5750,5
17703,user_5750,3
20239,user_5750,5
22911,user_5750,5
45416,user_5750,4
349677,user_5750,1
532482,user_5750,5
34,user_5754,3
2289,user_5754,2
4519,user_5754,4
10293,user_5754,5
18654,user_5754,5
19374,user_5754,5
20212,user_5754,1
20803,user_5754,4
389054,user_5754,4
3044,user_5763,1
3226,user_5763,1
4806,user_5763,2
11350,user_5763,3
15335,user_5763,4
17188,user_5763,4
42064,user_5763,2
497993,user_5763,5
570074,user_5763,1
134,user_5764,4
561,user_5764,1
2100,user_5764,1
2866,user_5764,1
3450,user_5764,4
3790,user_5764,5
5426,user_5764,4
11366,user_5764,2
12280,user_5764,4
14722,user_5764,3
17946,user_5764,2
21687,user_5764,1
27976,user_5764,5
40302,user_5764,3
736427,user_5764,2
795632,user_5764,4
2820,user_5768,3
3687,user_5768,5
4901,user_5768,1
10532,user_5768,5
10575,user_5768,1
15615,user_5768,1
20995,user_5768,4
23576,user_5768,3
51487,user_5768,5
51507,user_5768,1
494384,user_5768,3
4031,user_577,1
15856,user_577,4
17650,user_577,5
19646,user_577,3
21359,user_577,5
22734,user_577,5
38808,user_577,5
43422,user_577,2
46543,user_577,3
49790,user_577,2
326239,user_577,5
366110,user_577,3
499264,user_577,3
619806,user_577,3
1682,user_5775,3
2977,user_5775,5
5524,user_5775,4
7441,user_5775,5
10575,user_5775,3
12319,user_5775,5
19603,user_5775,2
22911,user_5775,3
52384,user_5775,2
62627,user_5775,1
64491,user_5775,1
1140,user_5777,3
2570,user_5777,2
12678,user_5777,5
16726,user_5777,3
17315,user_5777,3
18286,user_5777,4
19610,user_5777,4
24478,user_5777,1
28539,user_5777,2
709179,user_5777,2
388,user_5781,2
2866,user_5781,4
3993,user_5781,4
29338,user_5781,5
58551,user_5781,5
214,user_5784,3
764,user_5784,2
4618,user_5784,2
9986,user_5784,3
12073,user_5784,3
12914,user_5784,5
14015,user_5784,4
18629,user_5784,5
20250,user_5784,4
23943,user_5784,1
35402,user_5784,2
40368,user_5784,3
43004,user_5784,4
44029,user_5784,5
301518,user_5784,3
214,user_5788,2
14265,user_5788,5
20756,user_5788,4
21683,user_5788,4
274760,user_5788,5
388968,user_5788,1
389054,user_5788,4
3757,user_5790,5
3993,user_5790,2
10638,user_5790,5
12280,user_5790,2
15337,user_5790,4
15730,user_5790,3
17731,user_5790,4
19467,user_5790,5
21098,user_5790,1
27944,user_5790,4
46543,user_5790,2
275636,user_5790,5
288586,user_5790,3
4561,user_5794,1
5511,user_5794,4
10847,user_5794,5
15862,user_5794,2
16612,user_5794,5
16932,user_5794,4
17650,user_5794,3
19338,user_5794,3
21586,user_5794,5
29207,user_5794,1
36357,user_5794,3
51179,user_5794,1
484852,user_5794,2
10025,user_5796,5
11350,user_5796,1
16961,user_5796,5
29218,user_5796,5
45691,user_5796,5
60586,user_5796,5
349679,user_5796,5
412477,user_5796,1
563419,user_5796,5
650605,user_5796,3
2284,user_5798,3
3044,user_5798,4
3771,user_5798,3
9894,user_5798,5
13104,user_5798,4
17252,user_5798,1
19490,user_5798,2
28547,user_5798,4
29069,user_5798,3
31906,user_5798,1
44029,user_5798,1
58816,user_5798,4
59155,user_5798,5
268363,user_5798,1
359373,user_5798,5
2287,user_5799,4
3892,user_5799,1
7778,user_5799,5
13694,user_5799,5
14527,user_5799,3
16116,user_5799,5
17794,user_5799,3
19672,user_5799,3
19731,user_5799,3
62422,user_5799,2
558986,user_5799,2
2634,user_5804,2
4519,user_5804,1
9744,user_5804,1
10047,user_5804,2
29593,user_5804,3
41656,user_5804,4
58826,user_5804,3
362895,user_5804,4
502241,user_5804,4
766,user_5807,1
1204,user_5807,5
10090,user_5807,3
11212,user_5807,2
14101,user_5807,4
19639,user_5807,4
27978,user_5807,5
29185,user_5807,3
387247,user_5807,3
420000,user_5807,3
2354,user_5813,5
3087,user_5813,4
11142,user_5813,1
11383,user_5813,4
11548,user_5813,3
16404,user_5813,2
17803,user_5813,5
19672,user_5813,1
21098,user_5813,2
21586,user_5813,1
28300,user_5813,1
40344,user_5813,1
46066,user_5813,4
47234,user_5813,1
62534,user_5813,1
272483,user_5813,3
412477,user_5813,4
9644,user_5817,3
10745,user_5817,1
15687,user_5817,5
21725,user_5817,3
22104,user_5817,2
37907,user_5817,5
49300,user_5817,4
61044,user_5817,5
62422,user_5817,5
452649,user_5817,2
2098,user_5819,2
2634,user_5819,5
10141,user_5819,4
11192,user_5819,3
15861,user_5819,1
20466,user_5819,3
21725,user_5819,4
23576,user_5819,2
24478,user_5819,2
45691,user_5819,4
51321,user_5819,3
268363,user_5819,3
292840,user_5819,1
4031,user_5821,1
10417,user_5821,4
12291,user_5821,1
19284,user_5821,3
19570,user_5821,2
20133,user_5821,2
20803,user_5821,2
45416,user_5821,3
49874,user_5821,1
4409,user_5823,1
8777,user_5823,3
11383,user_5823,3
16191,user_5823,5
16880,user_5823,1
17085,user_5823,3
18240,user_5823,4
19525,user_5823,1
22509,user_5823,4
28089,user_5823,2
58921,user_5823,2
308157,user_5823,1
29,user_5827,4
674,user_5827,1
1184,user_5827,5
8845,user_5827,1
58585,user_5827,2
58809,user_5827,3
283973,user_5827,2
292080,user_5827,2
364975,user_5827,3
371831,user_5827,4
428083,user_5827,2
1283,user_5835,4
1854,user_5835,3
2820,user_5835,3
10594,user_5835,3
14099,user_5835,3
17286,user_5835,4
19006,user_5835,3
28620,user_5835,4
61044,user_5835,1
257377,user_5835,5
275,user_584,1
19594,user_584,4
42912,user_584,5
43422,user_584,1
56183,user_584,4
398423,user_584,4
452645,user_584,1
2226,user_5844,2
2243,user_5844,3
2343,user_5844,2
2925,user_5844,4
9871,user_5844,3
17685,user_5844,2
29069,user_5844,2
58754,user_5844,5
59986,user_5844,1
430254,user_5844,1
442847,user_5844,5
573123,user_5844,2
481,user_5848,2
9644,user_5848,1
10125,user_5848,4
16825,user_5848,5
16932,user_5848,2
17558,user_5848,1
19165,user_5848,3
19740,user_5848,4
20114,user_5848,4
25173,user_5848,1
38491,user_5848,1
59155,user_5848,2
398407,user_5848,4
514899,user_5848,3
802000,user_5848,4
474,user_5852,2
1575,user_5852,1
3240,user_5852,3
9984,user_5852,3
10370,user_5852,2
11142,user_5852,5
14895,user_5852,3
18699,user_5852,2
19520,user_5852,3
21687,user_5852,4
21958,user_5852,3
38197,user_5852,5
50675,user_5852,4
366110,user_5852,1
2416,user_586,3
2796,user_586,2
7441,user_586,4
11383,user_586,5
12143,user_586,5
13734,user_586,1
16961,user_586,1
18397,user_586,1
20568,user_586,2
21119,user_586,5
52371,user_586,3
59986,user_586,2
287337,user_586,2
367044,user_586,5
442847,user_586,1
3628,user_5872,5
4507,user_5872,3
13633,user_5872,3
14290,user_5872,2
15500,user_5872,3
16414,user_5872,1
20515,user_5872,4
37907,user_5872,4
45416,user_5872,2
46410,user_5872,1
364942,user_5872,2
1184,user_5876,4
1818,user_5876,4
2196,user_5876,4
3323,user_5876,5
3757,user_5876,1
4274,user_5876,5
8278,user_5876,3
10068,user_5876,3
10397,user_5876,5
10992,user_5876,3
12344,user_5876,1
15022,user_5876,3
17703,user_5876,1
21170,user_5876,1
258322,user_5876,1
845261,user_5876,3
604,user_5878,3
766,user_5878,5
1943,user_5878,1
3277,user_5878,1
6319,user_5878,5
14974,user_5878,2
15500,user_5878,5
20250,user_5878,2
47381,user_5878,1
87,user_5881,1
1140,user_5881,5
2145,user_5881,1
3897,user_5881,5
13777,user_5881,3
17573,user_5881,5
44641,user_5881,5
264828,user_5881,5
29,user_5882,2
39,user_5882,5
2300,user_5882,3
3277,user_5882,5
3892,user_5882,5
9824,user_5882,2
11329,user_5882,1
15406,user_5882,3
28534,user_5882,4
45342,user_5882,2
49790,user_5882,4
52371,user_5882,4
58497,user_5882,1
248521,user_5882,3
319239,user_5882,4
327260,user_5882,5
349677,user_5882,2
736427,user_5882,3
3214,user_589,1
3956,user_589,4
11193,user_589,4
11448,user_589,5
19284,user_589,1
22158,user_589,1
42857,user_589,2
50351,user_589,5
58826,user_589,1
292080,user_589,4
3316,user_5890,1
3627,user_5890,3
4649,user_5890,5
5511,user_5890,2
15500,user_5890,3
18207,user_5890,2
18742,user_5890,5
18797,user_5890,3
29109,user_5890,2
411611,user_5890,4
388,user_59,5
1090,user_59,3
2354,user_59,5
3574,user_59,2
4032,user_59,2
12649,user_59,1
13861,user_59,3
17535,user_59,3
17650,user_59,4
18632,user_59,4
21098,user_59,1
58754,user_59,4
262437,user_59,2
517399,user_59,4
868085,user_59,2
1630,user_5902,3
6800,user_5902,3
10370,user_5902,3
14015,user_5902,3
14123,user_5902,1
15362,user_5902,5
16361,user_5902,1
16404,user_5902,1
16969,user_5902,3
254604,user_5902,5
447815,user_5902,1
484852,user_5902,1
115,user_5904,3
764,user_5904,1
4274,user_5904,1
10643,user_5904,3
11364,user_5904,3
12893,user_5904,1
20515,user_5904,5
40344,user_5904,5
274571,user_5904,5
672441,user_5904,5
2586,user_5908,5
3277,user_5908,5
5706,user_5908,5
11212,user_5908,5
13694,user_5908,2
21586,user_5908,5
42776,user_5908,4
43004,user_5908,2
44525,user_5908,4
60012,user_5908,2
447825,user_5908,5
452647,user_5908,3
868085,user_5908,3
5363,user_5912,1
11142,user_5912,5
11383,user_5912,1
12073,user_5912,5
19574,user_5912,4
21170,user_5912,1
21285,user_5912,1
24478,user_5912,1
39093,user_5912,2
43253,user_5912,1
287337,user_5912,4
349679,user_5912,4
359373,user_5912,1
388968,user_5912,3
1019,user_5913,1
3340,user_5913,1
11163,user_5913,5
13305,user_5913,3
13852,user_5913,2
15861,user_5913,3
17607,user_5913,3
19606,user_5913,1
21371,user_5913,3
42776,user_5913,3
49874,user_5913,3
1630,user_5915,1
3340,user_5915,4
7778,user_5915,5
10125,user_5915,5
10992,user_5915,5
16361,user_5915,3
21448,user_5915,3
28570,user_5915,3
233858,user_5915,4
397481,user_5915,3
412477,user_5915,2
388,user_5923,5
715,user_5923,3
2866,user_5923,5
17536,user_5923,5
17703,user_5923,3
17863,user_5923,1
18271,user_5923,1
21926,user_5923,4
28627,user_5923,4
44431,user_5923,5
327269,user_5923,4
1818,user_5924,2
10047,user_5924,3
14933,user_5924,5
28620,user_5924,5
43004,user_5924,5
51321,user_5924,1
61051,user_5924,2
349515,user_5924,4
650605,user_5924,1
5678,user_5936,3
16351,user_5936,3
17179,user_5936,5
21687,user_5936,2
28534,user_5936,1
62534,user_5936,5
64491,user_5936,5
388383,user_5936,2
428966,user_5936,1
34,user_5939,3
278,user_5939,3
362,user_5939,5
4901,user_5939,5
9871,user_5939,1
10417,user_5939,2
12720,user_5939,2
18742,user_5939,1
22193,user_5939,2
56183,user_5939,3
58809,user_5939,4
61415,user_5939,1
357891,user_5939,2
411611,user_5939,2
412477,user_5939,2
82,user_5940,2
521,user_5940,4
3340,user_5940,2
9644,user_5940,1
12279,user_5940,1
15404,user_5940,5
17536,user_5940,3
19524,user_5940,3
21691,user_5940,5
29207,user_5940,3
62422,user_5940,3
573119,user_5940,4
34,user_5941,2
4057,user_5941,3
4058,user_5941,3
10661,user_5941,3
12649,user_5941,2
13796,user_5941,5
15349,user_5941,5
15856,user_5941,4
19467,user_5941,3
19740,user_5941,2
19994,user_5941,1
28608,user_5941,5
58497,user_5941,1
58826,user_5941,3
59197,user_5941,1
419295,user_5941,1
452634,user_5941,3
214,user_5945,3
4274,user_5945,4
9066,user_5945,4
10047,user_5945,4
10513,user_5945,2
12732,user_5945,5
14265,user_5945,3
17650,user_5945,3
18000,user_5945,2
27978,user_5945,4
29109,user_5945,2
59197,user_5945,4
366881,user_5945,1
119,user_5946,4
5571,user_5946,1
10575,user_5946,5
16453,user_5946,3
19347,user_5946,4
19606,user_5946,4
20756,user_5946,3
46602,user_5946,5
63845,user_5946,5
362,user_5953,5
2416,user_5953,3
11188,user_5953,3
15687,user_5953,4
19584,user_5953,4
20212,user_5953,2
428966,user_5953,4
479694,user_5953,5
705616,user_5953,4
1509,user_5963,2
2866,user_5963,5
3186,user_5963,3
4507,user_5963,3
12291,user_5963,4
14729,user_5963,2
17793,user_5963,2
20911,user_5963,4
21308,user_5963,1
24493,user_5963,5
36357,user_5963,2
262433,user_5963,4
283973,user_5963,1
367044,user_5963,3
416034,user_5963,5
1009,user_5967,1
2796,user_5967,2
10025,user_5967,2
12914,user_5967,1
13514,user_5967,1
14088,user_5967,2
15896,user_5967,4
17417,user_5967,4
60546,user_5967,2
300689,user_5967,3
384521,user_5967,5
419295,user_5967,3
868085,user_5967,5
881,user_5968,5
2287,user_5968,1
4459,user_5968,5
6800,user_5968,5
9824,user_5968,4
12344,user_5968,5
15294,user_5968,3
15490,user_5968,1
16922,user_5968,1
20723,user_5968,1
44641,user_5968,5
47270,user_5968,1
58585,user_5968,1
292840,user_5968,5
416034,user_5968,4
423950,user_5968,1
558986,user_5968,5
616697,user_5968,3
214,user_5976,2
521,user_5976,5
1204,user_5976,2
11193,user_5976,5
17536,user_5976,1
18858,user_5976,4
19359,user_5976,2
51179,user_5976,5
369158,user_5976,3
557828,user_5976,4
533,user_5978,1
4036,user_5978,2
4414,user_5978,1
7613,user_5978,3
9744,user_5978,3
9904,user_5978,3
11791,user_5978,1
16944,user_5978,4
17921,user_5978,2
18632,user_5978,3
19006,user_5978,5
19351,user_5978,3
20132,user_5978,1
301539,user_5978,2
736427,user_5978,4
2289,user_5986,3
3450,user_5986,4
3763,user_5986,1
10031,user_5986,3
14447,user_5986,5
18271,user_5986,3
19196,user_5986,2
19542,user_5986,3
20515,user_5986,4
23734,user_5986,3
43004,user_5986,3
314402,user_5986,1
3226,user_5990,4
4747,user_5990,3
9984,user_5990,5
10142,user_5990,2
13535,user_5990,1
18632,user_5990,5
19338,user_5990,2
44972,user_5990,3
322240,user_5990,5
2674,user_5992,5
12279,user_5992,1
14690,user_5992,5
16191,user_5992,4
44029,user_5992,4
46508,user_5992,2
57596,user_5992,1
475071,user_5992,4
2570,user_6013,5
3993,user_6013,5
10575,user_6013,4
19006,user_6013,3
22790,user_6013,4
319239,user_6013,1
326244,user_6013,3
507151,user_6013,2
750344,user_6013,3
1009,user_6014,3
3168,user_6014,2
11350,user_6014,4
12720,user_6014,3
19555,user_6014,4
20515,user_6014,1
28628,user_6014,3
31906,user_6014,2
484531,user_6014,5
484828,user_6014,3
502241,user_6014,5
1412,user_6016,4
3627,user_6016,3
3628,user_6016,1
5978,user_6016,5
9801,user_6016,1
10141,user_6016,4
12470,user_6016,3
18395,user_6016,3
19617,user_6016,4
20250,user_6016,2
21119,user_6016,1
28195,user_6016,1
51321,user_6016,3
59023,user_6016,4
60546,user_6016,2
387247,user_6016,1
484718,user_6016,4
573124,user_6016,4
481,user_6017,2
3579,user_6017,2
3631,user_6017,5
18240,user_6017,4
19057,user_6017,5
20233,user_6017,2
20911,user_6017,5
58754,user_6017,5
64526,user_6017,4
264828,user_6017,2
302857,user_6017,3
499,user_6019,1
657,user_6019,3
1854,user_6019,1
2574,user_6019,5
11366,user_6019,5
17558,user_6019,4
23613,user_6019,2
28570,user_6019,4
46066,user_6019,4
52371,user_6019,3
53239,user_6019,2
295090,user_6019,3
359373,user_6019,5
147,user_602,3
966,user_602,5
1140,user_602,1
10400,user_602,1
12470,user_602,1
19400,user_602,3
21170,user_602,5
22415,user_602,1
53341,user_602,4
258322,user_602,2
475071,user_602,5
484842,user_602,1
558984,user_602,2
2266,user_6022,5
3226,user_6022,5
11163,user_6022,4
19525,user_6022,3
19794,user_6022,5
42912,user_6022,4
47430,user_6022,3
47613,user_6022,2
275636,user_6022,5
427733,user_6022,4
750344,user_6022,5
2037,user_603,2
3892,user_603,1
4361,user_603,5
16825,user_603,1
19351,user_603,1
28534,user_603,1
28628,user_603,3
45416,user_603,1
10791,user_6032,3
14913,user_6032,3
19057,user_6032,1
20570,user_6032,5
20589,user_6032,1
22344,user_6032,2
57885,user_6032,1
58809,user_6032,2
58826,user_6032,3
301539,user_6032,3
362895,user_6032,3
147,user_6033,1
17731,user_6033,4
18797,user_6033,3
19196,user_6033,2
19426,user_6033,2
21691,user_6033,1
29131,user_6033,2
62422,user_6033,4
327209,user_6033,2
441738,user_6033,2
1091,user_6036,2
17315,user_6036,5
17731,user_6036,2
20250,user_6036,3
21926,user_6036,5
28539,user_6036,1
53432,user_6036,1
251596,user_6036,5
326292,user_6036,4
379486,user_6036,1
397471,user_6036,5
194,user_6037,3
499,user_6037,2
1090,user_6037,1
2037,user_6037,4
2145,user_6037,4
4618,user_6037,4
5688,user_6037,5
10004,user_6037,4
10142,user_6037,2
10180,user_6037,5
15337,user_6037,4
16024,user_6037,5
19093,user_6037,4
19524,user_6037,2
546464,user_6037,2
2343,user_6039,1
10612,user_6039,3
14290,user_6039,1
17372,user_6039,1
19576,user_6039,5
22918,user_6039,3
52939,user_6039,3
57519,user_6039,3
58913,user_6039,4
61044,user_6039,5
301518,user_6039,1
481,user_6042,2
3956,user_6042,4
10118,user_6042,2
11548,user_6042,1
16453,user_6042,3
16969,user_6042,2
19829,user_6042,1
21308,user_6042,2
21631,user_6042,4
38808,user_6042,5
44641,user_6042,2
248521,user_6042,1
2100,user_6047,1
4356,user_6047,3
5706,user_6047,3
9731,user_6047,1
16414,user_6047,1
21308,user_6047,4
21411,user_6047,1
51167,user_6047,4
52939,user_6047,1
59197,user_6047,4
364975,user_6047,1
452647,user_6047,2
798,user_6052,2
3214,user_6052,3
9066,user_6052,3
9894,user_6052,4
21816,user_6052,5
22475,user_6052,5
51617,user_6052,5
58585,user_6052,4
60546,user_6052,4
2574,user_6055,5
8622,user_6055,4
10110,user_6055,2
15490,user_6055,2
15687,user_6055,5
19006,user_6055,3
19525,user_6055,2
22060,user_6055,2
38491,user_6055,3
59261,user_6055,2
400298,user_6055,2
842395,user_6055,2
538,user_6057,3
2112,user_6057,2
3561,user_6057,1
6256,user_6057,2
9066,user_6057,5
9824,user_6057,3
16437,user_6057,4
16649,user_6057,2
16704,user_6057,1
19576,user_6057,5
28160,user_6057,3
49790,user_6057,1
55526,user_6057,3
604,user_6058,1
3371,user_6058,4
3942,user_6058,5
5571,user_6058,1
16453,user_6058,4
17372,user_6058,1
19518,user_6058,2
20333,user_6058,4
20717,user_6058,1
53341,user_6058,3
61044,user_6058,1
430254,user_6058,5
474,user_6062,5
5940,user_6062,4
10513,user_6062,2
17252,user_6062,1
21098,user_6062,4
23576,user_6062,1
61051,user_6062,3
61152,user_6062,3
497993,user_6062,5
868086,user_6062,2
538,user_6064,3
2709,user_6064,5
2866,user_6064,4
2977,user_6064,3
9638,user_6064,4
9840,user_6064,5
10417,user_6064,1
14974,user_6064,3
17607,user_6064,5
52372,user_6064,4
502117,user_6064,4
4234,user_6065,1
6400,user_6065,1
16817,user_6065,4
19165,user_6065,2
28533,user_6065,5
46410,user_6065,4
46602,user_6065,5
58818,user_6065,2
59142,user_6065,5
257203,user_6065,1
258322,user_6065,5
573123,user_6065,1
2574,user_6069,2
5978,user_6069,1
11383,user_6069,1
16008,user_6069,5
21683,user_6069,3
59155,user_6069,5
274766,user_6069,4
326239,user_6069,3
799323,user_6069,4
24,user_6077,2
2634,user_6077,1
8278,user_6077,5
11559,user_6077,4
17661,user_6077,4
25965,user_6077,3
29338,user_6077,3
59261,user_6077,4
397471,user_6077,4
1854,user_6086,2
3763,user_6086,2
5542,user_6086,2
7613,user_6086,2
9894,user_6086,4
12649,user_6086,3
14729,user_6086,2
18699,user_6086,1
20803,user_6086,3
22790,user_6086,5
47594,user_6086,4
59986,user_6086,3
357891,user_6086,3
366110,user_6086,4
570074,user_6086,3
881,user_6087,4
1391,user_6087,1
10513,user_6087,1
20020,user_6087,1
22740,user_6087,4
39277,user_6087,4
40344,user_6087,3
59986,user_6087,4
64526,user_6087,3
398423,user_6087,3
484531,user_6087,1
692669,user_6087,4
539,user_6095,2
3498,user_6095,2
5688,user_6095,3
6256,user_6095,2
10110,user_6095,4
10661,user_6095,1
12280,user_6095,5
12720,user_6095,2
17372,user_6095,3
17417,user_6095,2
20717,user_6095,5
44972,user_6095,3
326243,user_6095,5
327269,user_6095,2
546464,user_6095,5
5524,user_6096,1
10670,user_6096,2
10791,user_6096,4
14722,user_6096,5
17803,user_6096,5
20723,user_6096,1
29177,user_6096,2
295090,user_6096,1
619806,user_6096,4
4571,user_6097,5
10661,user_6097,3
11548,user_6097,1
12470,user_6097,3
15896,user_6097,5
20239,user_6097,3
28075,user_6097,4
29207,user_6097,4
53341,user_6097,3
412477,user_6097,1
11192,user_6099,3
12447,user_6099,4
14690,user_6099,1
14729,user_6099,1
16042,user_6099,2
16191,user_6099,1
18286,user_6099,1
19284,user_6099,3
19490,user_6099,3
19520,user_6099,2
19881,user_6099,4
21219,user_6099,3
21416,user_6099,5
59023,user_6099,5
455597,user_6099,2
674,user_6104,5
2551,user_6104,2
2925,user_6104,3
6303,user_6104,4
10293,user_6104,5
11052,user_6104,1
16944,user_6104,1
18858,user_6104,1
46543,user_6104,2
52371,user_6104,3
308157,user_6104,3
430254,user_6104,4
481,user_6107,2
9066,user_6107,4
9638,user_6107,3
10297,user_6107,4
10928,user_6107,4
11460,user_6107,5
22158,user_6107,5
326243,user_6107,4
366881,user_6107,5
674,user_6109,1
2796,user_6109,5
3424,user_6109,4
3687,user_6109,5
4380,user_6109,1
12344,user_6109,5
13796,user_6109,3
14636,user_6109,3
14729,user_6109,2
15615,user_6109,2
16404,user_6109,4
16761,user_6109,3
29207,user_6109,3
324992,user_6109,1
29,user_6112,1
4409,user_6112,1
10297,user_6112,2
10532,user_6112,2
16716,user_6112,3
17863,user_6112,3
20250,user_6112,5
21926,user_6112,4
23322,user_6112,4
45416,user_6112,4
47613,user_6112,3
62069,user_6112,2
292080,user_6112,3
301539,user_6112,5
319239,user_6112,4
327232,user_6112,1
484852,user_6112,1
674,user_6113,3
1236,user_6113,4
2060,user_6113,5
3290,user_6113,2
3371,user_6113,1
3628,user_6113,5
10110,user_6113,3
12279,user_6113,1
14468,user_6113,3
16467,user_6113,1
17835,user_6113,4
50351,user_6113,4
58876,user_6113,2
437042,user_6113,2
447825,user_6113,4
3628,user_6115,1
10056,user_6115,4
15490,user_6115,3
22060,user_6115,3
29069,user_6115,2
29593,user_6115,5
447815,user_6115,5
558986,user_6115,4
2287,user_6120,3
3371,user_6120,3
3598,user_6120,2
8278,user_6120,2
8622,user_6120,2
14913,user_6120,3
15905,user_6120,2
16649,user_6120,4
17633,user_6120,2
19093,user_6120,4
52939,user_6120,2
349870,user_6120,3
362,user_6122,5
492,user_6122,2
1412,user_6122,5
3892,user_6122,1
14099,user_6122,4
15077,user_6122,1
15404,user_6122,5
15687,user_6122,4
17558,user_6122,4
19278,user_6122,4
19284,user_6122,4
20020,user_6122,5
20212,user_6122,1
39093,user_6122,4
319239,user_6122,1
278,user_6123,5
2639,user_6123,3
10056,user_6123,2
10110,user_6123,4
13892,user_6123,4
14913,user_6123,4
18654,user_6123,1
22437,user_6123,3
45691,user_6123,3
62409,user_6123,4
428083,user_6123,2
2551,user_6124,5
9904,user_6124,3
10397,user_6124,4
17998,user_6124,4
251596,user_6124,4
384521,user_6124,1
586054,user_6124,5
616688,user_6124,3
2796,user_6127,1
10125,user_6127,3
14468,user_6127,5
19590,user_6127,3
19606,user_6127,1
61044,user_6127,4
262433,user_6127,3
275636,user_6127,5
528689,user_6127,1
147,user_6128,2
432,user_6128,2
1204,user_6128,4
4380,user_6128,1
7441,user_6128,3
16649,user_6128,2
20112,user_6128,5
21411,user_6128,3
22734,user_6128,5
40344,user_6128,1
50675,user_6128,4
58777,user_6128,1
274758,user_6128,4
388968,user_6128,4
736427,user_6128,5
15022,user_6129,5
16954,user_6129,2
319239,user_6129,5
372505,user_6129,5
380786,user_6129,3
528689,user_6129,2
87,user_6136,1
2889,user_6136,3
16106,user_6136,2
17778,user_6136,5
19426,user_6136,1
28082,user_6136,4
47430,user_6136,2
49428,user_6136,4
51230,user_6136,2
233858,user_6136,4
6303,user_6141,2
10047,user_6141,5
15479,user_6141,1
21371,user_6141,3
40645,user_6141,2
59142,user_6141,4
59986,user_6141,4
327260,user_6141,5
3226,user_6144,4
4234,user_6144,3
6303,user_6144,2
16716,user_6144,4
18367,user_6144,5
22437,user_6144,5
23734,user_6144,5
27944,user_6144,3
46410,user_6144,5
47594,user_6144,3
254604,user_6144,2
416034,user_6144,1
842395,user_6144,1
2828,user_6146,4
13038,user_6146,3
17778,user_6146,4
19400,user_6146,5
20133,user_6146,1
42064,user_6146,4
47234,user_6146,4
49428,user_6146,2
371831,user_6146,2
881,user_6148,5
1204,user_6148,3
2796,user_6148,3
3923,user_6148,3
4649,user_6148,5
9976,user_6148,2
11428,user_6148,1
16024,user_6148,5
19740,user_6148,1
52176,user_6148,4
366110,user_6148,1
528689,user_6148,3
1019,user_6150,3
10293,user_6150,2
17790,user_6150,4
18849,user_6150,3
22911,user_6150,5
40936,user_6150,5
5688,user_6151,5
20589,user_6151,1
38808,user_6151,5
49300,user_6151,3
274760,user_6151,4
428072,user_6151,1
479694,user_6151,3
616697,user_6151,5
3892,user_6158,2
5511,user_6158,3
9744,user_6158,1
9831,user_6158,1
15274,user_6158,4
19525,user_6158,4
22158,user_6158,5
37972,user_6158,4
61051,user_6158,4
292840,user_6158,1
326244,user_6158,4
349677,user_6158,2
517399,user_6158,4
561,user_616,3
1391,user_616,2
6800,user_616,3
13305,user_616,1
18367,user_616,4
19731,user_616,1
22014,user_616,3
22547,user_616,4
31906,user_616,2
507151,user_616,3
532482,user_616,1
966,user_6165,2
3340,user_6165,2
12024,user_6165,1
15862,user_6165,2
22509,user_6165,4
45109,user_6165,2
59688,user_6165,4
287337,user_6165,3
292840,user_6165,2
295090,user_6165,1
327269,user_6165,1
537744,user_6165,2
620,user_6168,2
1818,user_6168,4
2709,user_6168,2
4003,user_6168,4
9731,user_6168,4
16008,user_6168,2
17703,user_6168,2
19524,user_6168,2
28539,user_6168,3
28559,user_6168,3
302857,user_6168,5
349250,user_6168,1
616697,user_6168,2
481,user_6169,5
2709,user_6169,2
5678,user_6169,2
9644,user_6169,4
11193,user_6169,2
13285,user_6169,3
15362,user_6169,3
16649,user_6169,5
38197,user_6169,3
41656,user_6169,5
364975,user_6169,1
87,user_617,4
1091,user_617,5
3186,user_617,2
3358,user_617,3
6400,user_617,5
9801,user_617,3
10594,user_617,3
15905,user_617,3
16944,user_617,4
16954,user_617,2
17661,user_617,1
17731,user_617,5
17921,user_617,2
22790,user_617,5
219972,user_617,2
274760,user_617,1
326244,user_617,4
2586,user_6177,5
11383,user_6177,4
12678,user_6177,5
16716,user_6177,5
18207,user_6177,2
44972,user_6177,1
357891,user_6177,5
799323,user_6177,5
1630,user_6179,5
2960,user_6179,1
5363,user_6179,5
5445,user_6179,3
14922,user_6179,2
16954,user_6179,2
16961,user_6179,4
19672,user_6179,3
19716,user_6179,4
23011,user_6179,2
29131,user_6179,2
52939,user_6179,1
62422,user_6179,1
384521,user_6179,5
389054,user_6179,5
1009,user_6183,1
1391,user_6183,5
1509,user_6183,2
2639,user_6183,1
3194,user_6183,3
3498,user_6183,5
5542,user_6183,2
11559,user_6183,1
17863,user_6183,4
18397,user_6183,1
19524,user_6183,1
58777,user_6183,3
248521,user_6183,1
24,user_6192,2
2838,user_6192,3
10594,user_6192,2
13633,user_6192,5
14974,user_6192,4
18849,user_6192,1
19574,user_6192,4
28110,user_6192,2
29383,user_6192,3
35326,user_6192,1
45416,user_6192,3
51877,user_6192,4
3044,user_6196,2
10141,user_6196,4
10370,user_6196,5
10791,user_6196,1
13535,user_6196,2
16174,user_6196,3
18183,user_6196,5
18367,user_6196,5
22415,user_6196,4
52342,user_6196,2
58754,user_6196,2
692669,user_6196,1
1030,user_6205,5
1559,user_6205,4
2570,user_6205,2
16254,user_6205,2
43004,user_6205,1
430254,user_6205,5
650605,user_6205,1
11428,user_6207,4
13913,user_6207,1
15126,user_6207,1
16361,user_6207,2
16453,user_6207,2
17703,user_6207,1
18632,user_6207,2
21958,user_6207,1
51877,user_6207,2
59640,user_6207,3
326243,user_6207,1
441738,user_6207,1
15022,user_6214,1
16649,user_6214,1
25965,user_6214,4
52389,user_6214,3
53239,user_6214,4
58975,user_6214,2
430254,user_6214,3
3316,user_6223,5
3533,user_6223,1
4439,user_6223,3
4490,user_6223,5
19284,user_6223,3
28110,user_6223,5
257377,user_6223,1
34,user_6226,2
401,user_6226,5
835,user_6226,5
2925,user_6226,2
3628,user_6226,1
11682,user_6226,4
21371,user_6226,1
28082,user_6226,5
53239,user_6226,5
61152,user_6226,2
274766,user_6226,2
349870,user_6226,4
134,user_6233,4
9997,user_6233,4
10297,user_6233,4
12024,user_6233,1
13734,user_6233,2
15730,user_6233,2
17878,user_6233,2
19594,user_6233,4
44029,user_6233,2
44431,user_6233,2
47234,user_6233,4
326243,user_6233,4
387247,user_6233,5
428072,user_6233,3
514899,user_6233,3
620,user_6236,4
906,user_6236,2
1818,user_6236,4
2287,user_6236,4
4036,user_6236,2
10056,user_6236,2
11448,user_6236,4
12280,user_6236,5
16704,user_6236,4
18285,user_6236,1
21926,user_6236,4
22060,user_6236,2
29109,user_6236,2
29170,user_6236,1
758,user_6237,1
3469,user_6237,3
3533,user_6237,3
4747,user_6237,3
5678,user_6237,4
7613,user_6237,4
15856,user_6237,3
18654,user_6237,4
20568,user_6237,5
22104,user_6237,3
29170,user_6237,2
53432,user_6237,5
371832,user_6237,3
475071,user_6237,2
342,user_6238,2
4284,user_6238,5
7317,user_6238,5
14913,user_6238,3
16922,user_6238,4
17056,user_6238,3
18240,user_6238,5
18286,user_6238,1
18858,user_6238,2
28131,user_6238,1
300689,user_6238,4
447815,user_6238,2
455597,user_6238,2
484718,user_6238,1
494393,user_6238,5
704730,user_6238,2
492,user_624,4
539,user_624,3
1670,user_624,2
2138,user_624,1
9871,user_624,2
12143,user_624,4
19165,user_624,3
20723,user_624,5
750344,user_624,4
3942,user_6242,2
4057,user_6242,1
4284,user_6242,4
8845,user_6242,5
11559,user_6242,3
15490,user_6242,3
16932,user_6242,2
17793,user_6242,2
19057,user_6242,5
19236,user_6242,1
19542,user_6242,1
58975,user_6242,3
370222,user_6242,5
502117,user_6242,2
2037,user_6245,4
2196,user_6245,2
11791,user_6245,1
16042,user_6245,2
22911,user_6245,4
52368,user_6245,1
57596,user_6245,1
58754,user_6245,4
58913,user_6245,3
563419,user_6245,4
123,user_6246,2
4475,user_6246,3
9831,user_6246,3
9894,user_6246,1
12074,user_6246,3
13285,user_6246,5
20112,user_6246,3
21691,user_6246,2
22256,user_6246,4
22439,user_6246,4
27976,user_6246,1
257203,user_6246,2
308157,user_6246,2
322240,user_6246,2
5688,user_6251,5
10791,user_6251,2
12319,user_6251,3
21448,user_6251,2
58952,user_6251,4
61725,user_6251,2
384521,user_6251,4
430254,user_6251,5
1204,user_6252,3
3240,user_6252,5
3371,user_6252,1
8845,user_6252,4
9744,user_6252,1
15500,user_6252,5
22256,user_6252,1
257203,user_6252,5
3561,user_6263,4
4247,user_6263,2
12319,user_6263,3
15274,user_6263,5
16726,user_6263,5
17188,user_6263,2
22158,user_6263,4
22437,user_6263,3
40368,user_6263,2
327269,user_6263,3
865,user_6267,3
14123,user_6267,3
21691,user_6267,4
45691,user_6267,5
51179,user_6267,5
58816,user_6267,1
295090,user_6267,2
299569,user_6267,3
384521,user_6267,2
906,user_6276,4
2226,user_6276,2
4561,user_6276,1
12073,user_6276,2
16024,user_6276,2
28547,user_6276,4
38860,user_6276,3
45416,user_6276,3
52370,user_6276,1
59155,user_6276,3
61152,user_6276,5
327232,user_6276,4
278,user_6287,5
2553,user_6287,4
2570,user_6287,5
4032,user_6287,2
13514,user_6287,4
13535,user_6287,3
15126,user_6287,5
15294,user_6287,5
16649,user_6287,1
17676,user_6287,3
19610,user_6287,5
58818,user_6287,4
82,user_6289,3
4806,user_6289,3
10142,user_6289,5
12146,user_6289,4
12279,user_6289,3
16612,user_6289,5
18271,user_6289,3
18797,user_6289,2
19338,user_6289,5
49790,user_6289,2
326244,user_6289,2
379486,user_6289,2
517399,user_6289,2
5678,user_629,2
6400,user_629,2
13913,user_629,1
14154,user_629,1
16042,user_629,3
19110,user_629,5
20112,user_629,4
257195,user_629,4
533,user_6295,2
674,user_6295,4
2960,user_6295,2
9066,user_6295,4
10612,user_6295,1
10643,user_6295,3
14614,user_6295,5
14948,user_6295,3
16361,user_6295,1
19457,user_6295,1
23322,user_6295,5
42064,user_6295,5
47430,user_6295,4
349439,user_6295,3
514899,user_6295,5
29,user_6300,4
42858,user_6300,3
326243,user_6300,2
387247,user_6300,1
450239,user_6300,1
616688,user_6300,2
4058,user_6302,1
4192,user_6302,3
9840,user_6302,3
14101,user_6302,2
16880,user_6302,3
18797,user_6302,4
38197,user_6302,4
49790,user_6302,4
53239,user_6302,4
389054,user_6302,3
2226,user_6303,3
3498,user_6303,3
5542,user_6303,1
6319,user_6303,1
15687,user_6303,3
17315,user_6303,3
17835,user_6303,3
19110,user_6303,4
398414,user_6303,5
428072,user_6303,3
539,user_6309,2
11682,user_6309,5
11831,user_6309,5
16361,user_6309,1
17548,user_6309,2
21631,user_6309,2
49874,user_6309,2
416034,user_6309,1
49,user_6314,2
817,user_6314,3
1019,user_6314,2
9904,user_6314,2
14614,user_6314,2
16467,user_6314,3
16922,user_6314,4
17607,user_6314,4
19584,user_6314,4
28160,user_6314,1
46602,user_6314,4
4409,user_6315,3
17998,user_6315,2
19400,user_6315,5
50738,user_6315,4
349439,user_6315,2
416034,user_6315,5
2960,user_6318,2
3214,user_6318,3
4234,user_6318,5
6319,user_6318,4
10668,user_6318,3
15404,user_6318,1
16254,user_6318,1
19576,user_6318,4
20466,user_6318,3
22734,user_6318,2
349439,user_6318,2
573119,user_6318,2
275,user_6320,2
840,user_6320,3
3340,user_6320,3
3371,user_6320,1
10612,user_6320,1
18285,user_6320,1
19588,user_6320,4
21725,user_6320,5
21958,user_6320,3
28539,user_6320,1
59640,user_6320,3
274766,user_6320,2
481,user_6326,4
561,user_6326,5
2977,user_6326,2
15404,user_6326,3
16116,user_6326,1
17372,user_6326,3
17573,user_6326,1
19646,user_6326,1
20723,user_6326,2
29207,user_6326,4
37907,user_6326,1
41012,user_6326,1
42776,user_6326,2
50675,user_6326,4
314402,user_6326,5
326244,user_6326,4
364942,user_6326,2
452645,user_6326,2
570074,user_6326,5
3344,user_6327,1
3763,user_6327,1
16761,user_6327,5
17177,user_6327,5
19570,user_6327,5
52389,user_6327,5
58913,user_6327,1
301539,user_6327,3
750344,user_6327,2
2243,user_633,2
2271,user_633,2
5688,user_633,1
7613,user_633,4
19794,user_633,4
29593,user_633,3
44525,user_633,4
34,user_6340,5
59,user_6340,5
13734,user_6340,3
14974,user_6340,2
18614,user_6340,4
19196,user_6340,3
300689,user_6340,2
475071,user_6340,3
1030,user_6343,2
3316,user_6343,2
10847,user_6343,5
11448,user_6343,5
17188,user_6343,4
18285,user_6343,3
257202,user_6343,5
366881,user_6343,4
398423,user_6343,5
2524,user_6348,2
5978,user_6348,1
10398,user_6348,4
20481,user_6348,1
38491,user_6348,4
59640,user_6348,1
484531,user_6348,4
2196,user_6355,3
4057,user_6355,4
4477,user_6355,1
10180,user_6355,5
11366,user_6355,1
17548,user_6355,2
50738,user_6355,2
233858,user_6355,5
322240,user_6355,2
479694,user_6355,4
600924,user_6355,2
4032,user_6361,1
12678,user_6361,1
15615,user_6361,3
16361,user_6361,4
19574,user_6361,2
29207,user_6361,4
58497,user_6361,4
4137,user_6365,5
5940,user_6365,5
14468,user_6365,5
16817,user_6365,2
18742,user_6365,3
21586,user_6365,5
47234,user_6365,3
51877,user_6365,4
63845,user_6365,1
326244,user_6365,1
364975,user_6365,4
387247,user_6365,4
398423,user_6365,1
797882,user_6365,2
134,user_6366,1
1509,user_6366,3
2145,user_6366,4
2226,user_6366,1
9824,user_6366,2
31906,user_6366,4
39093,user_6366,1
44972,user_6366,3
268363,user_6366,2
275636,user_6366,1
284674,user_6366,5
387247,user_6366,5
420000,user_6366,3
59,user_6374,2
3993,user_6374,4
4228,user_6374,4
14015,user_6374,1
16761,user_6374,3
16932,user_6374,5
846499,user_6374,4
620,user_6379,5
1184,user_6379,5
2949,user_6379,3
10047,user_6379,4
13514,user_6379,4
16008,user_6379,4
16437,user_6379,2
19093,user_6379,5
21285,user_6379,2
21631,user_6379,1
58826,user_6379,3
67623,user_6379,3
2416,user_6385,4
11548,user_6385,1
14895,user_6385,4
19359,user_6385,2
20466,user_6385,3
22740,user_6385,5
24493,user_6385,3
38146,user_6385,2
301518,user_6385,5
327212,user_6385,3
2100,user_6387,4
5511,user_6387,4
10575,user_6387,2
11163,user_6387,3
11460,user_6387,2
14088,user_6387,2
21926,user_6387,4
23613,user_6387,5
53432,user_6387,3
58585,user_6387,3
371831,user_6387,1
416034,user_6387,4
670703,user_6387,3
278,user_6389,1
817,user_6389,5
2289,user_6389,1
10643,user_6389,4
11559,user_6389,5
13514,user_6389,4
13694,user_6389,5
13913,user_6389,2
18849,user_6389,4
19093,user_6389,1
19617,user_6389,5
46602,user_6389,1
51179,user_6389,3
57519,user_6389,3
58497,user_6389,3
371832,user_6389,1
766,user_6394,5
1943,user_6394,1
4274,user_6394,2
5571,user_6394,2
7353,user_6394,5
19555,user_6394,3
20233,user_6394,3
44525,user_6394,5
258322,user_6394,1
278,user_6396,4
4380,user_6396,4
10612,user_6396,3
12980,user_6396,2
13104,user_6396,2
14290,user_6396,3
16024,user_6396,4
16716,user_6396,4
19436,user_6396,1
846499,user_6396,4
3290,user_6399,4
15337,user_6399,1
19716,user_6399,1
19731,user_6399,2
20114,user_6399,2
39035,user_6399,1
295021,user_6399,2
450239,user_6399,4
497993,user_6399,3
24,user_64,5
9731,user_64,4
14397,user_64,3
16254,user_64,3
16825,user_64,3
18395,user_64,4
19524,user_64,4
19570,user_64,4
28620,user_64,3
38491,user_64,3
53341,user_64,5
3917,user_6403,5
4459,user_6403,4
10791,user_6403,2
15075,user_6403,3
15905,user_6403,2
17286,user_6403,3
28547,user_6403,4
248521,user_6403,3
327260,user_6403,1
452649,user_6403,4
34,user_6407,1
2145,user_6407,3
3533,user_6407,4
4036,user_6407,4
9066,user_6407,2
13627,user_6407,2
13892,user_6407,5
17372,user_6407,3
19110,user_6407,3
19518,user_6407,5
19610,user_6407,2
21958,user_6407,5
39093,user_6407,1
564757,user_6407,3
1391,user_6416,5
2196,user_6416,1
3087,user_6416,2
3344,user_6416,3
10297,user_6416,5
11786,user_6416,3
13305,user_6416,4
16011,user_6416,4
20212,user_6416,4
28627,user_6416,5
61725,user_6416,5
62534,user_6416,4
316936,user_6416,2
428083,user_6416,2
494393,user_6416,1
9801,user_6418,2
12447,user_6418,4
18742,user_6418,2
21219,user_6418,3
22439,user_6418,2
51617,user_6418,3
62534,user_6418,4
257195,user_6418,4
301539,user_6418,1
428198,user_6418,2
558986,user_6418,1
214,user_6421,1
706,user_6421,5
9644,user_6421,2
13913,user_6421,2
18000,user_6421,4
22256,user_6421,4
29170,user_6421,2
10398,user_6427,5
16254,user_6427,1
19058,user_6427,3
22547,user_6427,5
53432,user_6427,2
299569,user_6427,3
452647,user_6427,4
616697,user_6427,3
3340,user_6430,4
5524,user_6430,1
10056,user_6430,3
11971,user_6430,2
15967,user_6430,3
19006,user_6430,1
23322,user_6430,5
47613,user_6430,5
49874,user_6430,5
52939,user_6430,4
257202,user_6430,1
371831,user_6430,5
428198,user_6430,1
557828,user_6430,4
3186,user_6442,4
3226,user_6442,5
3533,user_6442,2
8622,user_6442,2
9831,user_6442,4
9986,user_6442,2
10141,user_6442,1
16612,user_6442,3
19594,user_6442,2
28628,user_6442,2
35519,user_6442,2
51230,user_6442,3
52368,user_6442,2
58754,user_6442,2
319239,user_6442,3
411611,user_6442,5
2764,user_6444,4
4356,user_6444,2
6400,user_6444,5
14948,user_6444,3
17731,user_6444,1
18000,user_6444,5
29185,user_6444,1
49790,user_6444,3
50675,user_6444,5
50738,user_6444,1
324992,user_6444,3
327209,user_6444,5
366110,user_6444,3
441738,user_6444,1
494393,user_6444,2
766,user_6447,5
4361,user_6447,3
12732,user_6447,5
14290,user_6447,4
18699,user_6447,3
23613,user_6447,4
28300,user_6447,1
58754,user_6447,5
452647,user_6447,3
868086,user_6447,5
3748,user_6457,3
4057,user_6457,1
4380,user_6457,1
16254,user_6457,3
17315,user_6457,3
44725,user_6457,2
53446,user_6457,1
398414,user_6457,1
487911,user_6457,5
600924,user_6457,2
3424,user_6465,2
4439,user_6465,3
7353,user_6465,3
10031,user_6465,4
10180,user_6465,2
11383,user_6465,4
14948,user_6465,4
15958,user_6465,2
16716,user_6465,2
17056,user_6465,4
17803,user_6465,4
20133,user_6465,5
58133,user_6465,2
537744,user_6465,1
2100,user_6467,1
2266,user_6467,3
3240,user_6467,3
9603,user_6467,5
12319,user_6467,4
13513,user_6467,2
14468,user_6467,3
15362,user_6467,4
17085,user_6467,1
17803,user_6467,2
22918,user_6467,1
45416,user_6467,3
51617,user_6467,3
62359,user_6467,5
366881,user_6467,5
428198,user_6467,5
484828,user_6467,2
2354,user_6472,4
7778,user_6472,1
9731,user_6472,4
10370,user_6472,4
13535,user_6472,1
15615,user_6472,1
19588,user_6472,1
19603,user_6472,5
42858,user_6472,5
47594,user_6472,2
292080,user_6472,3
799323,user_6472,1
12678,user_6475,3
14317,user_6475,3
17803,user_6475,3
18240,user_6475,5
21098,user_6475,1
28160,user_6475,2
40936,user_6475,3
2570,user_6477,3
3631,user_6477,3
3990,user_6477,2
9984,user_6477,1
10068,user_6477,2
11142,user_6477,3
11786,user_6477,4
16969,user_6477,5
39277,user_6477,4
40645,user_6477,2
45821,user_6477,3
58585,user_6477,5
58952,user_6477,4
388383,user_6477,4
10575,user_6482,1
17926,user_6482,3
20717,user_6482,1
21098,user_6482,1
46543,user_6482,5
58751,user_6482,2
388968,user_6482,1
3450,user_6483,4
10342,user_6483,1
19236,user_6483,1
22437,user_6483,4
264828,user_6483,5
430254,user_6483,1
795632,user_6483,2
533,user_6486,3
1091,user_6486,4
3942,user_6486,2
9824,user_6486,4
15406,user_6486,5
17548,user_6486,4
20112,user_6486,4
275636,user_6486,2
349679,user_6486,5
484828,user_6486,5
817,user_6489,2
1575,user_6489,3
3579,user_6489,2
13633,user_6489,5
14062,user_6489,3
14088,user_6489,5
18797,user_6489,1
23734,user_6489,4
44725,user_6489,5
57519,user_6489,4
295021,user_6489,3
300689,user_6489,4
370222,user_6489,1
134,user_6492,3
3344,user_6492,1
4192,user_6492,1
5706,user_6492,2
10004,user_6492,4
14101,user_6492,4
15730,user_6492,2
16649,user_6492,2
16915,user_6492,1
17056,user_6492,1
17926,user_6492,4
21371,user_6492,2
22439,user_6492,2
28620,user_6492,1
61051,user_6492,1
257377,user_6492,2
379486,user_6492,3
555994,user_6492,1
845261,user_6492,5
3533,user_6502,2
10547,user_6502,2
10992,user_6502,1
13633,user_6502,2
15860,user_6502,5
18632,user_6502,2
22344,user_6502,4
28300,user_6502,1
326239,user_6502,4
87,user_6507,1
155,user_6507,2
1140,user_6507,1
3290,user_6507,1
9638,user_6507,3
10180,user_6507,3
15861,user_6507,2
19467,user_6507,2
28154,user_6507,5
44525,user_6507,3
59796,user_6507,2
359373,user_6507,2
412477,user_6507,1
570074,user_6507,3
2284,user_6508,1
5511,user_6508,2
9744,user_6508,1
10992,user_6508,5
18367,user_6508,3
19196,user_6508,5
670703,user_6508,2
471,user_651,4
9731,user_651,4
16191,user_651,1
19518,user_651,3
20239,user_651,3
41336,user_651,1
41656,user_651,2
47594,user_651,2
324992,user_651,3
507151,user_651,4
564757,user_651,3
802000,user_651,1
481,user_6521,5
3194,user_6521,4
3340,user_6521,4
8777,user_6521,5
10612,user_6521,1
12732,user_6521,5
13020,user_6521,1
15905,user_6521,4
15967,user_6521,5
20132,user_6521,5
20911,user_6521,4
29069,user_6521,4
51877,user_6521,2
349679,user_6521,3
846499,user_6521,3
3340,user_6540,4
10068,user_6540,3
13777,user_6540,4
15022,user_6540,2
15730,user_6540,4
17179,user_6540,4
22740,user_6540,2
61051,user_6540,2
682502,user_6540,2
1236,user_6542,2
3687,user_6542,3
3771,user_6542,4
8001,user_6542,5
8777,user_6542,1
15406,user_6542,3
18000,user_6542,5
19058,user_6542,3
28604,user_6542,1
46543,user_6542,1
51081,user_6542,2
52389,user_6542,2
62069,user_6542,3
428072,user_6542,5
452645,user_6542,4
521,user_6544,2
840,user_6544,5
2098,user_6544,1
2553,user_6544,1
5511,user_6544,5
13852,user_6544,2
18097,user_6544,3
20112,user_6544,3
49874,user_6544,4
62422,user_6544,5
327269,user_6544,2
397481,user_6544,3
532482,user_6544,3
657,user_6547,2
3631,user_6547,2
4519,user_6547,5
7778,user_6547,5
10513,user_6547,4
11460,user_6547,5
15337,user_6547,5
20589,user_6547,4
22547,user_6547,1
28620,user_6547,3
47430,user_6547,4
52179,user_6547,1
254604,user_6547,1
428198,user_6547,1
616688,user_6547,1
1090,user_6549,2
2100,user_6549,3
3316,user_6549,1
11428,user_6549,3
13104,user_6549,5
19196,user_6549,1
19338,user_6549,1
20112,user_6549,4
20212,user_6549,3
21308,user_6549,3
22837,user_6549,5
40302,user_6549,3
40645,user_6549,2
52371,user_6549,5
705616,user_6549,1
10301,user_6553,1
18207,user_6553,3
19606,user_6553,2
20723,user_6553,4
22509,user_6553,4
39277,user_6553,1
387247,user_6553,3
87,user_6566,5
2586,user_6566,1
7241,user_6566,3
13280,user_6566,4
16008,user_6566,5
17315,user_6566,5
19278,user_6566,4
21448,user_6566,1
39093,user_6566,2
484828,user_6566,5
502117,user_6566,5
2634,user_657,2
4477,user_657,2
11791,user_657,3
13688,user_657,1
13796,user_657,2
15349,user_657,4
19351,user_657,1
45342,user_657,1
262433,user_657,4
795632,user_657,3
538,user_6571,4
9644,user_6571,3
13856,user_6571,2
19058,user_6571,4
23734,user_6571,1
28615,user_6571,3
35402,user_6571,5
58826,user_6571,1
61415,user_6571,3
62409,user_6571,2
248521,user_6571,5
374507,user_6571,2
846499,user_6571,3
2157,user_6576,4
2243,user_6576,2
2828,user_6576,5
3340,user_6576,5
15274,user_6576,2
15349,user_6576,1
16437,user_6576,2
17977,user_6576,5
18240,user_6576,1
21359,user_6576,4
22121,user_6576,1
22415,user_6576,2
22911,user_6576,4
28623,user_6576,4
40645,user_6576,2
52093,user_6576,5
262437,user_6576,3
2574,user_6578,2
2709,user_6578,4
3771,user_6578,2
9831,user_6578,1
12024,user_6578,1
15022,user_6578,5
16915,user_6578,3
19574,user_6578,1
29069,user_6578,4
36357,user_6578,3
39093,user_6578,5
51230,user_6578,1
51507,user_6578,5
274760,user_6578,4
517399,user_6578,1
2949,user_6581,3
3598,user_6581,1
5426,user_6581,4
15905,user_6581,1
16704,user_6581,3
17085,user_6581,4
18849,user_6581,2
21119,user_6581,3
28154,user_6581,1
28201,user_6581,1
28300,user_6581,5
39035,user_6581,2
40344,user_6581,3
44641,user_6581,3
53239,user_6581,3
620,user_6584,5
2300,user_6584,3
9744,user_6584,2
10668,user_6584,5
12280,user_6584,5
12300,user_6584,3
13305,user_6584,1
14468,user_6584,4
15406,user_6584,5
16116,user_6584,2
21219,user_6584,2
262433,user_6584,5
502241,user_6584,1
1204,user_6585,5
4361,user_6585,3
5524,user_6585,4
6800,user_6585,1
10532,user_6585,3
15958,user_6585,5
16164,user_6585,3
22060,user_6585,3
32734,user_6585,5
47594,user_6585,4
499,user_6588,2
1140,user_6588,1
1922,user_6588,4
2889,user_6588,1
4561,user_6588,3
5524,user_6588,5
9904,user_6588,2
15490,user_6588,4
17790,user_6588,2
20212,user_6588,1
21219,user_6588,3
63845,user_6588,4
326243,user_6588,3
502241,user_6588,5
868085,user_6588,4
432,user_6592,1
5571,user_6592,3
8001,user_6592,4
10025,user_6592,1
16649,user_6592,2
17188,user_6592,1
18849,user_6592,3
21631,user_6592,2
23613,user_6592,1
58876,user_6592,2
327209,user_6592,2
411611,user_6592,4
452645,user_6592,4
455597,user_6592,4
619806,user_6592,2
275,user_6603,3
1283,user_6603,2
2553,user_6603,5
4649,user_6603,2
10293,user_6603,2
14527,user_6603,3
15406,user_6603,2
18699,user_6603,2
19058,user_6603,3
19518,user_6603,2
20253,user_6603,5
35402,user_6603,2
36357,user_6603,5
46602,user_6603,5
484828,user_6603,3
2416,user_6606,3
2796,user_6606,3
3450,user_6606,2
16825,user_6606,2
19359,user_6606,1
19518,user_6606,1
20717,user_6606,3
46066,user_6606,1
47270,user_6606,5
248521,user_6606,4
274758,user_6606,5
447815,user_6606,2
82,user_6608,1
4477,user_6608,4
15362,user_6608,5
16915,user_6608,1
19338,user_6608,1
19518,user_6608,5
28300,user_6608,5
284674,user_6608,5
1283,user_6613,3
3956,user_6613,5
4507,user_6613,3
10791,user_6613,2
13856,user_6613,3
17946,user_6613,2
19608,user_6613,5
19617,user_6613,2
21725,user_6613,3
22439,user_6613,5
22918,user_6613,1
29593,user_6613,1
452647,user_6613,1
115,user_6622,3
538,user_6622,5
3371,user_6622,4
5688,user_6622,4
5877,user_6622,3
9731,user_6622,1
12319,user_6622,2
14290,user_6622,2
14948,user_6622,4
18698,user_6622,4
21416,user_6622,1
268363,user_6622,1
3044,user_6628,3
5363,user_6628,1
10745,user_6628,2
15362,user_6628,3
19541,user_6628,3
21285,user_6628,2
28547,user_6628,4
29109,user_6628,2
41012,user_6628,1
254604,user_6628,4
2866,user_663,2
8622,user_663,5
13688,user_663,4
15861,user_663,5
17597,user_663,3
17977,user_663,5
19467,user_663,3
20154,user_663,5
22911,user_663,2
23576,user_663,4
23600,user_663,2
51179,user_663,3
52384,user_663,3
326239,user_663,1
10643,user_6636,5
19459,user_6636,5
20250,user_6636,2
21119,user_6636,4
21229,user_6636,4
21691,user_6636,5
23322,user_6636,4
40936,user_6636,2
268363,user_6636,5
288586,user_6636,3
388968,user_6636,3
427733,user_6636,1
802000,user_6636,5
115,user_6638,5
401,user_6638,1
3194,user_6638,4
3358,user_6638,2
12319,user_6638,1
13345,user_6638,5
14447,user_6638,4
15958,user_6638,1
18712,user_6638,5
19555,user_6638,1
20250,user_6638,2
27944,user_6638,4
416034,user_6638,1
692669,user_6638,4
1682,user_6643,4
2354,user_6643,2
5511,user_6643,5
13734,user_6643,4
18285,user_6643,4
18614,user_6643,1
22014,user_6643,4
219972,user_6643,5
287337,user_6643,4
327232,user_6643,4
366852,user_6643,1
657,user_6647,5
2343,user_6647,3
2524,user_6647,2
2925,user_6647,1
3763,user_6647,3
4806,user_6647,4
5877,user_6647,2
9731,user_6647,4
13694,user_6647,4
19594,user_6647,3
19672,user_6647,1
20133,user_6647,3
842395,user_6647,3
1682,user_6648,1
9871,user_6648,2
10004,user_6648,4
11366,user_6648,4
16649,user_6648,4
16969,user_6648,1
22158,user_6648,5
23165,user_6648,4
46602,user_6648,4
52176,user_6648,3
62359,user_6648,5
251596,user_6648,3
426096,user_6648,4
616697,user_6648,5
134,user_665,1
840,user_665,4
13861,user_665,3
15337,user_665,5
17921,user_665,1
44972,user_665,4
366881,user_665,4
750344,user_665,5
119,user_6672,5
2157,user_6672,4
12291,user_6672,1
15274,user_6672,4
16453,user_6672,4
19524,user_6672,1
19881,user_6672,1
27976,user_6672,4
44641,user_6672,4
82,user_6673,3
388,user_6673,2
492,user_6673,1
1184,user_6673,1
1670,user_6673,2
1922,user_6673,3
1943,user_6673,2
3561,user_6673,3
4057,user_6673,1
9774,user_6673,1
18699,user_6673,5
19588,user_6673,3
22911,user_6673,1
420000,user_6673,2
766,user_6677,5
1283,user_6677,5
2553,user_6677,4
5678,user_6677,1
6800,user_6677,1
11193,user_6677,4
18858,user_6677,5
20570,user_6677,1
21371,user_6677,4
28559,user_6677,5
282807,user_6677,2
426096,user_6677,2
4247,user_6682,2
5877,user_6682,5
6303,user_6682,1
9840,user_6682,3
10301,user_6682,5
13694,user_6682,4
13913,user_6682,2
19742,user_6682,2
32734,user_6682,3
41336,user_6682,2
58777,user_6682,2
327209,user_6682,1
715,user_6687,1
2271,user_6687,2
4459,user_6687,2
11350,user_6687,1
12649,user_6687,1
17633,user_6687,4
18699,user_6687,4
28534,user_6687,5
44725,user_6687,5
47270,user_6687,5
3186,user_6688,1
3323,user_6688,3
3344,user_6688,1
3469,user_6688,2
3748,user_6688,1
3892,user_6688,2
3923,user_6688,4
12073,user_6688,4
15967,user_6688,5
18699,user_6688,1
19490,user_6688,5
22790,user_6688,4
28547,user_6688,1
47613,user_6688,1
58876,user_6688,4
275606,user_6688,5
532482,user_6688,4
682502,user_6688,2
764,user_669,2
12914,user_669,3
13777,user_669,1
14729,user_669,4
16164,user_669,2
19574,user_669,4
23322,user_669,4
40344,user_669,4
47594,user_669,5
53239,user_669,1
290894,user_669,5
416034,user_669,2
528689,user_669,2
600924,user_669,5
471,user_6698,1
2266,user_6698,5
2354,user_6698,2
2553,user_6698,2
3561,user_6698,5
4507,user_6698,4
9824,user_6698,4
10142,user_6698,4
10293,user_6698,1
10342,user_6698,3
16704,user_6698,3
22740,user_6698,1
35573,user_6698,2
53478,user_6698,2
682502,user_6698,1
471,user_6699,4
538,user_6699,1
4361,user_6699,5
5363,user_6699,3
6303,user_6699,2
10301,user_6699,4
13886,user_6699,2
14922,user_6699,5
19555,user_6699,5
20723,user_6699,5
27022,user_6699,4
47594,user_6699,3
62627,user_6699,1
295021,user_6699,3
134,user_6703,2
388,user_6703,5
1682,user_6703,2
2820,user_6703,4
3450,user_6703,3
3687,user_6703,5
6319,user_6703,5
13694,user_6703,5
13913,user_6703,1
15349,user_6703,1
16453,user_6703,1
16709,user_6703,4
17607,user_6703,3
18240,user_6703,2
61152,user_6703,5
295090,user_6703,5
2551,user_6714,3
3339,user_6714,4
8622,user_6714,2
12893,user_6714,1
16915,user_6714,4
20570,user_6714,4
28195,user_6714,2
50778,user_6714,2
51230,user_6714,2
427733,user_6714,4
1091,user_6716,4
4234,user_6716,3
4247,user_6716,4
20020,user_6716,5
43004,user_6716,3
52176,user_6716,4
59023,user_6716,5
2112,user_6724,4
2243,user_6724,2
5363,user_6724,1
10025,user_6724,1
10180,user_6724,4
11786,user_6724,5
14285,user_6724,3
16008,user_6724,1
16437,user_6724,3
19457,user_6724,4
23576,user_6724,3
274760,user_6724,3
398423,user_6724,2
428083,user_6724,3
537744,user_6724,1
1090,user_6725,5
3371,user_6725,2
4032,user_6725,5
4057,user_6725,4
4192,user_6725,5
8777,user_6725,4
13734,user_6725,5
16178,user_6725,5
16704,user_6725,2
17535,user_6725,2
19794,user_6725,5
38491,user_6725,4
42857,user_6725,1
362895,user_6725,4
372505,user_6725,3
4571,user_6733,5
6800,user_6733,4
12073,user_6733,2
20717,user_6733,4
58876,user_6733,2
366852,user_6733,4
447815,user_6733,3
3923,user_6738,1
10638,user_6738,2
11428,user_6738,1
13633,user_6738,5
15479,user_6738,2
19935,user_6738,4
19994,user_6738,1
20481,user_6738,5
42857,user_6738,5
49874,user_6738,2
326292,user_6738,3
428966,user_6738,4
766,user_674,2
3277,user_674,2
4409,user_674,1
5688,user_674,1
17998,user_674,1
19608,user_674,4
19829,user_674,3
47430,user_674,2
58497,user_674,5
233858,user_674,1
619806,user_674,5
4036,user_6743,5
13886,user_6743,5
42776,user_6743,3
44029,user_6743,2
61051,user_6743,3
426096,user_6743,4
706,user_6744,5
1019,user_6744,4
1140,user_6744,5
2115,user_6744,4
2551,user_6744,3
4036,user_6744,4
9644,user_6744,4
16174,user_6744,1
16414,user_6744,1
17179,user_6744,3
18742,user_6744,2
21359,user_6744,3
27022,user_6744,4
35326,user_6744,1
45691,user_6744,3
58809,user_6744,5
275636,user_6744,2
326243,user_6744,1
682502,user_6744,3
364,user_675,5
604,user_675,4
3240,user_675,5
3897,user_675,5
4409,user_675,1
10025,user_675,3
13482,user_675,4
13627,user_675,2
15862,user_675,4
17558,user_675,1
19525,user_675,3
20132,user_675,4
25965,user_675,5
49300,user_675,1
9984,user_6760,5
10025,user_6760,5
11212,user_6760,5
11460,user_6760,2
11971,user_6760,3
13694,user_6760,3
14265,user_6760,4
17535,user_6760,4
22439,user_6760,4
29383,user_6760,5
59796,user_6760,5
62422,user_6760,2
349870,user_6760,1
2271,user_6762,1
5978,user_6762,3
9984,user_6762,5
10031,user_6762,1
14015,user_6762,3
18000,user_6762,5
18698,user_6762,1
22014,user_6762,1
29170,user_6762,5
319239,user_6762,3
563419,user_6762,3
692669,user_6762,4
2037,user_6764,3
2639,user_6764,1
3226,user_6764,3
3917,user_6764,2
11791,user_6764,5
15687,user_6764,3
19639,user_6764,4
21359,user_6764,1
27977,user_6764,2
47379,user_6764,1
52179,user_6764,5
274758,user_6764,3
302857,user_6764,4
557828,user_6764,5
586054,user_6764,4
2145,user_6768,5
5524,user_6768,5
10397,user_6768,5
13852,user_6768,4
14636,user_6768,4
16164,user_6768,3
16351,user_6768,4
20717,user_6768,4
22344,user_6768,3
22509,user_6768,5
57885,user_6768,4
62534,user_6768,1
412477,user_6768,5
619806,user_6768,5
3450,user_677,2
4459,user_677,3
9840,user_677,1
50778,user_677,5
257195,user_677,3
573124,user_677,2
674,user_6770,3
2243,user_6770,2
2764,user_6770,1
5621,user_6770,2
16008,user_6770,1
21308,user_6770,3
35402,user_6770,4
42858,user_6770,2
45109,user_6770,5
316936,user_6770,1
616697,user_6770,4
619806,user_6770,3
2266,user_6780,1
4247,user_6780,1
10594,user_6780,2
13345,user_6780,1
20589,user_6780,2
23576,user_6780,3
28082,user_6780,5
47594,user_6780,4
58551,user_6780,2
366110,user_6780,1
441738,user_6780,2
532482,user_6780,3
388,user_6782,4
798,user_6782,5
1630,user_6782,5
2100,user_6782,3
5978,user_6782,2
9840,user_6782,4
11142,user_6782,3
11971,user_6782,4
20017,user_6782,2
20723,user_6782,1
44725,user_6782,3
47430,user_6782,3
4409,user_6785,3
10301,user_6785,5
14948,user_6785,4
15323,user_6785,3
15500,user_6785,1
16024,user_6785,5
17372,user_6785,3
17417,user_6785,3
58975,user_6785,3
295021,user_6785,2
514899,user_6785,5
600924,user_6785,2
766,user_6786,2
4058,user_6786,5
10532,user_6786,4
10847,user_6786,3
12073,user_6786,5
15323,user_6786,1
27023,user_6786,5
42858,user_6786,2
49874,user_6786,1
349870,user_6786,1
546464,user_6786,4
59,user_6788,5
538,user_6788,2
3612,user_6788,1
3892,user_6788,1
3990,user_6788,4
9871,user_6788,5
12291,user_6788,3
12980,user_6788,5
16404,user_6788,4
19196,user_6788,1
19574,user_6788,1
57519,user_6788,3
372505,user_6788,2
29,user_6789,2
471,user_6789,1
766,user_6789,1
13861,user_6789,4
15294,user_6789,1
16817,user_6789,1
17536,user_6789,1
18699,user_6789,5
19881,user_6789,4
29207,user_6789,1
50738,user_6789,5
64491,user_6789,5
147,user_6792,4
498,user_6792,4
817,user_6792,2
4439,user_6792,5
18632,user_6792,1
18699,user_6792,5
20020,user_6792,1
28082,user_6792,5
50675,user_6792,2
56183,user_6792,3
349677,user_6792,2
758,user_6793,4
2949,user_6793,3
4137,user_6793,2
5663,user_6793,4
12893,user_6793,3
15967,user_6793,1
21631,user_6793,2
22918,user_6793,1
28627,user_6793,2
47379,user_6793,3
58777,user_6793,1
272483,user_6793,3
349677,user_6793,3
3574,user_6812,5
4036,user_6812,1
4475,user_6812,2
7317,user_6812,4
9638,user_6812,5
14317,user_6812,1
16351,user_6812,4
20154,user_6812,4
21691,user_6812,5
28534,user_6812,2
38491,user_6812,3
47594,user_6812,2
52093,user_6812,4
58551,user_6812,3
60012,user_6812,4
397481,user_6812,1
795370,user_6812,1
620,user_682,4
2828,user_682,1
8001,user_682,1
17548,user_682,5
20133,user_682,2
49790,user_682,4
58777,user_682,2
275636,user_682,3
419295,user_682,4
1412,user_6824,4
1575,user_6824,5
3214,user_6824,1
8777,user_6824,2
13861,user_6824,2
16761,user_6824,5
39277,user_6824,3
59261,user_6824,3
258322,user_6824,5
34,user_6826,5
4274,user_6826,4
4901,user_6826,1
14913,user_6826,4
17790,user_6826,1
19610,user_6826,3
24877,user_6826,5
284674,user_6826,4
452634,user_6826,5
484828,user_6826,5
539,user_6827,1
1391,user_6827,4
3612,user_6827,2
9824,user_6827,3
9904,user_6827,1
14397,user_6827,1
14722,user_6827,3
27944,user_6827,4
35402,user_6827,5
52176,user_6827,1
288586,user_6827,3
441738,user_6827,2
452645,user_6827,5
155,user_6833,4
766,user_6833,4
2574,user_6833,4
3631,user_6833,5
3757,user_6833,5
4356,user_6833,2
15905,user_6833,5
16704,user_6833,2
17188,user_6833,3
18271,user_6833,4
22734,user_6833,5
22911,user_6833,2
28534,user_6833,1
31906,user_6833,2
50351,user_6833,3
58921,user_6833,3
327209,user_6833,2
447825,user_6833,4
4477,user_6834,4
7317,user_6834,4
8622,user_6834,2
15860,user_6834,4
15958,user_6834,3
16106,user_6834,2
19606,user_6834,1
28623,user_6834,5
35326,user_6834,4
42912,user_6834,5
45342,user_6834,1
327269,user_6834,1
600924,user_6834,2
3168,user_684,3
3533,user_684,1
9668,user_684,5
14088,user_684,1
14096,user_684,3
18271,user_684,4
20253,user_684,5
22121,user_684,4
47594,user_684,1
388968,user_684,1
2287,user_6840,3
7353,user_6840,2
9801,user_6840,4
10293,user_6840,1
15860,user_6840,1
16825,user_6840,1
18395,user_6840,5
19742,user_6840,4
22121,user_6840,5
46410,user_6840,2
59796,user_6840,5
10141,user_6841,2
10638,user_6841,3
13280,user_6841,5
13734,user_6841,2
16414,user_6841,1
40368,user_6841,4
46066,user_6841,5
58913,user_6841,5
59986,user_6841,4
388383,user_6841,5
528689,user_6841,1
3612,user_6843,5
4507,user_6843,2
12470,user_6843,3
15362,user_6843,3
44525,user_6843,2
64526,user_6843,2
295021,user_6843,1
620,user_6846,2
2634,user_6846,5
3923,user_6846,2
4247,user_6846,2
11428,user_6846,2
15022,user_6846,3
19457,user_6846,3
19731,user_6846,1
21098,user_6846,3
21926,user_6846,1
53341,user_6846,5
53432,user_6846,2
502241,user_6846,4
558986,user_6846,4
846499,user_6846,3
7241,user_6850,2
9894,user_6850,1
10278,user_6850,4
12279,user_6850,4
13734,user_6850,5
15274,user_6850,2
16915,user_6850,1
21586,user_6850,2
22900,user_6850,1
28110,user_6850,2
28480,user_6850,3
59261,user_6850,5
64526,user_6850,4
322240,user_6850,4
366852,user_6850,4
1670,user_6856,3
2796,user_6856,5
3450,user_6856,3
5663,user_6856,5
9066,user_6856,4
10928,user_6856,3
11831,user_6856,2
16761,user_6856,2
19490,user_6856,2
23165,user_6856,3
25965,user_6856,3
28131,user_6856,2
275,user_6878,1
604,user_6878,3
865,user_6878,3
906,user_6878,5
8001,user_6878,5
14729,user_6878,3
16817,user_6878,2
17633,user_6878,3
23292,user_6878,3
44641,user_6878,2
528689,user_6878,4
123,user_6894,4
906,user_6894,2
3917,user_6894,2
15479,user_6894,5
16361,user_6894,5
19794,user_6894,3
28539,user_6894,3
40344,user_6894,3
380786,user_6894,2
450239,user_6894,3
682502,user_6894,5
692669,user_6894,1
432,user_6895,4
2586,user_6895,3
4490,user_6895,5
9986,user_6895,5
15335,user_6895,2
16437,user_6895,5
16961,user_6895,5
28075,user_6895,1
42391,user_6895,1
44972,user_6895,5
327260,user_6895,3
379486,user_6895,2
420000,user_6895,1
484718,user_6895,3
573123,user_6895,3
4571,user_6896,3
5699,user_6896,3
11193,user_6896,4
14397,user_6896,3
20333,user_6896,1
21229,user_6896,4
308157,user_6896,5
428198,user_6896,5
705616,user_6896,1
709179,user_6896,2
11460,user_6900,3
12024,user_6900,3
16008,user_6900,3
17633,user_6900,2
18395,user_6900,3
19196,user_6900,5
19274,user_6900,3
20466,user_6900,3
28075,user_6900,5
45416,user_6900,2
349250,user_6900,1
349515,user_6900,1
487911,user_6900,4
842395,user_6900,3
3627,user_6908,4
9801,user_6908,5
11192,user_6908,2
17661,user_6908,5
18632,user_6908,1
19606,user_6908,3
19672,user_6908,5
20515,user_6908,2
45416,user_6908,2
59197,user_6908,2
59796,user_6908,3
59986,user_6908,5
616697,user_6908,1
865,user_6916,5
1019,user_6916,1
3627,user_6916,3
9066,user_6916,1
15856,user_6916,2
18742,user_6916,2
18849,user_6916,1
42912,user_6916,3
452649,user_6916,5
499,user_6917,5
533,user_6917,5
1009,user_6917,1
2866,user_6917,5
4901,user_6917,5
12980,user_6917,1
15294,user_6917,5
19542,user_6917,2
19742,user_6917,3
22734,user_6917,2
28160,user_6917,3
327212,user_6917,2
538,user_6921,4
3186,user_6921,2
3371,user_6921,5
4234,user_6921,4
4274,user_6921,2
14690,user_6921,3
15075,user_6921,1
17179,user_6921,3
17535,user_6921,5
24478,user_6921,2
50351,user_6921,4
62422,user_6921,4
257203,user_6921,5
327269,user_6921,1
119,user_6923,5
2828,user_6923,5
5511,user_6923,4
11329,user_6923,2
13886,user_6923,4
14614,user_6923,5
16024,user_6923,2
16042,user_6923,2
19436,user_6923,1
22158,user_6923,5
22509,user_6923,5
28627,user_6923,3
29207,user_6923,2
38197,user_6923,1
400298,user_6923,5
845261,user_6923,3
868086,user_6923,2
881,user_6927,1
6256,user_6927,1
10110,user_6927,5
15615,user_6927,2
17607,user_6927,1
20133,user_6927,2
20212,user_6927,5
51179,user_6927,4
58777,user_6927,5
264828,user_6927,2
327260,user_6927,4
155,user_6933,2
5426,user_6933,4
10056,user_6933,3
12447,user_6933,2
13104,user_6933,4
13280,user_6933,1
17835,user_6933,2
19716,user_6933,2
28082,user_6933,3
29218,user_6933,5
302857,user_6933,3
484852,user_6933,2
868085,user_6933,5
49,user_6935,4
119,user_6935,2
3917,user_6935,3
4284,user_6935,2
14895,user_6935,2
15905,user_6935,3
17177,user_6935,4
17558,user_6935,1
17607,user_6935,2
47361,user_6935,4
59142,user_6935,3
60012,user_6935,3
447815,user_6935,2
1682,user_6946,3
2115,user_6946,3
2796,user_6946,4
5663,user_6946,1
10745,user_6946,3
15406,user_6946,2
16932,user_6946,5
17703,user_6946,3
17946,user_6946,3
21725,user_6946,5
28160,user_6946,2
60012,user_6946,2
62409,user_6946,5
302857,user_6946,4
387328,user_6946,4
39,user_6954,2
2949,user_6954,5
7778,user_6954,2
17878,user_6954,1
22415,user_6954,4
25965,user_6954,3
44641,user_6954,4
50738,user_6954,4
384521,user_6954,3
558986,user_6954,1
1670,user_6957,1
2289,user_6957,5
2553,user_6957,1
3917,user_6957,2
4901,user_6957,4
9668,user_6957,2
10994,user_6957,5
13285,user_6957,4
19742,user_6957,4
20114,user_6957,2
21098,user_6957,5
28075,user_6957,5
44029,user_6957,2
51877,user_6957,1
194,user_696,1
2634,user_696,2
3627,user_696,5
28604,user_696,1
42858,user_696,4
492,user_6962,4
2098,user_6962,3
2145,user_6962,4
2820,user_6962,5
4806,user_6962,2
5426,user_6962,4
11052,user_6962,5
11163,user_6962,5
11448,user_6962,1
12720,user_6962,4
14088,user_6962,1
14397,user_6962,1
19459,user_6962,2
28620,user_6962,5
284674,user_6962,4
326239,user_6962,5
364975,user_6962,1
564757,user_6962,3
2196,user_6966,4
14397,user_6966,5
14636,user_6966,1
15337,user_6966,1
17793,user_6966,4
19338,user_6966,3
45416,user_6966,2
59688,user_6966,2
59796,user_6966,1
60012,user_6966,4
248521,user_6966,3
366852,user_6966,4
374507,user_6966,3
426096,user_6966,4
570074,user_6966,2
709179,user_6966,1
10047,user_6972,3
10056,user_6972,3
11448,user_6972,2
16932,user_6972,5
18614,user_6972,4
58818,user_6972,5
484718,user_6972,3
502117,user_6972,3
1682,user_6975,4
2196,user_6975,5
19110,user_6975,3
35519,user_6975,1
47234,user_6975,2
437042,user_6975,2
692669,user_6975,5
3892,user_6977,4
4036,user_6977,1
5621,user_6977,5
10047,user_6977,2
28539,user_6977,3
29391,user_6977,3
47379,user_6977,4
51507,user_6977,2
60586,user_6977,3
275606,user_6977,2
292840,user_6977,4
322240,user_6977,4
349515,user_6977,5
29,user_6981,3
362,user_6981,1
2960,user_6981,3
4058,user_6981,3
8278,user_6981,4
13856,user_6981,2
16361,user_6981,4
17417,user_6981,4
19716,user_6981,1
19740,user_6981,2
22060,user_6981,3
39093,user_6981,2
262437,user_6981,1
416034,user_6981,1
427733,user_6981,4
533,user_6982,5
966,user_6982,2
2634,user_6982,3
2820,user_6982,2
3533,user_6982,4
4414,user_6982,3
10301,user_6982,4
10668,user_6982,2
14446,user_6982,4
19542,user_6982,5
19994,user_6982,3
21285,user_6982,2
28195,user_6982,1
300689,user_6982,2
115,user_6988,4
474,user_6988,1
1943,user_6988,5
4361,user_6988,2
9871,user_6988,4
11192,user_6988,5
15362,user_6988,1
15479,user_6988,3
16954,user_6988,5
19672,user_6988,4
21098,user_6988,4
22439,user_6988,4
367044,user_6988,3
586054,user_6988,4
706,user_6990,5
10417,user_6990,5
10575,user_6990,1
13688,user_6990,1
18742,user_6990,3
19606,user_6990,2
21308,user_6990,3
40368,user_6990,1
49874,user_6990,3
3168,user_6995,5
3990,user_6995,3
4057,user_6995,2
9801,user_6995,2
11831,user_6995,4
18183,user_6995,5
21371,user_6995,2
47361,user_6995,3
50778,user_6995,3
58826,user_6995,1
370222,user_6995,5
364,user_6998,3
6319,user_6998,5
10301,user_6998,1
12073,user_6998,5
14544,user_6998,2
16414,user_6998,2
16915,user_6998,4
20212,user_6998,2
22193,user_6998,2
51230,user_6998,5
59261,user_6998,4
295021,user_6998,1
494384,user_6998,5
845261,user_6998,5
1575,user_700,5
2416,user_700,1
11682,user_700,1
16404,user_700,5
17676,user_700,1
19490,user_700,4
20717,user_700,3
39035,user_700,5
40368,user_700,3
46066,user_700,5
275636,user_700,5
288586,user_700,3
389054,user_700,1
397471,user_700,3
452649,user_700,2
497993,user_700,1
34,user_7004,3
39,user_7004,3
3469,user_7004,3
5978,user_7004,5
10400,user_7004,5
14265,user_7004,1
14544,user_7004,1
15500,user_7004,5
17650,user_7004,1
19742,user_7004,2
20154,user_7004,5
302857,user_7004,3
10180,user_7011,5
11188,user_7011,3
12121,user_7011,3
13305,user_7011,1
19576,user_7011,5
20723,user_7011,1
257202,user_7011,4
301539,user_7011,4
327209,user_7011,3
379486,user_7011,3
2828,user_7017,3
3498,user_7017,3
10293,user_7017,5
11428,user_7017,4
13345,user_7017,1
15126,user_7017,1
19584,user_7017,4
20570,user_7017,5
22104,user_7017,2
369158,user_7017,2
29,user_7019,3
3134,user_7019,5
4137,user_7019,5
10180,user_7019,3
16932,user_7019,1
17085,user_7019,2
18698,user_7019,3
19742,user_7019,5
21958,user_7019,5
23292,user_7019,2
27976,user_7019,3
28620,user_7019,3
32734,user_7019,4
46508,user_7019,3
398407,user_7019,3
481,user_7024,4
4561,user_7024,2
5511,user_7024,3
10029,user_7024,4
11192,user_7024,1
14922,user_7024,4
14933,user_7024,5
19490,user_7024,4
20112,user_7024,4
20319,user_7024,4
38197,user_7024,3
47613,user_7024,1
51167,user_7024,2
499,user_7025,1
3424,user_7025,4
5699,user_7025,4
14154,user_7025,3
14913,user_7025,1
15274,user_7025,4
15294,user_7025,5
16164,user_7025,5
16612,user_7025,2
21305,user_7025,1
39277,user_7025,3
34,user_7029,4
9840,user_7029,3
18367,user_7029,4
20911,user_7029,4
21631,user_7029,1
51690,user_7029,2
380786,user_7029,1
389054,user_7029,4
450239,user_7029,2
709179,user_7029,3
3598,user_7030,4
10398,user_7030,3
15274,user_7030,4
15967,user_7030,5
16726,user_7030,3
17676,user_7030,4
17921,user_7030,3
18712,user_7030,3
19058,user_7030,1
19196,user_7030,1
264828,user_7030,2
282807,user_7030,2
367044,user_7030,2
398414,user_7030,3
604,user_7033,5
1204,user_7033,5
3790,user_7033,1
3892,user_7033,5
9801,user_7033,5
10668,user_7033,5
17703,user_7033,3
19541,user_7033,5
22740,user_7033,2
53432,user_7033,4
750344,user_7033,1
49,user_7034,4
498,user_7034,4
1204,user_7034,1
2115,user_7034,4
3134,user_7034,1
3790,user_7034,1
9774,user_7034,4
11188,user_7034,5
11682,user_7034,4
14614,user_7034,5
18712,user_7034,4
21691,user_7034,3
35573,user_7034,1
59155,user_7034,2
63845,user_7034,3
387247,user_7034,1
397471,user_7034,5
555994,user_7034,2
558984,user_7034,2
39,user_7035,2
4192,user_7035,3
4519,user_7035,4
5363,user_7035,2
10056,user_7035,2
10278,user_7035,5
10668,user_7035,5
19057,user_7035,3
52389,user_7035,1
59142,user_7035,5
455597,user_7035,1
39,user_7042,4
1509,user_7042,3
13345,user_7042,5
13482,user_7042,1
16361,user_7042,2
19606,user_7042,5
59640,user_7042,5
327209,user_7042,1
428198,user_7042,5
447815,user_7042,4
795370,user_7042,2
1509,user_7045,5
3290,user_7045,3
4459,user_7045,3
10118,user_7045,1
11791,user_7045,5
14974,user_7045,3
17926,user_7045,5
18777,user_7045,5
19236,user_7045,5
20803,user_7045,4
40645,user_7045,3
67623,user_7045,1
257195,user_7045,4
485203,user_7045,3
537744,user_7045,3
388,user_7054,5
9871,user_7054,5
11682,user_7054,4
13285,user_7054,4
16961,user_7054,2
19058,user_7054,3
20589,user_7054,4
51167,user_7054,3
52939,user_7054,4
301539,user_7054,4
447825,user_7054,5
502117,user_7054,3
364,user_7058,2
865,user_7058,1
3168,user_7058,5
12074,user_7058,2
12914,user_7058,3
20212,user_7058,3
49874,user_7058,2
58818,user_7058,1
349870,user_7058,1
619806,user_7058,4
795370,user_7058,5
2674,user_7060,2
2820,user_7060,5
3240,user_7060,2
3344,user_7060,5
12980,user_7060,5
19338,user_7060,1
19617,user_7060,4
21691,user_7060,5
24493,user_7060,1
28608,user_7060,2
452649,user_7060,1
20,user_7069,1
1283,user_7069,5
3290,user_7069,1
4032,user_7069,5
4519,user_7069,4
10293,user_7069,5
12678,user_7069,2
13280,user_7069,1
15862,user_7069,3
29185,user_7069,4
44431,user_7069,4
51877,user_7069,4
57596,user_7069,3
4234,user_7071,4
9644,user_7071,4
35573,user_7071,5
262437,user_7071,3
573124,user_7071,2
709179,user_7071,4
3134,user_7076,3
10056,user_7076,1
10110,user_7076,2
10118,user_7076,3
14015,user_7076,2
16761,user_7076,2
18286,user_7076,4
52384,user_7076,2
573123,user_7076,4
1854,user_7077,2
2949,user_7077,5
5511,user_7077,4
10031,user_7077,5
12143,user_7077,5
15860,user_7077,4
20995,user_7077,5
42391,user_7077,3
45416,user_7077,3
274571,user_7077,1
619806,user_7077,2
471,user_7085,3
3226,user_7085,3
5511,user_7085,5
5571,user_7085,1
9831,user_7085,1
10397,user_7085,4
10992,user_7085,4
14154,user_7085,1
16961,user_7085,2
21285,user_7085,4
57596,user_7085,3
62897,user_7085,2
63845,user_7085,1
257202,user_7085,2
349250,user_7085,4
546464,user_7085,1
1204,user_7090,4
2354,user_7090,4
2820,user_7090,3
6800,user_7090,2
7441,user_7090,5
9871,user_7090,1
19006,user_7090,1
21371,user_7090,1
419295,user_7090,3
455597,user_7090,2
1090,user_7097,2
2138,user_7097,1
4284,user_7097,5
10532,user_7097,1
11448,user_7097,2
15856,user_7097,3
20250,user_7097,1
37907,user_7097,3
37972,user_7097,2
42391,user_7097,5
616697,user_7097,1
59,user_7106,4
865,user_7106,1
9774,user_7106,3
10056,user_7106,4
10532,user_7106,1
10547,user_7106,3
13285,user_7106,1
21683,user_7106,3
22121,user_7106,3
282807,user_7106,3
349677,user_7106,2
795632,user_7106,4
3044,user_7107,1
10180,user_7107,5
11448,user_7107,1
22344,user_7107,3
38146,user_7107,3
53478,user_7107,5
257195,user_7107,4
299569,user_7107,3
364942,user_7107,5
366110,user_7107,3
507151,user_7107,5
2551,user_711,4
9606,user_711,1
17926,user_711,5
28160,user_711,4
28627,user_711,3
53478,user_711,4
323051,user_711,4
400298,user_711,5
521,user_7115,3
840,user_7115,2
3790,user_7115,3
5542,user_7115,1
7353,user_7115,1
12121,user_7115,5
25965,user_7115,2
52370,user_7115,4
517399,user_7115,5
868085,user_7115,4
39,user_7117,3
2037,user_7117,4
12143,user_7117,2
13285,user_7117,1
16404,user_7117,2
16944,user_7117,1
27023,user_7117,5
52179,user_7117,4
53478,user_7117,4
57519,user_7117,2
59261,user_7117,1
1412,user_7120,2
2416,user_7120,2
4274,user_7120,3
10668,user_7120,3
11364,user_7120,4
15294,user_7120,5
15896,user_7120,4
16915,user_7120,3
28131,user_7120,1
58585,user_7120,5
420000,user_7120,5
3044,user_7123,1
10125,user_7123,5
20589,user_7123,4
21725,user_7123,2
22837,user_7123,2
52179,user_7123,1
447815,user_7123,2
450239,user_7123,5
87,user_7127,1
2977,user_7127,5
4228,user_7127,5
5699,user_7127,3
7778,user_7127,5
13633,user_7127,4
19093,user_7127,1
19426,user_7127,5
21510,user_7127,3
28570,user_7127,3
262433,user_7127,3
428198,user_7127,5
2551,user_7133,4
9774,user_7133,4
11350,user_7133,2
13514,user_7133,5
14690,user_7133,1
18395,user_7133,5
20233,user_7133,5
41336,user_7133,1
47361,user_7133,1
2060,user_7137,3
2271,user_7137,5
4475,user_7137,5
4499,user_7137,2
10992,user_7137,1
15905,user_7137,5
15958,user_7137,5
51230,user_7137,2
58876,user_7137,1
426096,user_7137,5
214,user_7142,1
966,user_7142,1
2551,user_7142,1
15862,user_7142,2
16726,user_7142,2
18698,user_7142,2
18849,user_7142,4
28570,user_7142,3
58751,user_7142,3
290894,user_7142,3
419295,user_7142,3
3135,user_7145,3
5511,user_7145,5
10397,user_7145,1
11364,user_7145,5
16932,user_7145,3
21411,user_7145,5
28540,user_7145,2
29391,user_7145,3
47381,user_7145,3
51167,user_7145,2
4459,user_7149,3
5426,user_7149,1
5877,user_7149,5
7317,user_7149,3
12300,user_7149,2
12980,user_7149,1
16351,user_7149,1
16825,user_7149,3
22060,user_7149,4
28154,user_7149,3
29593,user_7149,2
45691,user_7149,3
257203,user_7149,5
295090,user_7149,5
308157,user_7149,2
316936,user_7149,1
349870,user_7149,1
484852,user_7149,3
2551,user_7155,5
4361,user_7155,3
10118,user_7155,1
13305,user_7155,1
13852,user_7155,5
14397,user_7155,3
15335,user_7155,2
16042,user_7155,5
21816,user_7155,1
29109,user_7155,3
53478,user_7155,3
58777,user_7155,4
58876,user_7155,4
59261,user_7155,3
268363,user_7155,2
573124,user_7155,2
604,user_7159,3
2196,user_7159,2
3757,user_7159,2
10670,user_7159,1
14614,user_7159,5
17998,user_7159,3
20132,user_7159,4
22060,user_7159,2
22121,user_7159,2
38491,user_7159,3
46602,user_7159,3
52939,user_7159,2
58585,user_7159,2
59640,user_7159,1
59688,user_7159,1
481,user_7160,2
2157,user_7160,5
2586,user_7160,1
6400,user_7160,3
10297,user_7160,1
11448,user_7160,5
16011,user_7160,4
19426,user_7160,3
19731,user_7160,1
44431,user_7160,3
52093,user_7160,5
388968,user_7160,4
412477,user_7160,1
573119,user_7160,2
5663,user_7161,1
7613,user_7161,4
11428,user_7161,4
19057,user_7161,3
22104,user_7161,2
22437,user_7161,1
23613,user_7161,4
28539,user_7161,2
282807,user_7161,1
34,user_7162,4
492,user_7162,1
966,user_7162,2
4036,user_7162,2
17252,user_7162,5
17607,user_7162,5
19347,user_7162,2
19639,user_7162,2
23734,user_7162,1
41012,user_7162,1
254604,user_7162,5
380786,user_7162,3
573124,user_7162,5
214,user_7167,1
3344,user_7167,4
3757,user_7167,1
28570,user_7167,3
35519,user_7167,1
61051,user_7167,5
62069,user_7167,2
349677,user_7167,5
400298,user_7167,5
709179,user_7167,2
9831,user_7172,5
14895,user_7172,4
16612,user_7172,5
18000,user_7172,5
38197,user_7172,4
45691,user_7172,1
275636,user_7172,2
528689,user_7172,1
795370,user_7172,5
5426,user_7173,3
6256,user_7173,3
7778,user_7173,2
14099,user_7173,1
18849,user_7173,1
19058,user_7173,4
58826,user_7173,4
398407,user_7173,1
1818,user_7180,3
2226,user_7180,2
3290,user_7180,2
4003,user_7180,2
35573,user_7180,3
82,user_7181,2
2416,user_7181,3
5542,user_7181,2
11163,user_7181,4
17179,user_7181,1
17998,user_7181,2
21170,user_7181,2
28201,user_7181,4
29170,user_7181,2
31906,user_7181,5
616688,user_7181,4
2037,user_7190,3
4571,user_7190,5
12146,user_7190,1
19436,user_7190,3
28154,user_7190,5
29185,user_7190,1
38197,user_7190,2
61051,user_7190,5
63845,user_7190,4
359373,user_7190,5
546464,user_7190,4
155,user_7192,4
3790,user_7192,3
4228,user_7192,1
7353,user_7192,4
12649,user_7192,2
13694,user_7192,5
15337,user_7192,1
19555,user_7192,2
53446,user_7192,5
301518,user_7192,1
194,user_7199,5
2639,user_7199,3
3942,user_7199,2
4475,user_7199,4
6319,user_7199,1
14544,user_7199,3
16880,user_7199,5
20112,user_7199,3
45821,user_7199,3
59986,user_7199,1
389054,user_7199,5
401,user_7205,3
3627,user_7205,1
5706,user_7205,1
9831,user_7205,4
12291,user_7205,1
13892,user_7205,5
14913,user_7205,3
16922,user_7205,4
17835,user_7205,2
19518,user_7205,2
20570,user_7205,2
38146,user_7205,3
43422,user_7205,4
44764,user_7205,2
364942,user_7205,3
3956,user_7206,2
5663,user_7206,3
11329,user_7206,2
13280,user_7206,5
16164,user_7206,1
28201,user_7206,2
39277,user_7206,2
388383,user_7206,1
842395,user_7206,1
2551,user_7208,5
4036,user_7208,2
9731,user_7208,4
11163,user_7208,5
13482,user_7208,3
16042,user_7208,2
18712,user_7208,1
19608,user_7208,1
58876,user_7208,4
219972,user_7208,2
322240,user_7208,1
2586,user_7212,4
2828,user_7212,2
7241,user_7212,5
12279,user_7212,1
16932,user_7212,1
18183,user_7212,5
19555,user_7212,3
23943,user_7212,5
35573,user_7212,2
58585,user_7212,2
59023,user_7212,4
251596,user_7212,3
397481,user_7212,1
570074,user_7212,3
432,user_7220,2
1077,user_7220,3
3790,user_7220,5
9984,user_7220,4
12319,user_7220,5
15490,user_7220,5
19520,user_7220,2
61044,user_7220,5
62897,user_7220,2
299569,user_7220,4
327212,user_7220,5
366852,user_7220,1
397471,user_7220,1
537744,user_7220,3
817,user_7223,1
11786,user_7223,5
13694,user_7223,3
16817,user_7223,5
19588,user_7223,3
19794,user_7223,3
40368,user_7223,4
58921,user_7223,5
257203,user_7223,4
367044,user_7223,2
499264,user_7223,3
214,user_7229,4
4247,user_7229,2
11428,user_7229,3
12140,user_7229,2
13305,user_7229,2
17926,user_7229,4
19610,user_7229,3
52389,user_7229,4
327209,user_7229,4
2828,user_7234,3
3168,user_7234,4
10090,user_7234,1
11831,user_7234,1
13513,user_7234,2
13913,user_7234,2
20017,user_7234,1
20020,user_7234,4
22014,user_7234,5
58754,user_7234,1
15406,user_7236,1
15967,user_7236,1
16453,user_7236,1
16716,user_7236,4
22918,user_7236,2
28533,user_7236,4
53446,user_7236,4
58952,user_7236,3
60586,user_7236,3
67623,user_7236,1
380786,user_7236,2
845261,user_7236,2
3628,user_7240,2
4618,user_7240,2
6303,user_7240,3
10992,user_7240,3
12073,user_7240,2
15077,user_7240,1
19555,user_7240,3
23943,user_7240,2
47234,user_7240,1
52370,user_7240,3
432,user_7254,4
4284,user_7254,4
9774,user_7254,2
10370,user_7254,4
20020,user_7254,2
22158,user_7254,4
35573,user_7254,3
38146,user_7254,4
46508,user_7254,5
47594,user_7254,2
58133,user_7254,1
274571,user_7254,3
426096,user_7254,2
20,user_726,5
401,user_726,2
2145,user_726,3
3631,user_726,3
6303,user_726,4
20717,user_726,1
21816,user_726,2
44029,user_726,4
60586,user_726,4
258322,user_726,1
275606,user_726,2
797882,user_726,3
3498,user_7265,2
4274,user_7265,3
10513,user_7265,4
10992,user_7265,4
17998,user_7265,3
19594,user_7265,1
59688,user_7265,2
257377,user_7265,1
326239,user_7265,4
706,user_7266,2
9984,user_7266,2
10180,user_7266,2
14265,user_7266,4
15077,user_7266,5
15687,user_7266,1
17188,user_7266,2
17661,user_7266,3
22790,user_7266,1
23576,user_7266,2
27976,user_7266,1
43422,user_7266,4
58777,user_7266,4
419295,user_7266,3
650605,user_7266,1
432,user_7269,1
1670,user_7269,2
3533,user_7269,1
3748,user_7269,3
20112,user_7269,4
28540,user_7269,1
28628,user_7269,2
35326,user_7269,5
38808,user_7269,1
43004,user_7269,3
46410,user_7269,1
62422,user_7269,3
441738,user_7269,1
475071,user_7269,5
494393,user_7269,3
537744,user_7269,5
20,user_7271,3
4247,user_7271,2
18397,user_7271,2
24493,user_7271,2
38491,user_7271,3
47361,user_7271,3
367044,user_7271,2
868086,user_7271,3
3226,user_7278,4
10142,user_7278,4
14690,user_7278,1
15077,user_7278,2
22790,user_7278,2
40368,user_7278,3
41012,user_7278,3
52370,user_7278,1
58952,user_7278,5
219972,user_7278,3
1184,user_7280,5
15905,user_7280,2
16825,user_7280,5
19374,user_7280,3
19794,user_7280,4
22104,user_7280,2
22193,user_7280,1
28539,user_7280,2
35326,user_7280,3
38146,user_7280,2
49428,user_7280,3
257195,user_7280,4
264828,user_7280,2
528689,user_7280,4
123,user_7282,3
1670,user_7282,1
3498,user_7282,4
3917,user_7282,5
8845,user_7282,5
10118,user_7282,3
16164,user_7282,2
16726,user_7282,2
19590,user_7282,1
19606,user_7282,1
23322,user_7282,1
47234,user_7282,5
56183,user_7282,5
290894,user_7282,3
308157,user_7282,2
4274,user_7289,5
9997,user_7289,2
10301,user_7289,4
14317,user_7289,1
17056,user_7289,5
19274,user_7289,4
19525,user_7289,3
264828,user_7289,1
274766,user_7289,1
87,user_7292,1
364,user_7292,3
2226,user_7292,5
3194,user_7292,2
10992,user_7292,1
11329,user_7292,3
14015,user_7292,3
16944,user_7292,5
17177,user_7292,5
20570,user_7292,4
21371,user_7292,5
22158,user_7292,5
60012,user_7292,5
254604,user_7292,3
419295,user_7292,3
494384,user_7292,5
29,user_7296,2
362,user_7296,1
766,user_7296,3
5706,user_7296,1
13514,user_7296,5
20017,user_7296,5
21119,user_7296,1
22256,user_7296,1
57885,user_7296,2
484531,user_7296,2
2098,user_7297,1
10994,user_7297,4
17793,user_7297,4
18286,user_7297,2
18654,user_7297,2
20803,user_7297,4
41336,user_7297,5
44431,user_7297,5
52368,user_7297,1
499264,user_7297,5
546464,user_7297,3
49,user_7299,1
115,user_7299,3
764,user_7299,2
1009,user_7299,5
2157,user_7299,5
3194,user_7299,4
3469,user_7299,5
3917,user_7299,1
10141,user_7299,2
14948,user_7299,5
18629,user_7299,1
18797,user_7299,3
29593,user_7299,1
60586,user_7299,5
274760,user_7299,5
397471,user_7299,3
616688,user_7299,3
3757,user_73,4
13886,user_73,2
16178,user_73,4
28540,user_73,5
42858,user_73,1
42912,user_73,1
52176,user_73,4
287337,user_73,3
24,user_7301,2
49,user_7301,5
342,user_7301,5
620,user_7301,2
865,user_7301,2
5877,user_7301,3
15861,user_7301,2
21170,user_7301,5
21586,user_7301,1
29177,user_7301,3
40302,user_7301,1
53341,user_7301,5
59142,user_7301,2
349250,user_7301,3
372505,user_7301,1
420000,user_7301,2
5363,user_7308,2
16361,user_7308,4
19541,user_7308,1
19672,user_7308,1
58876,user_7308,3
62422,user_7308,2
284674,user_7308,5
29,user_731,5
1682,user_731,3
2300,user_731,1
2674,user_731,5
12300,user_731,5
13345,user_731,4
13892,user_731,3
14913,user_731,3
38860,user_731,3
62409,user_731,5
295021,user_731,4
364,user_7313,5
5663,user_7313,1
12720,user_7313,1
13796,user_7313,2
14722,user_7313,4
17548,user_7313,1
21229,user_7313,5
22158,user_7313,5
22193,user_7313,5
45416,user_7313,4
59640,user_7313,4
219972,user_7313,1
272483,user_7313,5
616697,user_7313,2
2674,user_732,3
3917,user_732,3
9668,user_732,4
12024,user_732,2
12678,user_732,2
13535,user_732,4
20212,user_732,2
21816,user_732,5
23613,user_732,1
52371,user_732,3
58809,user_732,1
3344,user_7321,4
3771,user_7321,3
3990,user_7321,5
16414,user_7321,3
16932,user_7321,1
17417,user_7321,1
19574,user_7321,4
61044,user_7321,2
262437,user_7321,3
292840,user_7321,5
475071,user_7321,1
1670,user_7326,2
16191,user_7326,1
18777,user_7326,5
19520,user_7326,5
19584,user_7326,5
20133,user_7326,3
24493,user_7326,3
28089,user_7326,1
275636,user_7326,4
388383,user_7326,4
388968,user_7326,5
416034,user_7326,3
570074,user_7326,3
674,user_7328,5
3344,user_7328,3
4477,user_7328,2
10125,user_7328,3
11831,user_7328,4
15730,user_7328,2
16969,user_7328,2
20589,user_7328,5
25173,user_7328,2
29131,user_7328,4
308157,user_7328,1
502117,user_7328,4
764,user_7334,5
1922,user_7334,5
3134,user_7334,4
3942,user_7334,4
5542,user_7334,1
9894,user_7334,1
14101,user_7334,2
14933,user_7334,1
15896,user_7334,5
29069,user_7334,5
254604,user_7334,1
288586,user_7334,2
364942,user_7334,3
484842,user_7334,2
692669,user_7334,2
704730,user_7334,2
474,user_7336,3
1670,user_7336,1
4507,user_7336,4
10513,user_7336,3
10992,user_7336,3
12073,user_7336,1
16254,user_7336,2
17778,user_7336,2
19338,user_7336,2
19742,user_7336,4
22439,user_7336,4
43253,user_7336,3
45416,user_7336,4
52093,user_7336,3
251596,user_7336,1
492,user_7345,4
2634,user_7345,4
11350,user_7345,2
13734,user_7345,3
17548,user_7345,4
17794,user_7345,3
22415,user_7345,5
736427,user_7345,2
9871,user_7348,5
10612,user_7348,5
14895,user_7348,2
15075,user_7348,5
16106,user_7348,1
16351,user_7348,5
18271,user_7348,4
22734,user_7348,1
41336,user_7348,4
46410,user_7348,1
46508,user_7348,5
58585,user_7348,5
359373,user_7348,4
3598,user_7349,1
12024,user_7349,1
18712,user_7349,5
21926,user_7349,1
28540,user_7349,2
38491,user_7349,4
42857,user_7349,2
966,user_7356,1
1009,user_7356,5
2300,user_7356,5
9824,user_7356,5
13892,user_7356,1
15730,user_7356,4
24478,user_7356,5
29383,user_7356,4
43422,user_7356,2
60012,user_7356,3
484718,user_7356,1
2037,user_7369,1
3044,user_7369,2
4031,user_7369,1
5678,user_7369,3
17977,user_7369,1
19338,user_7369,1
19467,user_7369,5
20803,user_7369,4
22911,user_7369,5
40645,user_7369,5
41012,user_7369,1
262433,user_7369,1
9603,user_7372,2
12140,user_7372,5
17286,user_7372,2
17946,user_7372,4
18777,user_7372,4
23613,user_7372,1
28620,user_7372,4
484531,user_7372,4
564757,user_7372,5
1091,user_7375,5
1922,user_7375,2
3687,user_7375,2
7613,user_7375,1
11831,user_7375,3
12073,user_7375,3
13104,user_7375,2
16042,user_7375,4
452634,user_7375,5
682502,user_7375,3
4247,user_7384,5
16351,user_7384,1
17835,user_7384,1
20709,user_7384,5
22104,user_7384,5
28195,user_7384,2
59796,user_7384,1
1077,user_7390,4
3574,user_7390,3
12024,user_7390,3
12279,user_7390,2
14397,user_7390,4
17794,user_7390,4
19426,user_7390,1
21305,user_7390,1
29185,user_7390,1
64491,user_7390,2
372505,user_7390,3
484531,user_7390,1
616697,user_7390,3
2145,user_7395,5
4747,user_7395,4
5978,user_7395,2
10397,user_7395,1
10643,user_7395,3
17188,user_7395,2
18849,user_7395,3
28627,user_7395,1
251596,user_7395,3
326239,user_7395,5
400298,user_7395,5
494393,user_7395,3
8845,user_7401,2
9801,user_7401,2
11448,user_7401,5
12470,user_7401,1
13633,user_7401,2
17372,user_7401,1
17597,user_7401,1
17790,user_7401,4
19400,user_7401,3
19518,user_7401,4
19610,user_7401,2
19881,user_7401,4
47234,user_7401,4
57596,user_7401,5
295090,user_7401,2
327232,user_7401,5
484828,user_7401,5
10400,user_7404,3
13777,user_7404,1
14397,user_7404,3
15490,user_7404,3
19576,user_7404,1
20132,user_7404,1
31906,user_7404,1
40368,user_7404,1
41656,user_7404,3
42857,user_7404,2
283973,user_7404,2
284674,user_7404,4
447815,user_7404,1
487911,user_7404,2
2271,user_7405,5
10056,user_7405,4
13514,user_7405,1
13627,user_7405,2
19347,user_7405,3
20717,user_7405,1
40368,user_7405,3
42776,user_7405,2
58551,user_7405,4
275636,user_7405,4
497993,user_7405,3
555994,user_7405,5
586054,user_7405,1
865,user_7408,2
2271,user_7408,2
2354,user_7408,3
11383,user_7408,3
15075,user_7408,2
16008,user_7408,5
17252,user_7408,5
19057,user_7408,4
19617,user_7408,4
24478,user_7408,1
58809,user_7408,4
387328,user_7408,1
868085,user_7408,3
9976,user_7409,5
13861,user_7409,4
16042,user_7409,2
17188,user_7409,4
292080,user_7409,5
327232,user_7409,4
484852,user_7409,2
799323,user_7409,2
758,user_7410,2
2112,user_7410,5
3339,user_7410,4
11193,user_7410,5
12143,user_7410,1
13305,user_7410,5
14636,user_7410,5
17835,user_7410,3
19588,user_7410,1
1630,user_7412,2
2889,user_7412,1
4356,user_7412,2
7317,user_7412,2
7441,user_7412,4
19994,user_7412,3
51877,user_7412,4
257202,user_7412,5
284674,user_7412,5
427733,user_7412,5
498,user_7417,3
5524,user_7417,4
10142,user_7417,5
12447,user_7417,1
14468,user_7417,1
15905,user_7417,2
29383,user_7417,5
32734,user_7417,1
41656,user_7417,1
388383,user_7417,5
441738,user_7417,2
1090,user_7420,2
4356,user_7420,4
8278,user_7420,5
9984,user_7420,5
13796,user_7420,1
16467,user_7420,4
17731,user_7420,1
22475,user_7420,2
22734,user_7420,3
39277,user_7420,4
881,user_7426,1
2287,user_7426,3
2570,user_7426,2
4036,user_7426,1
10643,user_7426,4
14636,user_7426,3
15075,user_7426,2
16453,user_7426,1
16467,user_7426,1
16716,user_7426,2
28547,user_7426,1
52384,user_7426,3
67623,user_7426,5
371832,user_7426,2
670703,user_7426,2
1922,user_7433,4
3892,user_7433,3
3923,user_7433,1
5706,user_7433,5
7353,user_7433,1
13513,user_7433,4
13861,user_7433,4
18632,user_7433,5
19459,user_7433,5
20466,user_7433,5
27022,user_7433,2
44525,user_7433,1
44972,user_7433,3
314402,user_7433,4
835,user_7434,2
1236,user_7434,4
3168,user_7434,4
3277,user_7434,3
10297,user_7434,2
18614,user_7434,1
18699,user_7434,1
21219,user_7434,1
21448,user_7434,5
52093,user_7434,2
262433,user_7434,1
835,user_7439,2
1091,user_7439,1
3186,user_7439,4
14722,user_7439,5
16612,user_7439,4
17535,user_7439,2
19794,user_7439,5
35519,user_7439,5
57596,user_7439,4
59142,user_7439,5
397471,user_7439,2
802000,user_7439,1
147,user_7440,1
10301,user_7440,5
18797,user_7440,1
18858,user_7440,1
19541,user_7440,4
19603,user_7440,5
23734,user_7440,5
308157,user_7440,1
366852,user_7440,1
9984,user_7442,1
10025,user_7442,4
16011,user_7442,5
19165,user_7442,5
20133,user_7442,5
20589,user_7442,1
23600,user_7442,3
44525,user_7442,3
52370,user_7442,4
53341,user_7442,5
62627,user_7442,5
257202,user_7442,2
257203,user_7442,3
835,user_7443,2
2100,user_7443,5
4361,user_7443,5
4409,user_7443,5
11548,user_7443,4
13861,user_7443,4
19284,user_7443,2
19740,user_7443,1
19742,user_7443,3
67623,user_7443,4
219972,user_7443,4
326292,user_7443,4
437059,user_7443,4
1943,user_7445,5
7778,user_7445,3
10180,user_7445,4
13038,user_7445,3
20319,user_7445,2
27023,user_7445,5
51179,user_7445,4
428966,user_7445,1
845261,user_7445,1
275,user_7447,1
2226,user_7447,3
7441,user_7447,5
9731,user_7447,4
10297,user_7447,4
16453,user_7447,3
19400,user_7447,4
19490,user_7447,5
20133,user_7447,2
21308,user_7447,2
22104,user_7447,1
29069,user_7447,2
58809,user_7447,1
419295,user_7447,2
8001,user_7450,2
10118,user_7450,1
11559,user_7450,1
13020,user_7450,1
14729,user_7450,5
16116,user_7450,5
17252,user_7450,5
28534,user_7450,4
40344,user_7450,1
60546,user_7450,3
258322,user_7450,5
290894,user_7450,3
349439,user_7450,1
750344,user_7450,4
2138,user_7451,2
2960,user_7451,5
3790,user_7451,5
9894,user_7451,2
14544,user_7451,5
17998,user_7451,3
22104,user_7451,1
301518,user_7451,5
528689,user_7451,5
573123,user_7451,4
123,user_7454,5
10118,user_7454,1
16008,user_7454,4
28089,user_7454,4
28300,user_7454,2
147,user_746,5
492,user_746,4
4747,user_746,3
9744,user_746,5
15022,user_746,3
19588,user_746,1
20114,user_746,1
20995,user_746,2
28533,user_746,4
28540,user_746,4
28608,user_746,1
46066,user_746,2
709179,user_746,2
706,user_7464,5
4414,user_7464,2
14922,user_7464,5
15337,user_7464,1
18285,user_7464,5
21305,user_7464,2
22790,user_7464,5
262433,user_7464,1
362895,user_7464,4
1412,user_7465,5
2960,user_7465,3
3087,user_7465,5
4228,user_7465,5
5688,user_7465,1
19459,user_7465,4
295021,user_7465,1
324992,user_7465,3
555994,user_7465,1
2553,user_7466,2
3226,user_7466,5
4274,user_7466,3
4507,user_7466,1
9840,user_7466,1
10025,user_7466,5
16453,user_7466,4
18777,user_7466,1
19006,user_7466,4
22509,user_7466,1
29218,user_7466,5
366852,user_7466,1
11548,user_747,2
11682,user_747,1
13856,user_747,4
13886,user_747,4
27944,user_747,5
300689,user_747,2
380786,user_747,4
426096,user_747,3
442847,user_747,5
715,user_7472,1
865,user_7472,3
881,user_7472,1
2570,user_7472,5
5699,user_7472,3
10278,user_7472,4
20233,user_7472,1
20568,user_7472,5
28570,user_7472,3
44764,user_7472,3
274571,user_7472,2
323051,user_7472,5
420000,user_7472,2
845261,user_7472,2
9824,user_7474,4
10638,user_7474,1
10791,user_7474,5
10994,user_7474,1
12678,user_7474,1
14096,user_7474,1
22734,user_7474,4
29131,user_7474,3
55526,user_7474,5
62409,user_7474,5
288586,user_7474,1
484828,user_7474,2
502117,user_7474,3
616688,user_7474,3
278,user_7478,1
3628,user_7478,2
10342,user_7478,5
14544,user_7478,3
17650,user_7478,4
37907,user_7478,1
58751,user_7478,5
58777,user_7478,4
58809,user_7478,1
292080,user_7478,3
533,user_7480,1
3316,user_7480,5
4192,user_7480,2
13913,user_7480,5
14933,user_7480,2
15274,user_7480,3
16191,user_7480,1
21411,user_7480,1
44641,user_7480,1
423950,user_7480,2
564757,user_7480,2
766,user_7489,4
4519,user_7489,4
13694,user_7489,2
15337,user_7489,3
16404,user_7489,4
19490,user_7489,5
19555,user_7489,3
50778,user_7489,4
53446,user_7489,1
308157,user_7489,3
484842,user_7489,3
492,user_7490,3
3612,user_7490,1
10090,user_7490,3
10638,user_7490,2
11791,user_7490,3
13694,user_7490,5
18367,user_7490,3
18699,user_7490,1
22837,user_7490,2
57596,user_7490,1
58133,user_7490,4
60586,user_7490,5
387328,user_7490,1
3917,user_7493,3
4409,user_7493,3
5978,user_7493,3
10670,user_7493,2
20803,user_7493,1
28195,user_7493,2
38197,user_7493,1
44641,user_7493,5
3748,user_7495,2
6800,user_7495,5
8845,user_7495,4
9904,user_7495,1
17417,user_7495,2
21416,user_7495,1
29170,user_7495,4
59023,user_7495,4
2709,user_750,3
3323,user_750,5
10532,user_750,2
13852,user_750,3
14974,user_750,1
15500,user_750,5
24877,user_750,2
61415,user_750,5
63845,user_750,1
257203,user_750,3
475071,user_750,3
87,user_7501,3
4901,user_7501,3
8622,user_7501,4
9606,user_7501,5
16467,user_7501,3
19236,user_7501,5
19541,user_7501,1
24493,user_7501,3
29109,user_7501,2
29338,user_7501,3
52093,user_7501,5
52372,user_7501,2
67623,user_7501,5
447825,user_7501,5
4356,user_7502,4
9066,user_7502,3
19740,user_7502,1
23322,user_7502,1
27022,user_7502,4
27944,user_7502,3
57596,user_7502,2
257377,user_7502,3
371832,user_7502,1
570074,user_7502,2
2300,user_7504,5
15860,user_7504,1
17661,user_7504,2
19057,user_7504,5
19196,user_7504,1
47379,user_7504,3
52368,user_7504,5
55526,user_7504,1
58585,user_7504,2
326292,user_7504,1
485203,user_7504,3
704730,user_7504,2
2037,user_751,3
3627,user_751,5
3942,user_751,2
9984,user_751,1
22900,user_751,4
25173,user_751,1
28082,user_751,2
53432,user_751,4
426096,user_751,4
442847,user_751,2
3612,user_7513,5
4388,user_7513,4
4806,user_7513,3
5426,user_7513,5
5678,user_7513,2
13886,user_7513,1
15404,user_7513,1
19006,user_7513,4
23576,user_7513,2
51877,user_7513,1
58975,user_7513,3
398414,user_7513,3
4388,user_7518,5
11188,user_7518,5
12300,user_7518,5
28604,user_7518,4
29131,user_7518,1
35573,user_7518,3
47361,user_7518,5
53478,user_7518,4
59700,user_7518,4
60012,user_7518,2
308157,user_7518,5
704730,user_7518,2
2271,user_7520,5
16944,user_7520,3
16961,user_7520,1
19110,user_7520,1
47613,user_7520,2
316936,user_7520,3
372505,user_7520,2
380786,user_7520,3
428966,user_7520,3
447815,user_7520,1
485203,user_7520,1
1030,user_7525,4
2271,user_7525,3
2828,user_7525,3
10278,user_7525,1
12291,user_7525,5
13020,user_7525,5
13852,user_7525,1
20020,user_7525,3
39277,user_7525,5
50778,user_7525,5
284674,user_7525,1
327269,user_7525,3
366110,user_7525,1
2343,user_7532,5
6256,user_7532,1
9904,user_7532,1
10532,user_7532,3
15856,user_7532,3
17633,user_7532,3
17685,user_7532,5
274760,user_7532,3
295021,user_7532,4
327260,user_7532,3
357891,user_7532,5
517399,user_7532,4
20,user_7534,4
1854,user_7534,3
9840,user_7534,1
15335,user_7534,3
16612,user_7534,5
22911,user_7534,4
28131,user_7534,3
29131,user_7534,4
58876,user_7534,3
327260,user_7534,4
349439,user_7534,4
367044,user_7534,3
387247,user_7534,5
3993,user_7542,2
10025,user_7542,2
10745,user_7542,1
14922,user_7542,1
15730,user_7542,4
16817,user_7542,5
17926,user_7542,1
21725,user_7542,3
21816,user_7542,2
40936,user_7542,1
44641,user_7542,5
52179,user_7542,3
60546,user_7542,5
61725,user_7542,3
835,user_7544,5
1509,user_7544,1
3340,user_7544,4
4618,user_7544,3
14614,user_7544,1
17685,user_7544,4
18285,user_7544,2
35326,user_7544,5
555994,user_7544,5
20,user_7552,1
2284,user_7552,2
3328,user_7552,2
5663,user_7552,1
12140,user_7552,4
13694,user_7552,4
17607,user_7552,5
22475,user_7552,5
29218,user_7552,3
46066,user_7552,3
50778,user_7552,4
274758,user_7552,1
1943,user_7553,1
12291,user_7553,2
13020,user_7553,2
14527,user_7553,2
18698,user_7553,2
44764,user_7553,4
233858,user_7553,1
359373,user_7553,1
573119,user_7553,1
670703,user_7553,5
750344,user_7553,5
715,user_7557,3
1184,user_7557,1
3277,user_7557,2
10847,user_7557,4
13535,user_7557,1
16164,user_7557,3
17790,user_7557,1
44764,user_7557,5
51081,user_7557,4
61152,user_7557,4
295021,user_7557,5
389054,user_7557,3
412477,user_7557,5
507151,user_7557,4
1391,user_7566,2
2112,user_7566,4
2243,user_7566,4
2586,user_7566,1
3240,user_7566,3
13777,user_7566,2
17793,user_7566,3
21926,user_7566,4
28480,user_7566,1
51081,user_7566,1
62422,user_7566,2
292080,user_7566,4
398407,user_7566,3
499,user_7571,2
1030,user_7571,5
2037,user_7571,3
3579,user_7571,3
9644,user_7571,4
10670,user_7571,1
12893,user_7571,5
15861,user_7571,2
19006,user_7571,4
19436,user_7571,1
19584,user_7571,1
20112,user_7571,3
27976,user_7571,5
29218,user_7571,3
46543,user_7571,5
60546,user_7571,5
573119,user_7571,3
709179,user_7571,2
4057,user_7578,1
8001,user_7578,1
9871,user_7578,5
13285,user_7578,5
13796,user_7578,4
14948,user_7578,3
16174,user_7578,1
16726,user_7578,2
16761,user_7578,3
21359,user_7578,1
22193,user_7578,2
292840,user_7578,1
371831,user_7578,2
389054,user_7578,4
484531,user_7578,5
20,user_758,1
2524,user_758,5
2820,user_758,1
11052,user_758,1
12300,user_758,3
19570,user_758,4
19742,user_758,3
40368,user_758,4
52939,user_758,5
558984,user_758,1
817,user_7589,5
5445,user_7589,3
5663,user_7589,2
12143,user_7589,4
12732,user_7589,4
13861,user_7589,2
14154,user_7589,3
16106,user_7589,2
18849,user_7589,2
20589,user_7589,1
22121,user_7589,3
22158,user_7589,1
40302,user_7589,5
441738,user_7589,3
485203,user_7589,4
799323,user_7589,4
3186,user_759,2
10301,user_759,2
10400,user_759,2
12344,user_759,3
13513,user_759,5
17790,user_759,4
19555,user_759,4
19740,user_759,3
35326,user_759,3
44029,user_759,1
52372,user_759,4
257202,user_759,5
2138,user_7594,1
3757,user_7594,4
10992,user_7594,2
14317,user_7594,1
17372,user_7594,2
21371,user_7594,5
546464,user_7594,5
3194,user_7596,5
3328,user_7596,3
12470,user_7596,5
20589,user_7596,2
21229,user_7596,1
28160,user_7596,2
36357,user_7596,5
52093,user_7596,5
437042,user_7596,2
1236,user_7599,3
3371,user_7599,4
9774,user_7599,5
13856,user_7599,5
38808,user_7599,2
43004,user_7599,4
59142,user_7599,3
1818,user_76,4
2796,user_76,1
3340,user_76,3
3612,user_76,2
9801,user_76,4
15479,user_76,1
16404,user_76,2
17252,user_76,3
22547,user_76,1
23600,user_76,5
301518,user_76,2
709179,user_76,1
604,user_760,5
4192,user_760,3
9644,user_760,4
13535,user_760,2
18207,user_760,4
19603,user_760,4
19994,user_760,5
29185,user_760,2
29218,user_760,2
40368,user_760,2
44764,user_760,2
51487,user_760,2
308157,user_760,4
709179,user_760,3
3358,user_7600,5
4274,user_7600,5
28160,user_7600,2
28628,user_7600,2
38146,user_7600,4
46602,user_7600,3
359373,user_7600,4
507151,user_7600,2
278,user_7605,5
674,user_7605,3
3328,user_7605,2
5621,user_7605,2
19570,user_7605,5
22193,user_7605,4
22256,user_7605,1
28160,user_7605,1
52368,user_7605,2
53432,user_7605,5
58754,user_7605,2
564757,user_7605,5
692669,user_7605,4
868086,user_7605,4
1412,user_7611,4
3574,user_7611,5
9840,user_7611,5
13633,user_7611,5
14290,user_7611,1
15337,user_7611,3
39093,user_7611,1
51877,user_7611,5
58809,user_7611,3
674,user_7627,1
2157,user_7627,3
4380,user_7627,1
4561,user_7627,1
9644,user_7627,5
9984,user_7627,2
10031,user_7627,3
14123,user_7627,5
15896,user_7627,2
16178,user_7627,1
19639,user_7627,1
22509,user_7627,1
388968,user_7627,5
401,user_7628,3
2115,user_7628,4
4459,user_7628,1
9997,user_7628,2
15967,user_7628,5
19639,user_7628,1
19935,user_7628,2
37972,user_7628,1
704730,user_7628,4
7241,user_7632,5
11559,user_7632,5
11791,user_7632,2
12914,user_7632,2
13104,user_7632,4
13796,user_7632,5
14285,user_7632,4
18097,user_7632,4
20756,user_7632,3
22256,user_7632,5
29177,user_7632,4
38860,user_7632,1
59155,user_7632,1
258322,user_7632,3
327260,user_7632,5
397471,user_7632,2
502117,user_7632,5
1091,user_7633,2
3226,user_7633,1
4228,user_7633,5
6256,user_7633,1
10031,user_7633,5
10513,user_7633,5
12280,user_7633,3
16174,user_7633,4
18285,user_7633,5
21416,user_7633,2
29109,user_7633,1
58777,user_7633,4
412477,user_7633,5
557828,user_7633,5
87,user_7637,5
1559,user_7637,5
2574,user_7637,2
2709,user_7637,3
2889,user_7637,4
11383,user_7637,2
13892,user_7637,5
19731,user_7637,2
2574,user_7641,5
7441,user_7641,5
10575,user_7641,2
13345,user_7641,5
14317,user_7641,2
14544,user_7641,5
19518,user_7641,2
47379,user_7641,4
59796,user_7641,5
274571,user_7641,1
1922,user_7643,3
2098,user_7643,3
10847,user_7643,5
14317,user_7643,5
15406,user_7643,2
20133,user_7643,4
22475,user_7643,5
50694,user_7643,2
507151,user_7643,1
561,user_7647,4
798,user_7647,3
2037,user_7647,5
2115,user_7647,1
15362,user_7647,2
15490,user_7647,1
20568,user_7647,3
22918,user_7647,2
28534,user_7647,2
28570,user_7647,3
35402,user_7647,5
51877,user_7647,2
52342,user_7647,2
61725,user_7647,1
264828,user_7647,3
326292,user_7647,3
428072,user_7647,3
2551,user_7649,4
3897,user_7649,2
8777,user_7649,5
10400,user_7649,2
14062,user_7649,1
16954,user_7649,1
20020,user_7649,4
21448,user_7649,2
316936,user_7649,1
1140,user_765,5
2300,user_765,5
4519,user_765,1
9976,user_765,4
9986,user_765,5
10125,user_765,5
11163,user_765,1
11192,user_765,3
16024,user_765,4
17703,user_765,4
19057,user_765,2
19525,user_765,4
23576,user_765,5
1019,user_7652,1
2639,user_7652,2
3627,user_7652,3
3763,user_7652,1
12980,user_7652,3
13688,user_7652,4
14290,user_7652,1
15406,user_7652,4
16612,user_7652,1
17286,user_7652,2
19338,user_7652,2
19576,user_7652,3
20017,user_7652,4
326292,user_7652,3
412477,user_7652,2
452649,user_7652,2
797882,user_7652,3
1077,user_7653,1
2949,user_7653,5
15860,user_7653,4
17835,user_7653,4
18285,user_7653,2
38491,user_7653,5
38808,user_7653,2
47379,user_7653,2
58751,user_7653,5
1943,user_7656,1
9894,user_7656,1
16726,user_7656,5
20212,user_7656,3
21510,user_7656,3
22060,user_7656,5
22837,user_7656,1
371832,user_7656,3
573123,user_7656,5
3226,user_766,5
3371,user_766,5
3687,user_766,4
15126,user_766,4
15500,user_766,2
20319,user_766,2
21510,user_766,1
38197,user_766,3
52939,user_766,5
797882,user_766,2
798,user_7665,5
3186,user_7665,3
12146,user_7665,4
12914,user_7665,4
16612,user_7665,2
19338,user_7665,1
22918,user_7665,5
28540,user_7665,2
35519,user_7665,1
40936,user_7665,1
53432,user_7665,3
484718,user_7665,5
570074,user_7665,3
865,user_7666,5
19541,user_7666,2
19716,user_7666,1
20723,user_7666,2
22344,user_7666,5
22837,user_7666,3
37972,user_7666,1
349250,user_7666,5
412477,user_7666,4
514899,user_7666,5
616697,user_7666,5
795370,user_7666,4
123,user_7667,3
2343,user_7667,2
3627,user_7667,1
17372,user_7667,4
233858,user_7667,4
254604,user_7667,1
374507,user_7667,3
412477,user_7667,1
447815,user_7667,5
447825,user_7667,5
484842,user_7667,1
364,user_7674,4
7317,user_7674,5
10110,user_7674,3
12344,user_7674,3
17179,user_7674,2
19338,user_7674,5
20212,user_7674,1
58921,user_7674,4
63845,user_7674,4
398407,user_7674,1
481,user_7675,4
11364,user_7675,2
17085,user_7675,4
19994,user_7675,4
28480,user_7675,2
39035,user_7675,3
42912,user_7675,3
326239,user_7675,2
4234,user_7684,1
6319,user_7684,3
17977,user_7684,5
51487,user_7684,3
52342,user_7684,3
123,user_7690,5
1509,user_7690,4
3044,user_7690,4
3340,user_7690,1
10670,user_7690,3
12291,user_7690,1
13280,user_7690,2
19274,user_7690,2
22415,user_7690,3
24877,user_7690,4
41012,user_7690,1
51230,user_7690,4
349250,user_7690,5
484852,user_7690,2
758,user_7692,1
10068,user_7692,3
11364,user_7692,2
14690,user_7692,2
19603,user_7692,4
59986,user_7692,1
258322,user_7692,4
300689,user_7692,1
349439,user_7692,2
214,user_7699,3
2037,user_7699,1
12279,user_7699,3
12280,user_7699,4
16969,user_7699,1
20911,user_7699,5
21170,user_7699,2
28075,user_7699,1
47379,user_7699,5
233858,user_7699,3
295090,user_7699,2
366881,user_7699,5
428072,user_7699,3
441738,user_7699,3
766,user_7702,5
3316,user_7702,5
7241,user_7702,5
19057,user_7702,2
20466,user_7702,4
22415,user_7702,3
258322,user_7702,5
4409,user_7703,4
10847,user_7703,5
19400,user_7703,1
22014,user_7703,2
28089,user_7703,3
46508,user_7703,3
52372,user_7703,2
64526,user_7703,5
428083,user_7703,3
528689,user_7703,5
342,user_7704,1
3628,user_7704,3
7317,user_7704,4
9606,user_7704,3
14154,user_7704,4
22900,user_7704,2
28131,user_7704,3
29207,user_7704,4
349677,user_7704,2
437059,user_7704,2
842395,user_7704,4
846499,user_7704,2
3194,user_7705,4
3956,user_7705,5
3990,user_7705,3
11193,user_7705,2
13892,user_7705,4
18712,user_7705,5
20154,user_7705,4
20709,user_7705,4
52368,user_7705,4
53239,user_7705,3
539,user_7709,4
2289,user_7709,3
3561,user_7709,4
3790,user_7709,2
6303,user_7709,2
10847,user_7709,1
11548,user_7709,2
13020,user_7709,3
15490,user_7709,1
17977,user_7709,5
21510,user_7709,5
28300,user_7709,5
56183,user_7709,4
364942,user_7709,3
428072,user_7709,1
430254,user_7709,5
949,user_7719,4
1283,user_7719,4
3044,user_7719,3
3748,user_7719,5
3763,user_7719,3
8622,user_7719,3
13913,user_7719,1
19794,user_7719,2
21308,user_7719,3
22193,user_7719,3
25965,user_7719,3
254604,user_7719,3
557828,user_7719,2
4031,user_7725,5
9606,user_7725,1
9668,user_7725,2
11366,user_7725,1
13688,user_7725,2
14397,user_7725,1
16008,user_7725,4
16191,user_7725,1
16704,user_7725,5
18367,user_7725,4
18742,user_7725,4
62627,user_7725,2
389054,user_7725,5
441738,user_7725,4
558986,user_7725,2
949,user_7730,1
2243,user_7730,5
2674,user_7730,3
13886,user_7730,1
16106,user_7730,3
19518,user_7730,2
21416,user_7730,3
22475,user_7730,5
28570,user_7730,3
52179,user_7730,1
327209,user_7730,3
362895,user_7730,4
3277,user_7739,5
9606,user_7739,4
10638,user_7739,5
16649,user_7739,4
21687,user_7739,5
29383,user_7739,1
51617,user_7739,1
59142,user_7739,3
59261,user_7739,1
62359,user_7739,3
389054,user_7739,2
492,user_774,5
3186,user_774,3
3687,user_774,4
5571,user_774,3
15896,user_774,1
17286,user_774,2
19400,user_774,1
21285,user_774,5
53341,user_774,5
349515,user_774,5
388383,user_774,3
502241,user_774,1
59,user_7745,5
3277,user_7745,2
4649,user_7745,1
10398,user_7745,1
10547,user_7745,2
10928,user_7745,3
17794,user_7745,3
19165,user_7745,3
21119,user_7745,2
24877,user_7745,2
314402,user_7745,4
326243,user_7745,3
371831,user_7745,4
398414,user_7745,3
906,user_775,3
2949,user_775,2
2977,user_775,5
3424,user_775,5
3579,user_775,4
3748,user_775,5
3993,user_775,3
16008,user_775,3
16922,user_775,3
20803,user_775,4
22158,user_775,1
41656,user_775,3
327269,user_775,2
1682,user_7750,2
12732,user_7750,2
19058,user_7750,2
19426,user_7750,2
20132,user_7750,3
21691,user_7750,5
22014,user_7750,2
28195,user_7750,1
155,user_7751,5
2838,user_7751,1
3923,user_7751,5
4137,user_7751,2
9774,user_7751,2
16817,user_7751,3
16961,user_7751,4
21219,user_7751,4
21687,user_7751,5
23734,user_7751,2
28627,user_7751,4
29391,user_7751,3
47234,user_7751,1
295090,user_7751,1
327232,user_7751,4
450239,user_7751,5
455597,user_7751,4
7441,user_7754,3
14290,user_7754,5
15860,user_7754,4
18858,user_7754,5
50778,user_7754,3
52368,user_7754,2
58818,user_7754,4
59142,user_7754,1
274758,user_7754,1
371831,user_7754,4
692669,user_7754,4
706,user_7756,5
1091,user_7756,2
10575,user_7756,1
11142,user_7756,3
17703,user_7756,5
50778,user_7756,5
274758,user_7756,3
484531,user_7756,5
2709,user_7759,3
4274,user_7759,1
4507,user_7759,3
9668,user_7759,5
14922,user_7759,2
28110,user_7759,5
28559,user_7759,1
366852,user_7759,1
1575,user_7760,4
3358,user_7760,1
3612,user_7760,5
11188,user_7760,2
13886,user_7760,5
16453,user_7760,4
19006,user_7760,1
19058,user_7760,4
19490,user_7760,5
22911,user_7760,2
44972,user_7760,2
50351,user_7760,2
219972,user_7760,4
327269,user_7760,5
2354,user_7761,5
2709,user_7761,3
10110,user_7761,2
11212,user_7761,1
14922,user_7761,3
17558,user_7761,3
17835,user_7761,2
17921,user_7761,3
17998,user_7761,5
21510,user_7761,4
53432,user_7761,1
58551,user_7761,5
288586,user_7761,3
316936,user_7761,4
479694,user_7761,1
528689,user_7761,2
364,user_7766,5
2828,user_7766,5
11366,user_7766,5
11428,user_7766,2
13104,user_7766,3
14948,user_7766,3
47379,user_7766,1
57596,user_7766,1
262433,user_7766,5
484718,user_7766,4
845261,user_7766,2
362,user_7767,5
2551,user_7767,1
3763,user_7767,5
10575,user_7767,4
10638,user_7767,4
12914,user_7767,3
17650,user_7767,1
28539,user_7767,5
29177,user_7767,1
57596,user_7767,4
61051,user_7767,4
295021,user_7767,4
4519,user_777,4
4901,user_777,4
10278,user_777,2
10398,user_777,5
15075,user_777,5
15406,user_777,2
18000,user_777,3
19338,user_777,1
19374,user_777,1
19740,user_777,4
22790,user_777,3
44641,user_777,4
52389,user_777,5
258322,user_777,4
349515,user_777,4
388968,user_777,2
474,user_7774,5
1818,user_7774,3
3214,user_7774,3
3316,user_7774,4
11448,user_7774,3
18777,user_7774,3
290894,user_7774,3
2289,user_7780,4
3135,user_7780,3
11329,user_7780,5
13861,user_7780,4
17286,user_7780,1
18240,user_7780,1
19351,user_7780,3
22509,user_7780,5
53446,user_7780,1
327209,user_7780,5
349439,user_7780,1
364975,user_7780,3
366852,user_7780,3
1818,user_7781,1
4519,user_7781,3
12678,user_7781,4
19459,user_7781,3
28160,user_7781,4
28540,user_7781,1
40302,user_7781,5
44525,user_7781,4
47361,user_7781,4
248521,user_7781,3
123,user_7782,1
3469,user_7782,3
16042,user_7782,2
16254,user_7782,5
17179,user_7782,4
19278,user_7782,3
21816,user_7782,2
22256,user_7782,1
23322,user_7782,3
45416,user_7782,4
58777,user_7782,2
62069,user_7782,2
254604,user_7782,2
292080,user_7782,5
326244,user_7782,4
388,user_7797,4
798,user_7797,3
906,user_7797,2
13104,user_7797,1
17685,user_7797,1
17793,user_7797,1
40645,user_7797,3
316936,user_7797,2
437042,user_7797,3
802000,user_7797,2
194,user_7799,2
11329,user_7799,2
14468,user_7799,4
15730,user_7799,2
17946,user_7799,1
17977,user_7799,1
20995,user_7799,5
35402,user_7799,5
219972,user_7799,4
498,user_7806,4
2828,user_7806,3
4519,user_7806,1
12344,user_7806,1
16825,user_7806,1
17778,user_7806,4
19359,user_7806,2
20333,user_7806,1
21631,user_7806,4
22790,user_7806,5
28570,user_7806,3
372505,user_7806,2
420000,user_7806,2
119,user_7808,1
1091,user_7808,5
3240,user_7808,1
3993,user_7808,1
10110,user_7808,4
14544,user_7808,5
14729,user_7808,2
16761,user_7808,3
18654,user_7808,3
20568,user_7808,2
22475,user_7808,5
29207,user_7808,4
37907,user_7808,4
56183,user_7808,2
452647,user_7808,3
616697,user_7808,1
2266,user_7817,5
10398,user_7817,2
14015,user_7817,2
20112,user_7817,4
20589,user_7817,2
59261,user_7817,5
284674,user_7817,1
295021,user_7817,5
301518,user_7817,4
532482,user_7817,2
564757,user_7817,3
672441,user_7817,2
3627,user_7818,3
14062,user_7818,3
20709,user_7818,3
21448,user_7818,1
371831,user_7818,2
1236,user_782,5
2098,user_782,2
3240,user_782,3
4459,user_782,3
10928,user_782,5
20723,user_782,2
21816,user_782,5
41012,user_782,5
44725,user_782,5
50675,user_782,2
67623,user_782,3
538,user_7826,5
1091,user_7826,5
11448,user_7826,1
12024,user_7826,5
12732,user_7826,2
14948,user_7826,2
19574,user_7826,5
20756,user_7826,2
21229,user_7826,5
21359,user_7826,4
27023,user_7826,3
295021,user_7826,1
450239,user_7826,1
705616,user_7826,2
59,user_7831,3
432,user_7831,2
2796,user_7831,1
3186,user_7831,3
3942,user_7831,1
7353,user_7831,5
16944,user_7831,2
18207,user_7831,4
22256,user_7831,4
51321,user_7831,5
58816,user_7831,4
292080,user_7831,1
87,user_7836,4
10090,user_7836,1
11383,user_7836,4
14922,user_7836,1
15337,user_7836,5
16361,user_7836,4
20114,user_7836,1
20253,user_7836,1
20481,user_7836,1
23600,user_7836,4
28540,user_7836,2
35519,user_7836,5
52384,user_7836,5
2949,user_7837,4
3371,user_7837,3
11448,user_7837,4
13482,user_7837,1
13734,user_7837,1
17056,user_7837,2
52384,user_7837,4
842395,user_7837,5
715,user_7839,1
3574,user_7839,3
4361,user_7839,3
17085,user_7839,3
17536,user_7839,2
17835,user_7839,1
21416,user_7839,1
28627,user_7839,2
58551,user_7839,3
3316,user_7845,3
4806,user_7845,5
7241,user_7845,4
11052,user_7845,1
28540,user_7845,1
41656,user_7845,1
43253,user_7845,4
257202,user_7845,4
502241,user_7845,1
3498,user_7847,5
3763,user_7847,4
16915,user_7847,5
17650,user_7847,2
19716,user_7847,3
21725,user_7847,5
51321,user_7847,5
59261,user_7847,2
282807,user_7847,5
326244,user_7847,5
428966,user_7847,4
437059,user_7847,2
10992,user_7852,3
13852,user_7852,4
14099,user_7852,3
17315,user_7852,5
17535,user_7852,4
17573,user_7852,4
18207,user_7852,1
20239,user_7852,5
21119,user_7852,2
45416,user_7852,2
427733,user_7852,1
558986,user_7852,5
474,user_786,2
499,user_786,2
4031,user_786,4
5699,user_786,1
5940,user_786,4
8278,user_786,1
10110,user_786,5
16944,user_786,4
19006,user_786,1
23576,user_786,1
28615,user_786,5
56183,user_786,5
58809,user_786,2
58876,user_786,4
287337,user_786,4
324992,user_786,2
517399,user_786,2
539,user_7865,5
3561,user_7865,4
12073,user_7865,5
17573,user_7865,1
18183,user_7865,3
18271,user_7865,5
19740,user_7865,4
59142,user_7865,5
59640,user_7865,2
2300,user_787,1
3687,user_787,2
13633,user_787,4
14062,user_787,2
14088,user_787,4
20589,user_787,5
23600,user_787,4
50738,user_787,1
58754,user_787,5
287337,user_787,2
1559,user_7871,3
2287,user_7871,4
2764,user_7871,1
2889,user_7871,2
3328,user_7871,3
9976,user_7871,5
12470,user_7871,4
14446,user_7871,1
17794,user_7871,5
18654,user_7871,2
57596,user_7871,5
59796,user_7871,3
840,user_7872,1
865,user_7872,1
3226,user_7872,1
10398,user_7872,3
10668,user_7872,4
13285,user_7872,2
14913,user_7872,5
14933,user_7872,2
17863,user_7872,2
18271,user_7872,1
19274,user_7872,1
19436,user_7872,2
41656,user_7872,2
49790,user_7872,5
475071,user_7872,3
586054,user_7872,4
846499,user_7872,4
3631,user_7880,3
5571,user_7880,2
13688,user_7880,1
14974,user_7880,3
15615,user_7880,3
18699,user_7880,5
51081,user_7880,2
64526,user_7880,3
287337,user_7880,1
359373,user_7880,1
364975,user_7880,3
423950,user_7880,3
430254,user_7880,3
2524,user_7882,4
2551,user_7882,4
2828,user_7882,1
10293,user_7882,4
14922,user_7882,1
22918,user_7882,5
58777,user_7882,4
262437,user_7882,2
319239,user_7882,4
452649,user_7882,1
2266,user_789,3
10118,user_789,3
13688,user_789,5
17607,user_789,5
19351,user_789,3
42858,user_789,2
59640,user_789,3
357891,user_789,1
868085,user_789,3
5663,user_7900,2
14397,user_7900,3
17315,user_7900,5
17926,user_7900,3
19646,user_7900,2
21586,user_7900,1
23734,user_7900,3
60546,user_7900,3
274766,user_7900,2
619806,user_7900,2
499,user_7907,2
5426,user_7907,1
13104,user_7907,3
13852,user_7907,2
14015,user_7907,2
14636,user_7907,1
15077,user_7907,4
19457,user_7907,3
20568,user_7907,2
22158,user_7907,1
22439,user_7907,4
47361,user_7907,1
53341,user_7907,5
282807,user_7907,5
372505,user_7907,1
450239,user_7907,2
750344,user_7907,2
620,user_7908,5
3993,user_7908,2
4806,user_7908,2
7241,user_7908,2
8278,user_7908,3
9638,user_7908,2
11383,user_7908,4
13285,user_7908,1
16612,user_7908,4
41336,user_7908,3
46543,user_7908,4
586054,user_7908,5
682502,user_7908,5
123,user_7914,3
499,user_7914,3
2838,user_7914,5
3897,user_7914,1
5678,user_7914,2
14447,user_7914,1
22014,user_7914,2
22437,user_7914,4
22740,user_7914,3
29338,user_7914,5
58826,user_7914,1
272483,user_7914,1
426096,user_7914,1
115,user_7919,3
134,user_7919,2
3990,user_7919,1
5678,user_7919,2
10110,user_7919,3
13285,user_7919,4
14015,user_7919,4
14544,user_7919,2
16649,user_7919,5
17179,user_7919,3
19006,user_7919,4
19829,user_7919,2
20132,user_7919,4
22344,user_7919,1
28628,user_7919,4
37972,user_7919,4
58952,user_7919,1
295021,user_7919,4
349515,user_7919,2
842395,user_7919,1
24,user_7921,1
2574,user_7921,4
4475,user_7921,2
5699,user_7921,4
10068,user_7921,3
16961,user_7921,1
17179,user_7921,5
23576,user_7921,2
42912,user_7921,2
46602,user_7921,1
287337,user_7921,3
412477,user_7921,4
4388,user_7929,5
9638,user_7929,5
11786,user_7929,5
14317,user_7929,1
16361,user_7929,2
17315,user_7929,4
28195,user_7929,1
29177,user_7929,4
49300,user_7929,4
61725,user_7929,3
704730,user_7929,3
1019,user_7930,3
2551,user_7930,4
2866,user_7930,5
3226,user_7930,4
9801,user_7930,3
10847,user_7930,4
14099,user_7930,3
15126,user_7930,3
15294,user_7930,3
19006,user_7930,1
23011,user_7930,5
41656,user_7930,5
47379,user_7930,5
52384,user_7930,3
387247,user_7930,2
528689,user_7930,3
2889,user_7931,4
3277,user_7931,1
5621,user_7931,1
5978,user_7931,2
10398,user_7931,2
16414,user_7931,2
19457,user_7931,5
22121,user_7931,1
22911,user_7931,3
28131,user_7931,5
45416,user_7931,5
49874,user_7931,2
326239,user_7931,4
349250,user_7931,3
558986,user_7931,4
87,user_7934,2
2157,user_7934,3
3897,user_7934,5
5877,user_7934,2
9871,user_7934,4
11682,user_7934,3
16024,user_7934,3
17661,user_7934,2
18614,user_7934,3
21691,user_7934,2
21958,user_7934,4
22344,user_7934,4
58913,user_7934,5
219972,user_7934,5
327209,user_7934,1
327232,user_7934,3
374507,user_7934,5
532482,user_7934,1
616688,user_7934,4
616697,user_7934,4
2524,user_7937,3
3323,user_7937,2
5511,user_7937,4
10004,user_7937,3
16174,user_7937,1
18000,user_7937,3
24877,user_7937,2
59700,user_7937,2
426096,user_7937,2
428083,user_7937,3
487911,user_7937,1
1077,user_7944,4
12914,user_7944,3
20568,user_7944,1
22547,user_7944,5
52176,user_7944,5
327232,user_7944,2
2112,user_7948,2
3757,user_7948,1
10397,user_7948,3
14062,user_7948,2
17558,user_7948,3
19057,user_7948,4
19576,user_7948,5
22193,user_7948,2
42858,user_7948,4
51877,user_7948,2
349679,user_7948,2
437042,user_7948,1
802000,user_7948,2
4247,user_7956,5
11448,user_7956,4
12649,user_7956,2
13020,user_7956,2
17286,user_7956,3
19672,user_7956,4
20250,user_7956,5
29069,user_7956,3
39,user_7963,3
906,user_7963,5
4361,user_7963,1
21305,user_7963,3
22900,user_7963,2
51167,user_7963,5
58497,user_7963,1
323051,user_7963,3
570074,user_7963,4
1030,user_7969,1
1091,user_7969,3
9638,user_7969,3
11460,user_7969,4
19555,user_7969,3
22193,user_7969,1
41656,user_7969,4
283973,user_7969,2
295090,user_7969,2
349250,user_7969,2
369158,user_7969,4
4247,user_7971,3
10090,user_7971,5
13280,user_7971,5
17372,user_7971,3
28110,user_7971,5
28131,user_7971,1
51230,user_7971,1
52176,user_7971,4
87,user_7979,4
4356,user_7979,4
4414,user_7979,5
8622,user_7979,1
10293,user_7979,4
13852,user_7979,5
15500,user_7979,1
18632,user_7979,3
233858,user_7979,1
362895,user_7979,4
398407,user_7979,3
481,user_798,5
539,user_798,2
3328,user_798,4
4475,user_798,5
9904,user_798,3
16361,user_798,1
17286,user_798,4
18285,user_798,3
22256,user_798,2
42912,user_798,4
52176,user_798,3
82,user_7980,1
1682,user_7980,2
3687,user_7980,3
9744,user_7980,3
10029,user_7980,1
11428,user_7980,2
11831,user_7980,3
13777,user_7980,5
14446,user_7980,3
16709,user_7980,4
19742,user_7980,5
484828,user_7980,2
6256,user_7989,4
9840,user_7989,4
16178,user_7989,3
17794,user_7989,3
18712,user_7989,4
20570,user_7989,5
21359,user_7989,5
44764,user_7989,4
46066,user_7989,3
50738,user_7989,2
362,user_8003,1
2226,user_8003,2
2796,user_8003,1
4471,user_8003,5
9871,user_8003,4
10532,user_8003,3
10547,user_8003,2
11786,user_8003,5
11831,user_8003,4
12470,user_8003,2
28620,user_8003,1
47381,user_8003,2
484718,user_8003,4
709179,user_8003,1
2551,user_8014,2
4561,user_8014,3
5940,user_8014,4
11212,user_8014,4
14123,user_8014,4
14614,user_8014,4
18397,user_8014,3
41336,user_8014,1
50675,user_8014,3
51877,user_8014,4
58921,user_8014,2
450239,user_8014,5
3087,user_802,4
3226,user_802,4
3424,user_802,1
9606,user_802,4
11163,user_802,5
14527,user_802,1
15730,user_802,1
17286,user_802,2
17607,user_802,5
19374,user_802,2
20212,user_802,2
22104,user_802,2
40368,user_802,4
45821,user_802,5
53432,user_802,3
61051,user_802,3
275606,user_802,2
604,user_8023,2
1236,user_8023,1
2820,user_8023,5
13038,user_8023,1
14096,user_8023,3
21371,user_8023,5
21510,user_8023,4
29391,user_8023,2
40645,user_8023,4
42857,user_8023,3
52384,user_8023,4
58751,user_8023,2
59688,user_8023,3
316936,user_8023,5
881,user_8025,3
2060,user_8025,3
2112,user_8025,5
5571,user_8025,2
6400,user_8025,5
14088,user_8025,1
21683,user_8025,5
44029,user_8025,3
46602,user_8025,1
47270,user_8025,1
53341,user_8025,5
692669,user_8025,3
471,user_803,3
498,user_803,4
2960,user_803,1
4192,user_803,1
8777,user_803,2
10004,user_803,3
11188,user_803,3
17558,user_803,1
18614,user_803,3
19359,user_803,5
59986,user_803,2
452649,user_803,4
817,user_8031,5
3340,user_8031,4
3748,user_8031,2
10547,user_8031,1
10847,user_8031,1
17188,user_8031,4
20239,user_8031,1
22344,user_8031,2
29131,user_8031,2
59796,user_8031,5
1922,user_8036,1
3371,user_8036,5
4234,user_8036,3
10141,user_8036,5
12280,user_8036,3
14088,user_8036,5
14544,user_8036,2
15022,user_8036,2
17085,user_8036,3
21305,user_8036,1
24478,user_8036,3
384521,user_8036,1
388383,user_8036,3
428198,user_8036,2
1184,user_8041,4
1943,user_8041,5
10745,user_8041,3
14101,user_8041,4
16922,user_8041,5
19459,user_8041,4
58816,user_8041,2
248521,user_8041,4
366110,user_8041,1
388383,user_8041,2
533,user_8043,5
1236,user_8043,3
1922,user_8043,4
3763,user_8043,1
5363,user_8043,3
5426,user_8043,3
5542,user_8043,5
11193,user_8043,1
17685,user_8043,3
21098,user_8043,5
28300,user_8043,5
38146,user_8043,3
308157,user_8043,3
324992,user_8043,4
558986,user_8043,2
275,user_8050,5
2037,user_8050,1
4031,user_8050,5
9976,user_8050,2
10293,user_8050,2
16880,user_8050,1
19588,user_8050,2
19610,user_8050,1
22256,user_8050,4
23292,user_8050,5
25173,user_8050,5
28131,user_8050,5
36357,user_8050,4
52389,user_8050,3
58497,user_8050,3
257203,user_8050,1
479694,user_8050,3
600924,user_8050,5
1630,user_8051,4
6400,user_8051,3
10643,user_8051,4
15075,user_8051,4
19110,user_8051,5
19338,user_8051,1
20481,user_8051,5
23165,user_8051,1
28075,user_8051,2
262433,user_8051,3
292080,user_8051,4
39,user_8054,5
1670,user_8054,2
2524,user_8054,4
5621,user_8054,1
5978,user_8054,2
11831,user_8054,1
15337,user_8054,4
16612,user_8054,5
16922,user_8054,2
23165,user_8054,3
55526,user_8054,2
60012,user_8054,5
326239,user_8054,1
795370,user_8054,5
2115,user_8059,3
3598,user_8059,4
9984,user_8059,1
10370,user_8059,2
10791,user_8059,1
15294,user_8059,5
16116,user_8059,3
20756,user_8059,5
22911,user_8059,5
28539,user_8059,5
43422,user_8059,1
364975,user_8059,5
4519,user_8066,1
9984,user_8066,3
10994,user_8066,4
11559,user_8066,5
13514,user_8066,3
13913,user_8066,2
14468,user_8066,3
14544,user_8066,3
16011,user_8066,5
19610,user_8066,3
27978,user_8066,3
38808,user_8066,4
1090,user_8076,5
2196,user_8076,5
2300,user_8076,3
2586,user_8076,5
3598,user_8076,2
4618,user_8076,3
14290,user_8076,4
17803,user_8076,1
17878,user_8076,4
18285,user_8076,5
21305,user_8076,5
21683,user_8076,4
22439,user_8076,5
27976,user_8076,4
275,user_8079,3
835,user_8079,4
1854,user_8079,3
2037,user_8079,2
2354,user_8079,4
4499,user_8079,3
5621,user_8079,2
6400,user_8079,5
10029,user_8079,5
10031,user_8079,2
10342,user_8079,5
15022,user_8079,3
16761,user_8079,2
19400,user_8079,1
44972,user_8079,1
61415,user_8079,5
62359,user_8079,3
275636,user_8079,3
308157,user_8079,3
327232,user_8079,5
349439,user_8079,4
840,user_8085,3
4901,user_8085,1
10342,user_8085,1
13514,user_8085,5
15500,user_8085,3
16011,user_8085,5
20995,user_8085,2
21119,user_8085,4
21510,user_8085,3
28559,user_8085,4
62359,user_8085,2
371832,user_8085,3
10670,user_8086,5
16351,user_8086,4
17535,user_8086,4
32734,user_8086,2
41656,user_8086,1
58754,user_8086,2
499,user_8087,2
764,user_8087,4
840,user_8087,5
2570,user_8087,2
9997,user_8087,5
11428,user_8087,3
14544,user_8087,2
18207,user_8087,5
18285,user_8087,4
19374,user_8087,3
21958,user_8087,5
42857,user_8087,3
52093,user_8087,2
274760,user_8087,5
327269,user_8087,2
487911,user_8087,5
835,user_8097,5
2416,user_8097,4
10278,user_8097,1
10342,user_8097,3
12980,user_8097,2
14154,user_8097,5
15274,user_8097,3
16961,user_8097,3
17633,user_8097,1
19881,user_8097,4
21411,user_8097,5
45416,user_8097,3
51507,user_8097,5
57519,user_8097,4
64526,user_8097,5
295021,user_8097,2
374507,user_8097,3
278,user_8098,5
1943,user_8098,4
3771,user_8098,5
3993,user_8098,2
4192,user_8098,2
4380,user_8098,4
14974,user_8098,4
15335,user_8098,4
17548,user_8098,4
17863,user_8098,3
35402,user_8098,4
323051,user_8098,4
795632,user_8098,1
868085,user_8098,1
278,user_8100,1
6319,user_8100,5
14096,user_8100,1
15077,user_8100,1
15905,user_8100,1
17085,user_8100,5
17863,user_8100,1
20911,user_8100,5
28110,user_8100,3
28604,user_8100,1
38146,user_8100,2
387247,user_8100,5
764,user_8101,4
5678,user_8101,2
15077,user_8101,5
16880,user_8101,1
19236,user_8101,1
19359,user_8101,3
22547,user_8101,5
257203,user_8101,3
349515,user_8101,5
59,user_8106,2
362,user_8106,5
521,user_8106,4
758,user_8106,2
3290,user_8106,5
3990,user_8106,3
5699,user_8106,2
10068,user_8106,4
12280,user_8106,5
12914,user_8106,5
15862,user_8106,4
16704,user_8106,4
16969,user_8106,4
17548,user_8106,5
17778,user_8106,3
18397,user_8106,5
22740,user_8106,3
24493,user_8106,5
29207,user_8106,3
362,user_8112,3
3168,user_8112,1
10992,user_8112,2
14447,user_8112,3
19555,user_8112,2
27023,user_8112,2
51617,user_8112,4
59155,user_8112,4
268363,user_8112,1
322240,user_8112,3
498,user_8118,2
2709,user_8118,1
3687,user_8118,3
3790,user_8118,2
4388,user_8118,4
4409,user_8118,5
10141,user_8118,5
12470,user_8118,3
15404,user_8118,1
16164,user_8118,5
19006,user_8118,4
19606,user_8118,1
29109,user_8118,2
37972,user_8118,5
47234,user_8118,5
274766,user_8118,1
316936,user_8118,2
432,user_8125,1
471,user_8125,2
10047,user_8125,3
10643,user_8125,1
10994,user_8125,1
14101,user_8125,3
14922,user_8125,3
16612,user_8125,2
21305,user_8125,4
44525,user_8125,2
50738,user_8125,3
555994,user_8125,2
13104,user_8126,4
14614,user_8126,2
14722,user_8126,3
19541,user_8126,3
20017,user_8126,1
22014,user_8126,1
29131,user_8126,3
50675,user_8126,2
64491,user_8126,3
3316,user_8127,4
3344,user_8127,2
5542,user_8127,2
10142,user_8127,3
10532,user_8127,5
12121,user_8127,2
13852,user_8127,1
14265,user_8127,4
15323,user_8127,2
17921,user_8127,3
46066,user_8127,2
49874,user_8127,4
398407,user_8127,1
2287,user_8129,4
20250,user_8129,3
58133,user_8129,4
257202,user_8129,4
3358,user_8135,2
5706,user_8135,4
9606,user_8135,3
12914,user_8135,4
18849,user_8135,2
19794,user_8135,3
19935,user_8135,1
20995,user_8135,5
349515,user_8135,1
442847,user_8135,2
570074,user_8135,2
1283,user_8138,5
2271,user_8138,3
4519,user_8138,4
6400,user_8138,4
23292,user_8138,1
42391,user_8138,3
50778,user_8138,2
51487,user_8138,2
58777,user_8138,3
371832,user_8138,2
2343,user_8142,4
3214,user_8142,2
4058,user_8142,5
10594,user_8142,4
12300,user_8142,4
15335,user_8142,1
16969,user_8142,5
18858,user_8142,3
21305,user_8142,1
28547,user_8142,5
47594,user_8142,1
845261,user_8142,3
82,user_8145,1
498,user_8145,5
966,user_8145,3
3194,user_8145,4
3990,user_8145,2
15077,user_8145,3
19058,user_8145,2
19716,user_8145,2
20319,user_8145,4
20333,user_8145,1
22734,user_8145,1
28628,user_8145,2
257195,user_8145,2
1090,user_8151,3
2243,user_8151,5
3328,user_8151,5
3612,user_8151,3
11192,user_8151,2
16024,user_8151,4
18699,user_8151,5
19594,user_8151,4
43004,user_8151,3
58777,user_8151,2
254604,user_8151,5
274758,user_8151,1
3956,user_816,4
4490,user_816,2
5706,user_816,2
9801,user_816,4
10118,user_816,5
12024,user_816,3
14447,user_816,1
15406,user_816,3
17703,user_816,1
18797,user_816,3
20020,user_816,5
39277,user_816,1
528689,user_816,3
868086,user_816,4
2157,user_8169,2
4234,user_8169,1
4477,user_8169,4
5688,user_8169,3
10994,user_8169,1
12319,user_8169,4
19829,user_8169,2
22193,user_8169,4
43422,user_8169,1
60586,user_8169,5
290894,user_8169,1
327260,user_8169,1
564757,user_8169,4
868086,user_8169,2
481,user_8172,4
4003,user_8172,4
8622,user_8172,5
12470,user_8172,3
12732,user_8172,5
16106,user_8172,2
17548,user_8172,5
19555,user_8172,3
40368,user_8172,3
44029,user_8172,1
57519,user_8172,5
379486,user_8172,1
447825,user_8172,3
706,user_8182,4
798,user_8182,2
10110,user_8182,5
11193,user_8182,4
18699,user_8182,1
21586,user_8182,1
29170,user_8182,4
51487,user_8182,2
371832,user_8182,2
428198,user_8182,3
736427,user_8182,4
3598,user_8186,5
10047,user_8186,2
13513,user_8186,3
15490,user_8186,1
17548,user_8186,1
28075,user_8186,2
29131,user_8186,2
52342,user_8186,4
58585,user_8186,1
3574,user_8187,1
7317,user_8187,3
13892,user_8187,4
16716,user_8187,3
16954,user_8187,5
19274,user_8187,5
28154,user_8187,1
28559,user_8187,1
58876,user_8187,3
63845,user_8187,1
411611,user_8187,5
428198,user_8187,5
561,user_82,4
2553,user_82,2
3469,user_82,1
4747,user_82,5
5511,user_82,3
6400,user_82,5
19518,user_82,1
20568,user_82,5
44525,user_82,1
257195,user_82,2
705616,user_82,5
3340,user_8201,2
3990,user_8201,1
4003,user_8201,2
13535,user_8201,1
15337,user_8201,2
17790,user_8201,2
18367,user_8201,4
19584,user_8201,4
19608,user_8201,1
22060,user_8201,3
45416,user_8201,2
257202,user_8201,4
573123,user_8201,5
3627,user_8202,3
4499,user_8202,5
10118,user_8202,3
10668,user_8202,5
13285,user_8202,4
15362,user_8202,1
22900,user_8202,1
29131,user_8202,1
29383,user_8202,1
58816,user_8202,5
58952,user_8202,3
447815,user_8202,2
10532,user_8206,5
13482,user_8206,3
14729,user_8206,5
15126,user_8206,4
18397,user_8206,2
19110,user_8206,2
19374,user_8206,2
20250,user_8206,3
39035,user_8206,5
275606,user_8206,4
326292,user_8206,5
419295,user_8206,1
147,user_8209,5
362,user_8209,2
561,user_8209,3
758,user_8209,1
3371,user_8209,1
4561,user_8209,5
7353,user_8209,3
8001,user_8209,1
16361,user_8209,2
18849,user_8209,5
24877,user_8209,5
41656,user_8209,2
53446,user_8209,3
34,user_8211,4
481,user_8211,2
1509,user_8211,5
1854,user_8211,5
4058,user_8211,3
4618,user_8211,2
14527,user_8211,1
15335,user_8211,3
18000,user_8211,3
18629,user_8211,5
20133,user_8211,4
37972,user_8211,4
398423,user_8211,5
670703,user_8211,5
842395,user_8211,3
123,user_8220,3
764,user_8220,3
1140,user_8220,1
3748,user_8220,2
5978,user_8220,4
17835,user_8220,2
18271,user_8220,2
19646,user_8220,1
20515,user_8220,2
24877,user_8220,2
52389,user_8220,2
366852,user_8220,4
2553,user_8223,5
10031,user_8223,3
22158,user_8223,3
41012,user_8223,2
47594,user_8223,1
49790,user_8223,2
58975,user_8223,5
59986,user_8223,3
272483,user_8223,1
283973,user_8223,3
387328,user_8223,4
452645,user_8223,3
20,user_8229,3
10056,user_8229,5
12140,user_8229,4
14088,user_8229,5
16178,user_8229,3
18712,user_8229,5
19284,user_8229,2
36357,user_8229,5
44641,user_8229,5
349250,user_8229,4
3358,user_8231,1
3687,user_8231,4
5524,user_8231,3
5940,user_8231,5
8278,user_8231,4
10643,user_8231,1
14290,user_8231,1
16969,user_8231,5
19400,user_8231,5
59155,user_8231,3
388383,user_8231,1
845261,user_8231,3
5571,user_8234,5
7241,user_8234,1
12280,user_8234,2
14099,user_8234,1
15860,user_8234,4
15896,user_8234,5
17794,user_8234,4
17998,user_8234,5
19584,user_8234,1
19672,user_8234,1
20112,user_8234,3
29170,user_8234,2
29207,user_8234,3
35326,user_8234,4
47361,user_8234,4
62359,user_8234,4
254604,user_8234,3
563419,user_8234,5
278,user_8240,4
11052,user_8240,1
11786,user_8240,4
14062,user_8240,3
16414,user_8240,5
17536,user_8240,3
19006,user_8240,4
20133,user_8240,2
327209,user_8240,4
387247,user_8240,3
1236,user_8242,2
2634,user_8242,3
15077,user_8242,1
23165,user_8242,4
44972,user_8242,4
46602,user_8242,1
59142,user_8242,2
264828,user_8242,1
374507,user_8242,3
558984,user_8242,2
275,user_8246,4
2226,user_8246,4
3194,user_8246,5
12146,user_8246,5
13734,user_8246,2
18097,user_8246,5
45109,user_8246,2
59986,user_8246,5
484828,user_8246,5
24,user_826,2
4459,user_826,2
10791,user_826,4
15404,user_826,4
22158,user_826,1
46508,user_826,5
51617,user_826,1
59700,user_826,2
262433,user_826,5
295021,user_826,4
7241,user_8278,1
19639,user_8278,1
326244,user_8278,1
616697,user_8278,5
561,user_8285,1
1818,user_8285,3
9976,user_8285,2
15500,user_8285,1
16414,user_8285,5
23600,user_8285,2
28534,user_8285,4
67623,user_8285,2
251596,user_8285,4
295090,user_8285,5
475071,user_8285,1
600924,user_8285,1
388,user_8286,3
766,user_8286,3
1204,user_8286,5
8845,user_8286,3
14544,user_8286,2
14722,user_8286,5
17607,user_8286,4
18712,user_8286,2
19165,user_8286,5
19541,user_8286,1
22121,user_8286,1
371832,user_8286,4
817,user_8288,4
2243,user_8288,2
3469,user_8288,5
5663,user_8288,5
10575,user_8288,2
18698,user_8288,3
20112,user_8288,2
21416,user_8288,5
27976,user_8288,2
40302,user_8288,1
58809,user_8288,4
58913,user_8288,1
1283,user_8289,4
3771,user_8289,2
10031,user_8289,4
10293,user_8289,1
13104,user_8289,3
17417,user_8289,1
19542,user_8289,2
21285,user_8289,3
22193,user_8289,3
59142,user_8289,1
502241,user_8289,2
17535,user_8290,4
19165,user_8290,5
22918,user_8290,4
58818,user_8290,3
452649,user_8290,2
499264,user_8290,2
2145,user_8294,5
4003,user_8294,5
9904,user_8294,2
11193,user_8294,5
11791,user_8294,2
15896,user_8294,3
16612,user_8294,4
16649,user_8294,2
17056,user_8294,5
17921,user_8294,4
19351,user_8294,1
58975,user_8294,2
284674,user_8294,2
514899,user_8294,5
2112,user_8295,4
4192,user_8295,1
5877,user_8295,1
9904,user_8295,5
12344,user_8295,3
13892,user_8295,3
16944,user_8295,5
19555,user_8295,3
20589,user_8295,2
20723,user_8295,1
40645,user_8295,5
258322,user_8295,4
264828,user_8295,1
4806,user_8298,5
8622,user_8298,5
9824,user_8298,5
12146,user_8298,2
13514,user_8298,2
16704,user_8298,3
18397,user_8298,2
45109,user_8298,4
295021,user_8298,3
537744,user_8298,4
1184,user_83,1
3186,user_83,1
4471,user_83,5
22900,user_83,3
28160,user_83,3
29177,user_83,4
42776,user_83,2
43422,user_83,1
60546,user_83,2
62897,user_83,2
300689,user_83,3
881,user_8300,5
1236,user_8300,2
4459,user_8300,4
4507,user_8300,3
10068,user_8300,2
10791,user_8300,4
13020,user_8300,4
28089,user_8300,2
35326,user_8300,2
47361,user_8300,4
326243,user_8300,3
327212,user_8300,2
558984,user_8300,3
3561,user_8301,2
4356,user_8301,2
15404,user_8301,3
16008,user_8301,3
17056,user_8301,2
17372,user_8301,4
18698,user_8301,2
19518,user_8301,5
37972,user_8301,2
45416,user_8301,1
53341,user_8301,5
56183,user_8301,4
59796,user_8301,5
842395,user_8301,4
59,user_831,5
499,user_831,1
3598,user_831,2
4003,user_831,1
10125,user_831,4
10142,user_831,1
11428,user_831,4
19057,user_831,2
28547,user_831,4
42857,user_831,2
50778,user_831,3
51507,user_831,3
248521,user_831,3
528689,user_831,2
706,user_8310,3
966,user_8310,3
2838,user_8310,2
4058,user_8310,1
9986,user_8310,2
10047,user_8310,2
15404,user_8310,1
22911,user_8310,3
41656,user_8310,5
52389,user_8310,1
388968,user_8310,3
487911,user_8310,1
766,user_8320,5
3424,user_8320,5
4380,user_8320,1
10141,user_8320,2
19426,user_8320,2
21448,user_8320,4
47430,user_8320,2
484828,user_8320,5
555994,user_8320,2
49,user_8322,1
4247,user_8322,3
7353,user_8322,4
9871,user_8322,5
10047,user_8322,4
13345,user_8322,3
15075,user_8322,2
17878,user_8322,5
18698,user_8322,4
35326,user_8322,4
51690,user_8322,1
53239,user_8322,1
58952,user_8322,3
275606,user_8322,3
538,user_8328,4
1236,user_8328,4
3328,user_8328,5
4356,user_8328,4
9644,user_8328,5
10994,user_8328,3
15687,user_8328,1
15862,user_8328,2
19057,user_8328,2
19608,user_8328,4
798,user_8333,5
4032,user_8333,5
12344,user_8333,4
13345,user_8333,2
14974,user_8333,2
18712,user_8333,2
28533,user_8333,5
46066,user_8333,2
257195,user_8333,3
257377,user_8333,5
275636,user_8333,4
372505,user_8333,5
428966,user_8333,2
3226,user_8335,5
4439,user_8335,1
10513,user_8335,1
10638,user_8335,5
11786,user_8335,5
19606,user_8335,2
20481,user_8335,5
28570,user_8335,2
319239,user_8335,5
327269,user_8335,3
369158,user_8335,5
428966,user_8335,5
3340,user_8336,5
5426,user_8336,1
9644,user_8336,1
10068,user_8336,5
10847,user_8336,4
14265,user_8336,2
17926,user_8336,1
19236,user_8336,4
19731,user_8336,4
51487,user_8336,3
60586,user_8336,1
479694,user_8336,5
484828,user_8336,4
4380,user_8337,1
10142,user_8337,2
15362,user_8337,4
16351,user_8337,1
19436,user_8337,4
19740,user_8337,2
21308,user_8337,1
41656,user_8337,4
43422,user_8337,3
60546,user_8337,4
349870,user_8337,5
437042,user_8337,5
497993,user_8337,3
538,user_8338,3
1670,user_8338,2
4507,user_8338,1
9066,user_8338,5
10668,user_8338,1
11548,user_8338,2
19457,user_8338,5
19639,user_8338,1
21219,user_8338,1
50694,user_8338,3
29,user_8341,2
906,user_8341,4
2977,user_8341,1
11971,user_8341,2
12470,user_8341,4
17778,user_8341,2
24877,user_8341,3
28075,user_8341,3
28559,user_8341,5
44431,user_8341,1
264828,user_8341,4
428072,user_8341,5
20,user_8342,4
119,user_8342,2
2838,user_8342,3
9731,user_8342,1
10342,user_8342,4
20112,user_8342,4
21683,user_8342,1
62897,user_8342,2
616697,user_8342,5
3340,user_8345,5
9644,user_8345,1
19542,user_8345,2
23943,user_8345,1
42857,user_8345,5
257377,user_8345,5
349870,user_8345,4
1077,user_8347,4
15294,user_8347,1
19590,user_8347,5
19603,user_8347,5
21631,user_8347,2
40302,user_8347,1
53239,user_8347,2
2271,user_8356,5
4284,user_8356,3
7353,user_8356,2
10180,user_8356,3
11559,user_8356,5
16008,user_8356,4
20239,user_8356,1
28480,user_8356,5
389054,user_8356,3
5571,user_8361,5
17372,user_8361,1
17835,user_8361,1
23322,user_8361,5
23943,user_8361,4
29170,user_8361,2
29593,user_8361,3
39277,user_8361,4
257195,user_8361,3
419295,user_8361,5
455597,user_8361,4
2271,user_8363,1
2820,user_8363,5
4747,user_8363,4
9986,user_8363,4
10141,user_8363,1
12024,user_8363,5
19006,user_8363,3
36357,user_8363,1
42776,user_8363,1
58551,user_8363,2
60012,user_8363,5
5511,user_8373,5
7441,user_8373,1
9066,user_8373,4
10847,user_8373,5
13734,user_8373,2
21683,user_8373,4
22837,user_8373,4
46543,user_8373,4
51487,user_8373,2
63845,user_8373,3
257203,user_8373,2
301539,user_8373,2
502241,user_8373,1
868085,user_8373,1
2977,user_8380,2
3134,user_8380,4
4036,user_8380,3
11559,user_8380,1
12678,user_8380,5
12893,user_8380,2
14101,user_8380,2
16164,user_8380,1
16817,user_8380,2
19338,user_8380,5
21687,user_8380,2
23322,user_8380,1
28154,user_8380,2
817,user_8381,3
3168,user_8381,5
7613,user_8381,2
9894,user_8381,3
14285,user_8381,2
16414,user_8381,1
18742,user_8381,1
19110,user_8381,3
29177,user_8381,4
416034,user_8381,3
2226,user_8387,1
2416,user_8387,3
2524,user_8387,1
2796,user_8387,2
9976,user_8387,3
11971,user_8387,1
20481,user_8387,2
20756,user_8387,4
21219,user_8387,1
29109,user_8387,3
43253,user_8387,4
52939,user_8387,2
59986,user_8387,1
369158,user_8387,2
388383,user_8387,5
650605,user_8387,3
364,user_8392,4
1204,user_8392,1
2037,user_8392,3
2219,user_8392,1
3574,user_8392,4
6303,user_8392,2
10791,user_8392,2
14317,user_8392,2
17188,user_8392,3
20756,user_8392,1
49790,user_8392,3
50738,user_8392,5
52389,user_8392,2
264828,user_8392,4
3892,user_8394,3
3956,user_8394,3
4031,user_8394,1
4036,user_8394,2
4649,user_8394,4
10180,user_8394,5
11791,user_8394,4
18000,user_8394,4
18654,user_8394,4
19057,user_8394,2
19610,user_8394,2
20589,user_8394,5
21371,user_8394,1
47234,user_8394,3
58816,user_8394,1
20,user_8398,1
3186,user_8398,1
3993,user_8398,4
10745,user_8398,4
12319,user_8398,4
14948,user_8398,5
16932,user_8398,3
17252,user_8398,4
17863,user_8398,5
19541,user_8398,1
22104,user_8398,5
25965,user_8398,2
359373,user_8398,3
479694,user_8398,4
275,user_84,2
1575,user_84,3
2289,user_84,5
3087,user_84,1
10791,user_84,4
13104,user_84,2
41012,user_84,5
9801,user_8400,4
12146,user_8400,3
15479,user_8400,4
49428,user_8400,2
1670,user_8404,2
10068,user_8404,4
18654,user_8404,4
19110,user_8404,4
19467,user_8404,5
19608,user_8404,3
41336,user_8404,1
47234,user_8404,3
370222,user_8404,4
430254,user_8404,3
474,user_8406,2
4137,user_8406,4
6256,user_8406,5
11192,user_8406,1
14015,user_8406,5
18097,user_8406,5
18712,user_8406,4
19542,user_8406,2
20319,user_8406,1
507151,user_8406,5
2586,user_8407,4
6303,user_8407,3
8278,user_8407,3
10992,user_8407,5
19603,user_8407,1
41012,user_8407,2
257377,user_8407,3
349439,user_8407,3
357891,user_8407,4
537744,user_8407,5
616688,user_8407,4
24,user_8409,2
2284,user_8409,4
2949,user_8409,4
10142,user_8409,4
10668,user_8409,4
21371,user_8409,5
23576,user_8409,1
51081,user_8409,5
326292,user_8409,5
194,user_8411,1
275,user_8411,4
4477,user_8411,5
9774,user_8411,3
10594,user_8411,5
10638,user_8411,5
10992,user_8411,1
12732,user_8411,4
16116,user_8411,4
18395,user_8411,4
18654,user_8411,2
21308,user_8411,2
21359,user_8411,3
58975,user_8411,4
60546,user_8411,5
119,user_8413,2
3687,user_8413,2
4058,user_8413,2
16191,user_8413,1
28604,user_8413,4
51230,user_8413,4
323051,user_8413,4
692669,user_8413,1
750344,user_8413,2
1283,user_8416,2
1818,user_8416,4
2796,user_8416,1
2925,user_8416,1
5542,user_8416,5
5877,user_8416,5
10031,user_8416,5
14913,user_8416,4
16704,user_8416,3
19524,user_8416,4
38146,user_8416,2
63845,user_8416,1
275636,user_8416,3
400298,user_8416,2
275,user_8428,4
817,user_8428,3
865,user_8428,5
3990,user_8428,3
10400,user_8428,1
11193,user_8428,3
12074,user_8428,3
12121,user_8428,1
20239,user_8428,4
61051,user_8428,1
327260,user_8428,1
502241,user_8428,3
4192,user_843,4
14096,user_843,5
16404,user_843,2
18000,user_843,1
18777,user_843,4
51230,user_843,2
57885,user_843,3
371832,user_843,1
428083,user_843,1
485203,user_843,2
2060,user_8430,5
10668,user_8430,5
16704,user_8430,5
29131,user_8430,5
292080,user_8430,2
299569,user_8430,5
364942,user_8430,3
419295,user_8430,3
692669,user_8430,2
2112,user_8431,3
6303,user_8431,5
10031,user_8431,3
17703,user_8431,2
18285,user_8431,4
19467,user_8431,4
22918,user_8431,4
29218,user_8431,4
57885,user_8431,4
20,user_8435,2
82,user_8435,3
2674,user_8435,2
3498,user_8435,1
4057,user_8435,1
14446,user_8435,3
14729,user_8435,4
17803,user_8435,3
18698,user_8435,2
21119,user_8435,2
46508,user_8435,4
50351,user_8435,4
274571,user_8435,3
349677,user_8435,5
539,user_844,2
8001,user_844,4
15349,user_844,4
17315,user_844,5
17548,user_844,3
17878,user_844,4
19274,user_844,4
19742,user_844,4
36357,user_844,5
45691,user_844,2
49300,user_844,5
64491,user_844,1
441738,user_844,3
517399,user_844,4
532482,user_844,1
499,user_8440,5
4234,user_8440,1
4388,user_8440,3
6256,user_8440,5
10004,user_8440,2
12143,user_8440,2
16116,user_8440,2
29593,user_8440,2
797882,user_8440,1
657,user_8445,3
2060,user_8445,1
5511,user_8445,4
18849,user_8445,2
19603,user_8445,4
37907,user_8445,3
45109,user_8445,2
58952,user_8445,1
682502,user_8445,5
3533,user_8446,4
4747,user_8446,4
10141,user_8446,5
11364,user_8446,4
15274,user_8446,2
17597,user_8446,4
19347,user_8446,4
21371,user_8446,1
412477,user_8446,3
420000,user_8446,3
3757,user_8450,3
4571,user_8450,4
10118,user_8450,2
15730,user_8450,1
19006,user_8450,1
19457,user_8450,5
47381,user_8450,3
262437,user_8450,4
264828,user_8450,4
349515,user_8450,4
528689,user_8450,2
278,user_8451,2
2287,user_8451,3
3561,user_8451,2
12893,user_8451,4
13796,user_8451,2
18797,user_8451,1
19520,user_8451,2
19555,user_8451,1
21359,user_8451,1
28075,user_8451,4
28154,user_8451,5
28627,user_8451,1
53446,user_8451,2
398414,user_8451,5
1559,user_8453,5
2243,user_8453,1
9894,user_8453,5
16024,user_8453,1
18698,user_8453,4
19525,user_8453,3
39035,user_8453,3
40344,user_8453,3
494393,user_8453,1
532482,user_8453,3
10180,user_8454,2
12140,user_8454,3
17573,user_8454,3
18698,user_8454,4
19351,user_8454,5
21510,user_8454,5
29593,user_8454,5
43004,user_8454,3
45821,user_8454,2
58876,user_8454,4
59700,user_8454,5
359373,user_8454,5
366110,user_8454,4
3240,user_8459,1
10029,user_8459,3
10661,user_8459,3
12344,user_8459,2
16254,user_8459,3
292080,user_8459,5
326243,user_8459,5
479694,user_8459,3
657,user_847,2
1412,user_847,3
2289,user_847,4
8622,user_847,2
13345,user_847,3
13861,user_847,1
16880,user_847,1
18367,user_847,4
19576,user_847,3
21631,user_847,1
58921,user_847,3
322240,user_847,3
600924,user_847,5
845261,user_847,1
364,user_8471,3
3598,user_8471,4
3790,user_8471,4
9644,user_8471,2
13694,user_8471,4
18395,user_8471,5
20239,user_8471,1
53239,user_8471,5
62534,user_8471,1
371832,user_8471,2
650605,user_8471,5
3358,user_8474,4
11192,user_8474,1
11971,user_8474,3
16024,user_8474,5
16404,user_8474,3
366110,user_8474,3
521,user_8477,5
9984,user_8477,4
13482,user_8477,1
17790,user_8477,4
19576,user_8477,3
20756,user_8477,4
23600,user_8477,1
35402,user_8477,2
300689,user_8477,1
452647,user_8477,2
682502,user_8477,5
1236,user_8481,3
3344,user_8481,3
3748,user_8481,1
9668,user_8481,5
14317,user_8481,5
16174,user_8481,1
18742,user_8481,5
19236,user_8481,3
20154,user_8481,5
27978,user_8481,3
28540,user_8481,2
62069,user_8481,5
257202,user_8481,5
290894,user_8481,5
452649,user_8481,2
481,user_8483,2
1630,user_8483,5
2115,user_8483,5
2145,user_8483,4
4409,user_8483,5
4747,user_8483,3
10532,user_8483,3
16969,user_8483,5
18797,user_8483,3
28608,user_8483,5
29218,user_8483,3
53341,user_8483,3
274760,user_8483,1
387247,user_8483,1
428072,user_8483,3
498,user_8495,4
2037,user_8495,5
2828,user_8495,1
3323,user_8495,3
11212,user_8495,1
17417,user_8495,3
27944,user_8495,5
41012,user_8495,3
41336,user_8495,4
423950,user_8495,2
455597,user_8495,2
750344,user_8495,4
498,user_8498,1
1509,user_8498,2
11383,user_8498,3
14446,user_8498,5
16649,user_8498,1
21219,user_8498,3
28540,user_8498,3
28627,user_8498,5
300689,user_8498,1
115,user_8504,4
533,user_8504,5
2037,user_8504,5
3897,user_8504,5
4459,user_8504,3
4649,user_8504,3
7441,user_8504,3
10575,user_8504,1
17685,user_8504,2
19110,user_8504,3
20020,user_8504,3
258322,user_8504,4
262433,user_8504,3
326244,user_8504,5
546464,user_8504,3
8845,user_8506,2
11460,user_8506,5
12980,user_8506,2
13861,user_8506,2
15126,user_8506,2
17417,user_8506,2
17535,user_8506,5
19518,user_8506,5
20239,user_8506,5
282807,user_8506,1
370222,user_8506,1
845261,user_8506,2
4380,user_8507,2
6256,user_8507,1
9904,user_8507,4
11052,user_8507,3
14527,user_8507,3
16174,user_8507,3
18395,user_8507,5
21958,user_8507,3
59700,user_8507,4
63845,user_8507,1
600924,user_8507,2
432,user_851,5
657,user_851,4
1922,user_851,5
4618,user_851,1
8001,user_851,4
9904,user_851,5
13345,user_851,3
14690,user_851,1
17177,user_851,1
19608,user_851,1
23734,user_851,2
29383,user_851,3
52370,user_851,5
295090,user_851,1
400298,user_851,3
563419,user_851,1
1559,user_8516,3
4361,user_8516,5
12074,user_8516,4
12914,user_8516,2
62359,user_8516,4
62627,user_8516,1
219972,user_8516,2
484531,user_8516,1
558986,user_8516,4
705616,user_8516,5
2271,user_852,5
3993,user_852,3
10090,user_852,4
11559,user_852,3
16106,user_852,2
18000,user_852,4
29109,user_852,1
274571,user_852,5
423950,user_852,1
499264,user_852,2
517399,user_852,4
600924,user_852,2
29,user_8527,3
12319,user_8527,1
14922,user_8527,1
18849,user_8527,5
20114,user_8527,1
22900,user_8527,2
29131,user_8527,2
35519,user_8527,5
49790,user_8527,1
357891,user_8527,4
10643,user_8529,5
12344,user_8529,4
14614,user_8529,2
15337,user_8529,5
15861,user_8529,4
17650,user_8529,1
20995,user_8529,1
58913,user_8529,4
327209,user_8529,1
484828,user_8529,2
558984,user_8529,3
5688,user_8537,4
5699,user_8537,2
17558,user_8537,4
18698,user_8537,2
20250,user_8537,4
35573,user_8537,4
40344,user_8537,1
57885,user_8537,4
359373,user_8537,5
494393,user_8537,4
657,user_854,4
881,user_854,4
3956,user_854,1
5688,user_854,1
15687,user_854,4
19881,user_854,2
23322,user_854,5
51167,user_854,4
314402,user_854,4
372505,user_854,3
398423,user_854,3
5621,user_8547,3
12300,user_8547,1
14290,user_8547,5
15856,user_8547,1
17863,user_8547,3
21119,user_8547,2
31906,user_8547,4
369158,user_8547,4
3579,user_855,4
430254,user_855,1
558984,user_855,5
521,user_8551,4
4003,user_8551,5
4361,user_8551,1
13514,user_8551,2
13861,user_8551,2
17372,user_8551,1
17607,user_8551,3
19338,user_8551,5
19555,user_8551,4
21219,user_8551,5
44525,user_8551,5
58975,user_8551,4
387247,user_8551,1
5940,user_856,4
10791,user_856,2
13633,user_856,3
14290,user_856,3
21305,user_856,4
22911,user_856,5
314402,user_856,4
349870,user_856,2
533,user_8564,2
1682,user_8564,2
3340,user_8564,1
4057,user_8564,1
4388,user_8564,1
10293,user_8564,5
10398,user_8564,4
12344,user_8564,3
21308,user_8564,3
27023,user_8564,3
316936,user_8564,3
428966,user_8564,2
1854,user_857,2
2524,user_857,5
3186,user_857,1
3424,user_857,3
14154,user_857,3
17536,user_857,2
18849,user_857,5
19093,user_857,5
20017,user_857,4
20756,user_857,2
21411,user_857,5
41656,user_857,4
42776,user_857,1
44972,user_857,4
51877,user_857,5
447815,user_857,4
29,user_8578,4
432,user_8578,3
13633,user_8578,3
13796,user_8578,5
15860,user_8578,4
16178,user_8578,3
16880,user_8578,5
19165,user_8578,3
23613,user_8578,1
28559,user_8578,3
295021,user_8578,2
12024,user_8582,4
12980,user_8582,2
20756,user_8582,1
58921,user_8582,5
61152,user_8582,4
2828,user_8593,5
4356,user_8593,2
4571,user_8593,1
9638,user_8593,2
10668,user_8593,3
16453,user_8593,4
16932,user_8593,3
21687,user_8593,5
28547,user_8593,2
49790,user_8593,3
58809,user_8593,1
766,user_8595,4
2226,user_8595,3
2977,user_8595,3
3469,user_8595,1
9840,user_8595,4
9871,user_8595,1
12280,user_8595,2
15905,user_8595,3
16612,user_8595,2
19742,user_8595,3
22547,user_8595,2
28201,user_8595,2
28533,user_8595,2
28570,user_8595,1
60012,user_8595,5
657,user_86,5
674,user_86,4
4901,user_86,3
10056,user_86,4
10297,user_86,5
10513,user_86,2
10670,user_86,1
11448,user_86,4
17597,user_86,3
21586,user_86,5
22900,user_86,2
49790,user_86,4
51167,user_86,2
57519,user_86,5
57885,user_86,5
301518,user_86,3
327212,user_86,3
371831,user_86,3
427733,user_86,1
452649,user_86,4
1818,user_8600,5
5978,user_8600,2
6303,user_8600,5
10029,user_8600,2
14527,user_8600,3
16915,user_8600,3
18632,user_8600,1
44525,user_8600,5
59142,user_8600,4
254604,user_8600,1
327232,user_8600,3
797882,user_8600,5
2764,user_861,2
3214,user_861,2
11448,user_861,4
14614,user_861,2
16191,user_861,3
19284,user_861,1
19794,user_861,4
682502,user_861,3
846499,user_861,4
134,user_8615,3
674,user_8615,5
2219,user_8615,5
4414,user_8615,3
20239,user_8615,4
21816,user_8615,2
27978,user_8615,1
44972,user_8615,3
58876,user_8615,3
58952,user_8615,2
59700,user_8615,5
798,user_862,3
3917,user_862,5
4477,user_862,1
9606,user_862,5
11428,user_862,2
12300,user_862,1
13513,user_862,5
16174,user_862,1
18712,user_862,4
19436,user_862,1
20756,user_862,4
41012,user_862,1
442847,user_862,2
3561,user_8620,5
3574,user_8620,2
14447,user_8620,4
14636,user_8620,4
17315,user_8620,1
19731,user_8620,1
20709,user_8620,2
437042,user_8620,2
868086,user_8620,5
604,user_8621,3
3757,user_8621,2
4003,user_8621,5
16817,user_8621,5
21305,user_8621,3
257203,user_8621,1
326244,user_8621,1
447815,user_8621,5
1630,user_8624,4
3533,user_8624,2
4356,user_8624,3
9831,user_8624,5
12344,user_8624,2
17573,user_8624,5
49790,user_8624,1
50778,user_8624,3
301539,user_8624,3
327212,user_8624,1
367044,user_8624,3
369158,user_8624,3
494393,user_8624,3
3498,user_8625,5
4409,user_8625,1
10301,user_8625,2
12914,user_8625,2
18367,user_8625,2
20132,user_8625,1
22256,user_8625,4
58952,user_8625,4
62409,user_8625,1
452649,user_8625,1
561,user_8628,3
3186,user_8628,3
3897,user_8628,5
17703,user_8628,2
17790,user_8628,3
20020,user_8628,5
61044,user_8628,3
308157,user_8628,4
387328,user_8628,4
1077,user_863,1
2284,user_863,3
4477,user_863,2
14729,user_863,5
19590,user_863,2
28623,user_863,1
52389,user_863,2
349439,user_863,2
502241,user_863,2
517399,user_863,5
342,user_8632,4
3897,user_8632,5
5571,user_8632,3
10370,user_8632,4
14265,user_8632,1
16880,user_8632,4
17252,user_8632,5
18699,user_8632,2
22104,user_8632,5
51617,user_8632,1
398414,user_8632,2
494384,user_8632,5
672441,user_8632,2
2266,user_8638,4
10575,user_8638,2
17085,user_8638,4
32734,user_8638,2
47613,user_8638,1
58751,user_8638,2
58876,user_8638,2
58921,user_8638,3
290894,user_8638,1
327232,user_8638,3
366881,user_8638,4
3561,user_8645,4
7317,user_8645,1
11192,user_8645,3
15860,user_8645,5
16361,user_8645,2
16404,user_8645,5
28547,user_8645,5
29069,user_8645,2
40368,user_8645,1
58133,user_8645,1
349250,user_8645,4
428966,user_8645,3
7353,user_8653,2
15274,user_8653,4
15490,user_8653,1
16453,user_8653,2
19606,user_8653,4
19742,user_8653,3
20253,user_8653,1
28082,user_8653,5
49300,user_8653,2
59155,user_8653,3
62069,user_8653,4
326239,user_8653,2
398407,user_8653,3
428966,user_8653,2
546464,user_8653,5
533,user_8671,4
1943,user_8671,1
18183,user_8671,3
18858,user_8671,5
21510,user_8671,4
367044,user_8671,5
682502,user_8671,4
4032,user_8672,1
15362,user_8672,3
18797,user_8672,5
19994,user_8672,4
23613,user_8672,2
555994,user_8672,5
949,user_8675,1
4032,user_8675,4
11163,user_8675,3
14729,user_8675,1
16817,user_8675,5
17558,user_8675,3
21926,user_8675,4
23292,user_8675,5
29131,user_8675,2
38860,user_8675,2
51230,user_8675,3
52370,user_8675,2
53341,user_8675,1
248521,user_8675,1
287337,user_8675,2
301539,user_8675,5
539,user_8676,1
1204,user_8676,2
1412,user_8676,3
10047,user_8676,5
17252,user_8676,4
17731,user_8676,5
19716,user_8676,2
19994,user_8676,1
21683,user_8676,2
23600,user_8676,1
38197,user_8676,4
42912,user_8676,4
44972,user_8676,1
59261,user_8676,5
301539,user_8676,2
499264,user_8676,4
521,user_8678,2
3240,user_8678,4
3763,user_8678,3
494393,user_8678,1
528689,user_8678,5
2574,user_8690,2
10125,user_8690,4
13104,user_8690,2
13796,user_8690,2
13892,user_8690,1
14101,user_8690,1
16612,user_8690,4
19646,user_8690,5
19994,user_8690,1
24478,user_8690,2
37907,user_8690,2
51230,user_8690,5
58754,user_8690,3
58818,user_8690,4
58921,user_8690,2
58952,user_8690,5
327232,user_8690,2
1670,user_8696,2
11682,user_8696,1
14614,user_8696,5
28082,user_8696,2
29207,user_8696,3
45109,user_8696,1
484718,user_8696,4
2284,user_8714,3
4414,user_8714,5
9997,user_8714,1
15404,user_8714,5
20233,user_8714,2
28075,user_8714,3
40645,user_8714,3
44431,user_8714,1
50738,user_8714,2
258322,user_8714,2
423950,user_8714,3
447815,user_8714,2
475071,user_8714,3
7353,user_8716,4
14101,user_8716,2
15075,user_8716,1
21926,user_8716,3
58921,user_8716,4
258322,user_8716,5
290894,user_8716,3
419295,user_8716,3
573119,user_8716,1
616688,user_8716,5
1236,user_8723,1
13513,user_8723,1
14447,user_8723,3
18712,user_8723,2
18742,user_8723,2
47234,user_8723,2
51167,user_8723,4
58133,user_8723,1
3942,user_8727,2
6303,user_8727,5
12024,user_8727,1
19374,user_8727,4
28604,user_8727,3
44431,user_8727,3
52939,user_8727,1
59197,user_8727,1
369158,user_8727,5
498,user_8733,4
881,user_8733,1
2709,user_8733,1
4806,user_8733,5
9824,user_8733,5
10575,user_8733,1
14922,user_8733,3
15905,user_8733,4
18614,user_8733,1
22740,user_8733,2
41656,user_8733,5
840,user_874,4
2300,user_874,1
3917,user_874,5
10125,user_874,1
10670,user_874,1
18285,user_874,1
19347,user_874,4
19426,user_874,2
20515,user_874,5
60586,user_874,2
507151,user_874,5
2553,user_8743,4
4031,user_8743,5
4247,user_8743,4
17633,user_8743,4
19338,user_8743,1
20911,user_8743,1
21816,user_8743,5
29185,user_8743,1
58751,user_8743,1
326239,user_8743,1
387328,user_8743,1
2574,user_8745,1
5621,user_8745,2
15905,user_8745,5
17977,user_8745,3
22911,user_8745,2
28547,user_8745,4
35573,user_8745,2
44431,user_8745,3
302857,user_8745,4
388968,user_8745,2
2866,user_8748,1
3135,user_8748,1
3574,user_8748,2
10110,user_8748,5
12280,user_8748,3
14015,user_8748,3
15337,user_8748,5
367044,user_8748,1
1575,user_8751,5
1922,user_8751,2
4471,user_8751,3
9997,user_8751,4
16404,user_8751,2
16709,user_8751,2
17926,user_8751,1
19731,user_8751,5
21371,user_8751,5
46508,user_8751,1
842395,user_8751,1
362,user_8754,3
3424,user_8754,1
9986,user_8754,2
11366,user_8754,2
20020,user_8754,1
21229,user_8754,1
23734,user_8754,5
274766,user_8754,3
366110,user_8754,5
384521,user_8754,1
484852,user_8754,2
795632,user_8754,2
802000,user_8754,5
1184,user_8755,4
4571,user_8755,5
12344,user_8755,2
16761,user_8755,3
18207,user_8755,4
20133,user_8755,4
20333,user_8755,5
23600,user_8755,2
3923,user_8760,3
4490,user_8760,1
11383,user_8760,5
12893,user_8760,5
22344,user_8760,3
274766,user_8760,2
314402,user_8760,4
8622,user_8766,3
10047,user_8766,2
13020,user_8766,1
13305,user_8766,1
14636,user_8766,3
16915,user_8766,1
59155,user_8766,1
59,user_8768,5
3044,user_8768,2
4618,user_8768,2
11163,user_8768,5
11192,user_8768,1
14729,user_8768,5
19284,user_8768,2
57885,user_8768,4
219972,user_8768,4
1140,user_8777,1
15406,user_8777,4
17703,user_8777,2
19829,user_8777,5
28075,user_8777,2
40344,user_8777,2
258322,user_8777,3
349870,user_8777,5
366110,user_8777,3
366881,user_8777,2
868086,user_8777,4
2219,user_878,4
2866,user_878,1
3469,user_878,5
15404,user_878,5
17558,user_878,3
17926,user_878,4
18097,user_878,5
25173,user_878,2
28540,user_878,5
45109,user_878,5
254604,user_878,4
4414,user_8781,3
10118,user_8781,3
12344,user_8781,5
16704,user_8781,4
22547,user_8781,4
22918,user_8781,1
24478,user_8781,4
62627,user_8781,1
64491,user_8781,2
4036,user_8785,2
5940,user_8785,4
17685,user_8785,1
38860,user_8785,2
49300,user_8785,2
308157,user_8785,2
371832,user_8785,3
2634,user_8787,2
3923,user_8787,2
11193,user_8787,1
13020,user_8787,4
14290,user_8787,2
14397,user_8787,4
17790,user_8787,2
18367,user_8787,2
20717,user_8787,5
22911,user_8787,5
23943,user_8787,5
29383,user_8787,3
61415,user_8787,5
62359,user_8787,1
274571,user_8787,5
300689,user_8787,5
437042,user_8787,4
3323,user_8797,4
9904,user_8797,1
13345,user_8797,3
13694,user_8797,3
15294,user_8797,2
15490,user_8797,4
28539,user_8797,5
420000,user_8797,3
715,user_8799,5
764,user_8799,5
881,user_8799,2
2828,user_8799,3
7441,user_8799,4
10293,user_8799,4
10661,user_8799,1
53478,user_8799,3
302857,user_8799,1
2553,user_8802,1
3135,user_8802,2
5511,user_8802,3
10668,user_8802,2
12470,user_8802,1
14447,user_8802,5
15860,user_8802,4
21958,user_8802,1
28082,user_8802,4
47381,user_8802,1
59155,user_8802,3
62409,user_8802,2
287337,user_8802,1
528689,user_8802,4
3627,user_8806,4
6256,user_8806,5
10532,user_8806,4
19603,user_8806,5
51507,user_8806,1
324992,user_8806,4
370222,user_8806,4
388968,user_8806,5
802000,user_8806,5
24,user_8807,4
2098,user_8807,1
2634,user_8807,4
4414,user_8807,5
9904,user_8807,5
10643,user_8807,5
14096,user_8807,2
15905,user_8807,1
44525,user_8807,3
44764,user_8807,3
49428,user_8807,4
51230,user_8807,2
389054,user_8807,1
455597,user_8807,2
1184,user_8815,5
3044,user_8815,2
4356,user_8815,4
10670,user_8815,2
12121,user_8815,2
14544,user_8815,3
17558,user_8815,5
21170,user_8815,1
455597,user_8815,2
573119,user_8815,4
704730,user_8815,3
764,user_8816,2
766,user_8816,1
2289,user_8816,2
2764,user_8816,3
3134,user_8816,5
3923,user_8816,5
9824,user_8816,2
21586,user_8816,5
47613,user_8816,2
326244,user_8816,4
278,user_8817,1
498,user_8817,3
3687,user_8817,5
11192,user_8817,5
12024,user_8817,3
19731,user_8817,2
20568,user_8817,5
22014,user_8817,3
22837,user_8817,3
22900,user_8817,5
24877,user_8817,4
50351,user_8817,3
57885,user_8817,1
802000,user_8817,5
949,user_8819,4
1091,user_8819,4
11366,user_8819,3
19057,user_8819,1
29338,user_8819,1
45109,user_8819,2
51230,user_8819,5
62627,user_8819,5
802000,user_8819,2
362,user_8825,3
561,user_8825,2
674,user_8825,2
3135,user_8825,4
4036,user_8825,1
4388,user_8825,1
8278,user_8825,4
16453,user_8825,1
16817,user_8825,1
42776,user_8825,2
47234,user_8825,2
50738,user_8825,2
452645,user_8825,1
650605,user_8825,2
766,user_8827,5
10398,user_8827,4
11559,user_8827,2
17177,user_8827,5
21958,user_8827,4
43004,user_8827,2
59142,user_8827,4
219972,user_8827,2
262433,user_8827,2
284674,user_8827,4
379486,user_8827,1
1854,user_8828,5
3134,user_8828,4
3168,user_8828,2
9976,user_8828,5
21510,user_8828,1
28547,user_8828,1
52342,user_8828,3
58876,user_8828,4
380786,user_8828,1
423950,user_8828,2
452634,user_8828,4
14722,user_8834,1
18629,user_8834,1
19457,user_8834,3
19646,user_8834,4
20132,user_8834,5
42776,user_8834,5
42857,user_8834,3
364,user_8838,1
2098,user_8838,3
2219,user_8838,3
10056,user_8838,1
10847,user_8838,3
13104,user_8838,3
15274,user_8838,5
15337,user_8838,3
17286,user_8838,3
19603,user_8838,4
19610,user_8838,1
21586,user_8838,4
47594,user_8838,4
51179,user_8838,1
67623,user_8838,5
430254,user_8838,3
497993,user_8838,3
214,user_8851,3
4380,user_8851,5
4571,user_8851,5
14290,user_8851,5
17056,user_8851,2
17286,user_8851,2
19347,user_8851,3
19716,user_8851,3
51230,user_8851,3
51321,user_8851,5
397471,user_8851,3
487911,user_8851,2
1091,user_8854,5
3574,user_8854,5
4561,user_8854,4
10068,user_8854,4
10638,user_8854,5
27977,user_8854,1
64491,user_8854,3
2838,user_8855,3
4507,user_8855,2
10370,user_8855,4
10547,user_8855,3
10643,user_8855,3
15958,user_8855,5
27978,user_8855,2
28089,user_8855,5
51230,user_8855,4
62897,user_8855,1
367044,user_8855,5
619806,user_8855,2
868085,user_8855,2
3371,user_8859,1
10118,user_8859,5
13688,user_8859,2
16961,user_8859,5
28608,user_8859,1
44431,user_8859,2
58952,user_8859,5
272483,user_8859,1
3044,user_8865,5
3424,user_8865,5
3771,user_8865,3
15896,user_8865,4
16880,user_8865,1
17548,user_8865,2
18629,user_8865,3
19057,user_8865,3
20132,user_8865,1
20756,user_8865,5
28160,user_8865,1
28195,user_8865,3
51487,user_8865,2
52093,user_8865,5
62422,user_8865,1
274758,user_8865,4
497993,user_8865,3
3897,user_8882,3
10004,user_8882,3
10090,user_8882,2
10547,user_8882,3
13280,user_8882,2
13535,user_8882,4
17793,user_8882,2
62069,user_8882,3
455597,user_8882,1
13514,user_8883,2
14974,user_8883,3
16351,user_8883,5
18207,user_8883,2
19347,user_8883,3
19740,user_8883,4
20515,user_8883,5
49300,user_8883,5
53446,user_8883,3
274760,user_8883,4
736427,user_8883,4
797882,user_8883,4
3631,user_8886,4
11142,user_8886,4
12914,user_8886,2
16825,user_8886,1
16944,user_8886,2
20333,user_8886,1
23292,user_8886,5
42912,user_8886,5
43004,user_8886,1
349677,user_8886,5
427733,user_8886,4
1818,user_8892,2
8001,user_8892,4
16761,user_8892,3
17536,user_8892,5
19236,user_8892,1
28604,user_8892,5
38860,user_8892,1
45821,user_8892,1
362895,user_8892,3
497993,user_8892,1
750344,user_8892,1
492,user_8897,4
949,user_8897,1
2266,user_8897,3
3194,user_8897,2
8001,user_8897,5
8622,user_8897,1
12914,user_8897,5
14895,user_8897,3
17179,user_8897,2
17548,user_8897,3
22158,user_8897,2
366852,user_8897,3
795370,user_8897,3
521,user_8898,4
2037,user_8898,4
3134,user_8898,2
3168,user_8898,4
3561,user_8898,5
9744,user_8898,1
11831,user_8898,1
15860,user_8898,1
16191,user_8898,2
16254,user_8898,1
20995,user_8898,4
28480,user_8898,3
51690,user_8898,1
57519,user_8898,3
326239,user_8898,2
374507,user_8898,3
497993,user_8898,3
797882,user_8898,5
59,user_8904,4
432,user_8904,1
949,user_8904,2
9731,user_8904,4
10791,user_8904,2
13020,user_8904,4
17085,user_8904,4
18797,user_8904,1
22415,user_8904,1
22837,user_8904,4
40368,user_8904,2
58876,user_8904,4
233858,user_8904,1
349515,user_8904,3
357891,user_8904,4
533,user_8907,2
2196,user_8907,1
3763,user_8907,4
3917,user_8907,5
18240,user_8907,2
20756,user_8907,3
29218,user_8907,1
275636,user_8907,2
400298,user_8907,2
485203,user_8907,4
502241,user_8907,2
2925,user_8908,4
4519,user_8908,2
9904,user_8908,4
10547,user_8908,2
11329,user_8908,5
13104,user_8908,5
20233,user_8908,1
21119,user_8908,4
21586,user_8908,1
10293,user_8909,4
14948,user_8909,2
15905,user_8909,3
16404,user_8909,2
18240,user_8909,4
19590,user_8909,3
42776,user_8909,4
257195,user_8909,2
692669,user_8909,4
49,user_8915,1
2289,user_8915,1
4649,user_8915,5
10125,user_8915,4
18097,user_8915,2
18742,user_8915,3
19610,user_8915,4
29593,user_8915,1
44641,user_8915,5
59986,user_8915,4
62422,user_8915,2
275606,user_8915,5
301539,user_8915,5
327209,user_8915,5
349870,user_8915,2
797882,user_8915,2
868086,user_8915,4
7778,user_8924,3
11971,user_8924,5
19603,user_8924,5
22837,user_8924,1
31906,user_8924,5
61051,user_8924,2
62359,user_8924,2
364975,user_8924,2
388383,user_8924,1
3574,user_8926,3
10025,user_8926,3
13020,user_8926,4
14101,user_8926,3
21219,user_8926,3
23943,user_8926,5
28110,user_8926,3
45691,user_8926,4
295090,user_8926,4
314402,user_8926,2
528689,user_8926,5
798,user_8934,1
4284,user_8934,2
4490,user_8934,1
4649,user_8934,5
19457,user_8934,5
19576,user_8934,4
21098,user_8934,3
21229,user_8934,4
21725,user_8934,4
29109,user_8934,4
40344,user_8934,1
47381,user_8934,5
52093,user_8934,3
705616,user_8934,5
1922,user_8936,5
4036,user_8936,1
4571,user_8936,5
10118,user_8936,5
16954,user_8936,1
52176,user_8936,4
219972,user_8936,1
349250,user_8936,3
487911,user_8936,2
147,user_8939,3
949,user_8939,4
966,user_8939,5
2796,user_8939,2
2889,user_8939,3
11548,user_8939,4
12980,user_8939,5
13627,user_8939,4
15615,user_8939,1
17252,user_8939,2
19610,user_8939,1
59640,user_8939,1
61044,user_8939,3
533,user_894,2
1184,user_894,3
4649,user_894,1
10142,user_894,1
10398,user_894,5
14397,user_894,1
15896,user_894,5
16649,user_894,2
20481,user_894,4
21416,user_894,5
23322,user_894,4
29383,user_894,5
47430,user_894,1
67623,user_894,5
3598,user_8942,5
6400,user_8942,2
10090,user_8942,1
11428,user_8942,4
12678,user_8942,2
13694,user_8942,1
20995,user_8942,4
42857,user_8942,2
58777,user_8942,2
233858,user_8942,1
8278,user_8946,1
10068,user_8946,5
13777,user_8946,3
16178,user_8946,1
19374,user_8946,5
19881,user_8946,2
57885,user_8946,5
62069,user_8946,1
802000,user_8946,1
362,user_8948,4
498,user_8948,1
10847,user_8948,1
16042,user_8948,5
19347,user_8948,5
19436,user_8948,5
19935,user_8948,1
20112,user_8948,2
22121,user_8948,5
29177,user_8948,5
62897,user_8948,1
327260,user_8948,2
428966,user_8948,1
502241,user_8948,2
557828,user_8948,2
573119,user_8948,5
616688,user_8948,4
12143,user_8951,1
12980,user_8951,4
19574,user_8951,3
19594,user_8951,2
22734,user_8951,2
46410,user_8951,4
49300,user_8951,1
327212,user_8951,3
558984,user_8951,2
570074,user_8951,2
471,user_8955,3
906,user_8955,4
1854,user_8955,1
3771,user_8955,3
4649,user_8955,2
10342,user_8955,1
13280,user_8955,1
17252,user_8955,4
19347,user_8955,4
19935,user_8955,4
20017,user_8955,4
28075,user_8955,4
42858,user_8955,3
46543,user_8955,2
364975,user_8955,1
412477,user_8955,1
2574,user_8964,2
2977,user_8964,1
5877,user_8964,3
10661,user_8964,5
10928,user_8964,1
14088,user_8964,2
17977,user_8964,3
18654,user_8964,2
19603,user_8964,1
22439,user_8964,3
27977,user_8964,1
28082,user_8964,1
35573,user_8964,3
52093,user_8964,1
57885,user_8964,1
272483,user_8964,5
302857,user_8964,3
316936,user_8964,5
475071,user_8964,5
20,user_8965,2
471,user_8965,4
3277,user_8965,5
12300,user_8965,3
16254,user_8965,4
28154,user_8965,2
38146,user_8965,4
388383,user_8965,2
485203,user_8965,2
3087,user_8968,4
4439,user_8968,2
4490,user_8968,4
8777,user_8968,2
10125,user_8968,5
11193,user_8968,3
12140,user_8968,1
13535,user_8968,1
15406,user_8968,4
18000,user_8968,4
21285,user_8968,2
40645,user_8968,4
43004,user_8968,1
58826,user_8968,2
274571,user_8968,5
555994,user_8968,1
59,user_8970,1
1009,user_8970,2
3340,user_8970,2
3579,user_8970,5
4284,user_8970,5
5511,user_8970,3
10004,user_8970,3
10142,user_8970,1
12893,user_8970,5
13886,user_8970,5
16704,user_8970,3
19994,user_8970,2
28604,user_8970,5
44525,user_8970,4
50694,user_8970,3
367044,user_8970,3
447825,user_8970,4
514899,user_8970,4
471,user_8974,2
1140,user_8974,5
3186,user_8974,5
5688,user_8974,4
10661,user_8974,1
12470,user_8974,4
14101,user_8974,1
16761,user_8974,2
23943,user_8974,4
31906,user_8974,1
42064,user_8974,1
53478,user_8974,2
272483,user_8974,3
274758,user_8974,4
327260,user_8974,5
362895,user_8974,5
11188,user_8976,3
17650,user_8976,2
18712,user_8976,3
19594,user_8976,1
19617,user_8976,4
19794,user_8976,4
22734,user_8976,1
43004,user_8976,3
51081,user_8976,1
87,user_8986,3
12678,user_8986,4
17179,user_8986,2
17286,user_8986,3
19359,user_8986,4
20589,user_8986,2
28620,user_8986,3
264828,user_8986,3
327260,user_8986,3
563419,user_8986,2
59,user_8988,2
2112,user_8988,5
3942,user_8988,3
15615,user_8988,2
16825,user_8988,1
25965,user_8988,1
28075,user_8988,2
28604,user_8988,1
62627,user_8988,2
264828,user_8988,2
295090,user_8988,3
370222,user_8988,3
275,user_8989,3
561,user_8989,2
2553,user_8989,5
3277,user_8989,5
3498,user_8989,3
4388,user_8989,4
5978,user_8989,1
7613,user_8989,3
13280,user_8989,3
14636,user_8989,3
14933,user_8989,4
15862,user_8989,3
15905,user_8989,2
17548,user_8989,2
17778,user_8989,4
17878,user_8989,4
19347,user_8989,1
28195,user_8989,4
64491,user_8989,3
219972,user_8989,2
367044,user_8989,4
437042,user_8989,5
868085,user_8989,4
1818,user_8997,5
9840,user_8997,5
9986,user_8997,4
10301,user_8997,1
11460,user_8997,1
16932,user_8997,3
17793,user_8997,3
19608,user_8997,4
19731,user_8997,1
22437,user_8997,2
27944,user_8997,3
47594,user_8997,4
366110,user_8997,2
437059,user_8997,2
147,user_8999,5
364,user_8999,2
2889,user_8999,3
3628,user_8999,1
15075,user_8999,1
16116,user_8999,2
18395,user_8999,1
19570,user_8999,3
28082,user_8999,3
379486,user_8999,5
380786,user_8999,3
20,user_9,2
4356,user_9,3
10370,user_9,4
13285,user_9,2
40645,user_9,1
42857,user_9,1
301539,user_9,3
484828,user_9,3
499264,user_9,4
709179,user_9,1
134,user_9014,1
758,user_9014,2
2960,user_9014,1
14636,user_9014,2
17597,user_9014,2
27944,user_9014,5
423950,user_9014,1
657,user_9016,2
1630,user_9016,5
2838,user_9016,4
10575,user_9016,5
12732,user_9016,4
13020,user_9016,1
18286,user_9016,5
19542,user_9016,2
19672,user_9016,1
62069,user_9016,3
349515,user_9016,3
452634,user_9016,1
487911,user_9016,1
3450,user_902,4
9904,user_902,4
11329,user_902,3
11350,user_902,5
23292,user_902,1
51179,user_902,1
380786,user_902,4
447815,user_902,2
4388,user_9022,4
6400,user_9022,5
10056,user_9022,1
10745,user_9022,4
16174,user_9022,5
16361,user_9022,5
16414,user_9022,3
16649,user_9022,3
17790,user_9022,4
19058,user_9022,1
23600,user_9022,2
24493,user_9022,4
411611,user_9022,4
441738,user_9022,2
485203,user_9022,4
14154,user_9025,1
15335,user_9025,3
18207,user_9025,5
18849,user_9025,2
19165,user_9025,2
19731,user_9025,3
20723,user_9025,1
44725,user_9025,4
51487,user_9025,2
2524,user_9028,2
3044,user_9028,2
3917,user_9028,5
4901,user_9028,3
10029,user_9028,4
17685,user_9028,2
17878,user_9028,3
22415,user_9028,1
28533,user_9028,4
31906,user_9028,2
44725,user_9028,2
51179,user_9028,2
58818,user_9028,3
60546,user_9028,2
275606,user_9028,2
275636,user_9028,1
419295,user_9028,1
430254,user_9028,4
452634,user_9028,5
485203,user_9028,3
49,user_9030,3
4499,user_9030,1
9606,user_9030,5
9731,user_9030,5
10638,user_9030,3
21691,user_9030,3
23292,user_9030,2
44641,user_9030,3
58826,user_9030,3
349677,user_9030,2
881,user_9048,3
4003,user_9048,5
8001,user_9048,5
9774,user_9048,4
9894,user_9048,5
10004,user_9048,3
10847,user_9048,4
15274,user_9048,4
16922,user_9048,1
16944,user_9048,4
18858,user_9048,4
21958,user_9048,5
47270,user_9048,3
268363,user_9048,4
802000,user_9048,4
9744,user_9052,3
11383,user_9052,3
16008,user_9052,2
21586,user_9052,2
27976,user_9052,3
29593,user_9052,2
45342,user_9052,1
502241,user_9052,4
766,user_906,1
2574,user_906,4
3135,user_906,5
3627,user_906,1
4057,user_906,1
18849,user_906,5
19520,user_906,5
20589,user_906,3
27022,user_906,4
27023,user_906,4
29069,user_906,1
38491,user_906,2
45416,user_906,4
59796,user_906,5
300689,user_906,5
1922,user_9067,3
9904,user_9067,2
10142,user_9067,5
11448,user_9067,5
60012,user_9067,4
62534,user_9067,4
327260,user_9067,1
349515,user_9067,3
366852,user_9067,3
428966,user_9067,2
484852,user_9067,3
82,user_9068,3
2115,user_9068,1
10397,user_9068,3
16726,user_9068,3
19518,user_9068,5
40368,user_9068,4
43422,user_9068,5
56183,user_9068,4
275636,user_9068,4
314402,user_9068,4
2219,user_9078,1
3897,user_9078,3
8845,user_9078,3
10643,user_9078,1
13913,user_9078,1
14468,user_9078,2
14974,user_9078,1
16042,user_9078,3
19646,user_9078,5
20133,user_9078,4
23734,user_9078,5
28534,user_9078,5
316936,user_9078,3
471,user_908,5
1090,user_908,2
6800,user_908,5
7778,user_908,2
8777,user_908,1
9894,user_908,2
11791,user_908,2
15337,user_908,1
21510,user_908,1
25965,user_908,1
51167,user_908,4
372505,user_908,3
555994,user_908,5
704730,user_908,1
2639,user_9086,3
3328,user_9086,2
3942,user_9086,2
5621,user_9086,3
12344,user_9086,3
13280,user_9086,1
14285,user_9086,3
17863,user_9086,1
18000,user_9086,1
20803,user_9086,4
20911,user_9086,4
21170,user_9086,1
21411,user_9086,1
21448,user_9086,4
28620,user_9086,5
37972,user_9086,5
42064,user_9086,1
428083,user_9086,4
514899,user_9086,2
3993,user_9102,1
9986,user_9102,1
10004,user_9102,4
16467,user_9102,4
25173,user_9102,2
258322,user_9102,2
284674,user_9102,3
362895,user_9102,4
364975,user_9102,1
573123,user_9102,4
2838,user_9103,3
3214,user_9103,1
3328,user_9103,5
14265,user_9103,4
14636,user_9103,4
18395,user_9103,1
22014,user_9103,2
23011,user_9103,3
23576,user_9103,1
28082,user_9103,1
349250,user_9103,2
397471,user_9103,1
705616,user_9103,3
115,user_911,2
4388,user_911,2
5542,user_911,4
10056,user_911,2
11548,user_911,3
28089,user_911,2
29391,user_911,5
35326,user_911,1
47594,user_911,2
2300,user_9119,4
6800,user_9119,3
10643,user_9119,1
19093,user_9119,3
19284,user_9119,5
47379,user_9119,4
51081,user_9119,3
53239,user_9119,2
55526,user_9119,2
257377,user_9119,1
326239,user_9119,1
3371,user_9123,4
12893,user_9123,5
18629,user_9123,1
20709,user_9123,4
21219,user_9123,5
21687,user_9123,5
323051,user_9123,5
846499,user_9123,4
1670,user_9125,2
9904,user_9125,5
10025,user_9125,5
10370,user_9125,3
15323,user_9125,5
38808,user_9125,5
42857,user_9125,2
47234,user_9125,4
257202,user_9125,2
364942,user_9125,3
364975,user_9125,1
485203,user_9125,2
3214,user_9149,2
10142,user_9149,3
10397,user_9149,2
14447,user_9149,5
17676,user_9149,1
23943,user_9149,1
27022,user_9149,5
58777,user_9149,1
290894,user_9149,5
147,user_9157,2
362,user_9157,2
388,user_9157,3
1922,user_9157,1
3574,user_9157,2
9894,user_9157,4
13514,user_9157,4
13734,user_9157,5
274766,user_9157,4
371831,user_9157,4
437059,user_9157,1
558984,user_9157,4
278,user_9159,1
2157,user_9159,5
10928,user_9159,2
12319,user_9159,3
16954,user_9159,1
19058,user_9159,5
19436,user_9159,2
19994,user_9159,4
22439,user_9159,2
27976,user_9159,2
28608,user_9159,4
29177,user_9159,5
349439,user_9159,2
9997,user_916,3
10025,user_916,5
10994,user_916,2
17633,user_916,2
18097,user_916,2
19524,user_916,2
19603,user_916,4
21691,user_916,5
51507,user_916,4
62359,user_916,1
264828,user_916,1
314402,user_916,2
966,user_9179,3
2960,user_9179,5
15337,user_9179,5
17921,user_9179,4
46508,user_9179,3
49874,user_9179,3
52384,user_9179,5
62422,user_9179,2
868085,user_9179,2
766,user_9182,3
3344,user_9182,5
11791,user_9182,1
11831,user_9182,1
12074,user_9182,5
15022,user_9182,5
17252,user_9182,3
21119,user_9182,4
21219,user_9182,5
40645,user_9182,3
50738,user_9182,5
398407,user_9182,3
537744,user_9182,1
1030,user_9185,5
1140,user_9185,2
3344,user_9185,2
10594,user_9185,5
13734,user_9185,4
18742,user_9185,4
19740,user_9185,3
22437,user_9185,2
42858,user_9185,5
257202,user_9185,4
4003,user_9191,2
15294,user_9191,5
16709,user_9191,4
17286,user_9191,1
17607,user_9191,1
28627,user_9191,3
29170,user_9191,1
282807,user_9191,1
452634,user_9191,2
2115,user_9192,4
12146,user_9192,4
14285,user_9192,3
16467,user_9192,4
17558,user_9192,2
18797,user_9192,3
28540,user_9192,5
37972,user_9192,2
323051,user_9192,1
7441,user_9193,5
13482,user_9193,1
13852,user_9193,3
17676,user_9193,5
17946,user_9193,4
20112,user_9193,2
28082,user_9193,4
36357,user_9193,2
60012,user_9193,4
799323,user_9193,3
1077,user_9197,2
1283,user_9197,2
1854,user_9197,4
10004,user_9197,2
16106,user_9197,5
16704,user_9197,4
17417,user_9197,2
19574,user_9197,3
22475,user_9197,5
28195,user_9197,4
49300,user_9197,2
287337,user_9197,1
619806,user_9197,5
87,user_9202,1
2157,user_9202,5
2300,user_9202,2
3628,user_9202,4
12720,user_9202,4
13861,user_9202,4
14468,user_9202,4
16825,user_9202,2
18285,user_9202,2
19576,user_9202,4
22918,user_9202,3
37972,user_9202,2
46410,user_9202,1
52093,user_9202,1
384521,user_9202,3
275,user_9204,4
9894,user_9204,2
10532,user_9204,2
12024,user_9204,5
14154,user_9204,3
22104,user_9204,1
28195,user_9204,2
28570,user_9204,4
364942,user_9204,3
604,user_9210,3
3135,user_9210,4
14974,user_9210,5
17633,user_9210,2
17661,user_9210,1
17926,user_9210,3
19459,user_9210,4
20114,user_9210,1
21305,user_9210,3
29593,user_9210,1
52939,user_9210,5
59261,user_9210,4
60586,user_9210,2
257377,user_9210,2
372505,user_9210,5
2196,user_9225,3
2634,user_9225,4
4137,user_9225,1
10056,user_9225,3
12140,user_9225,1
17878,user_9225,1
18849,user_9225,4
21119,user_9225,4
24493,user_9225,1
50778,user_9225,3
155,user_923,5
12678,user_923,4
16008,user_923,2
20112,user_923,5
20466,user_923,3
21725,user_923,4
27944,user_923,5
52371,user_923,2
616688,user_923,1
736427,user_923,2
9606,user_9239,5
9774,user_9239,1
9986,user_9239,3
10532,user_9239,4
27978,user_9239,1
387328,user_9239,5
484842,user_9239,5
573123,user_9239,5
798,user_924,2
3892,user_924,4
3923,user_924,3
10293,user_924,2
10847,user_924,5
17793,user_924,5
41336,user_924,1
67623,user_924,3
299569,user_924,5
384521,user_924,5
442847,user_924,3
2838,user_9241,2
9871,user_9241,3
17536,user_9241,5
18367,user_9241,5
44029,user_9241,4
384521,user_9241,2
2145,user_925,1
3344,user_925,2
4274,user_925,1
9984,user_925,5
19525,user_925,3
21586,user_925,1
45109,user_925,2
47381,user_925,1
53341,user_925,2
64526,user_925,1
67623,user_925,1
274766,user_925,1
2145,user_9250,1
2586,user_9250,2
2709,user_9250,3
3290,user_9250,4
5363,user_9250,1
10056,user_9250,5
10141,user_9250,5
10180,user_9250,2
12914,user_9250,3
13513,user_9250,2
38146,user_9250,2
47613,user_9250,1
58921,user_9250,4
59640,user_9250,2
364942,user_9250,1
428072,user_9250,5
1412,user_9251,4
2112,user_9251,1
12143,user_9251,2
21308,user_9251,3
21371,user_9251,5
42912,user_9251,4
58551,user_9251,3
282807,user_9251,5
300689,user_9251,5
558984,user_9251,3
835,user_9252,3
4058,user_9252,3
4571,user_9252,4
15075,user_9252,3
15856,user_9252,5
16174,user_9252,1
20717,user_9252,3
25965,user_9252,2
29338,user_9252,1
44029,user_9252,1
44525,user_9252,5
301539,user_9252,2
692669,user_9252,3
123,user_9254,4
2639,user_9254,2
13886,user_9254,5
17417,user_9254,3
17778,user_9254,1
18395,user_9254,4
419295,user_9254,3
441738,user_9254,5
616697,user_9254,1
1236,user_9259,2
2639,user_9259,1
3240,user_9259,3
14636,user_9259,1
16024,user_9259,2
17676,user_9259,2
17946,user_9259,2
18858,user_9259,5
20132,user_9259,5
52342,user_9259,2
58497,user_9259,3
58754,user_9259,1
388968,user_9259,1
616688,user_9259,5
657,user_9269,1
706,user_9269,4
4031,user_9269,4
5688,user_9269,3
13535,user_9269,1
14062,user_9269,4
16011,user_9269,1
29338,user_9269,3
484718,user_9269,1
795370,user_9269,2
1030,user_9273,4
3892,user_9273,2
5426,user_9273,3
13777,user_9273,5
15967,user_9273,4
18183,user_9273,5
19006,user_9273,2
38197,user_9273,3
51617,user_9273,1
58585,user_9273,1
59688,user_9273,3
326243,user_9273,1
1575,user_9278,3
1922,user_9278,1
5426,user_9278,5
15404,user_9278,3
53239,user_9278,2
274766,user_9278,1
349679,user_9278,2
366881,user_9278,2
437042,user_9278,3
484531,user_9278,2
499264,user_9278,1
528689,user_9278,5
1283,user_928,2
3892,user_928,2
4058,user_928,3
4439,user_928,5
4519,user_928,4
7441,user_928,3
21683,user_928,4
22256,user_928,3
22509,user_928,1
521,user_93,2
865,user_93,1
4414,user_93,3
19457,user_93,4
19525,user_93,3
19590,user_93,2
20253,user_93,5
21926,user_93,5
23165,user_93,3
29109,user_93,1
290894,user_93,5
865,user_930,5
2115,user_930,5
8622,user_930,3
8845,user_930,3
9668,user_930,1
12893,user_930,5
13861,user_930,1
16915,user_930,4
19608,user_930,1
28620,user_930,3
46543,user_930,5
53341,user_930,2
400298,user_930,3
12649,user_9300,1
14265,user_9300,4
15500,user_9300,1
18849,user_9300,4
19436,user_9300,1
19594,user_9300,5
19639,user_9300,4
21371,user_9300,2
38491,user_9300,4
43004,user_9300,5
52371,user_9300,2
274758,user_9300,5
302857,user_9300,4
357891,user_9300,4
366852,user_9300,5
479694,user_9300,5
2098,user_9313,5
3757,user_9313,3
13861,user_9313,3
15274,user_9313,5
16453,user_9313,2
20250,user_9313,1
5706,user_9316,3
16008,user_9316,3
17794,user_9316,1
319239,user_9316,5
349677,user_9316,1
555994,user_9316,5
364,user_9319,5
3942,user_9319,2
4137,user_9319,2
5940,user_9319,4
7613,user_9319,5
10417,user_9319,2
11460,user_9319,5
12291,user_9319,5
16106,user_9319,2
19278,user_9319,3
60546,user_9319,5
64491,user_9319,4
119,user_9323,1
865,user_9323,1
3771,user_9323,2
12344,user_9323,4
14636,user_9323,2
17998,user_9323,2
27977,user_9323,1
31906,user_9323,3
41656,user_9323,3
49874,user_9323,2
268363,user_9323,2
292840,user_9323,1
371832,user_9323,4
672441,user_9323,1
3044,user_9324,4
3240,user_9324,4
3340,user_9324,1
7613,user_9324,3
13627,user_9324,4
14729,user_9324,2
21416,user_9324,5
44972,user_9324,4
388383,user_9324,3
6256,user_9329,4
10025,user_9329,3
10847,user_9329,5
11364,user_9329,2
12280,user_9329,5
15362,user_9329,3
15730,user_9329,2
19935,user_9329,4
22060,user_9329,5
29170,user_9329,2
47270,user_9329,5
369158,user_9329,1
2300,user_9339,3
10141,user_9339,4
12146,user_9339,2
13796,user_9339,3
15274,user_9339,3
15500,user_9339,4
16174,user_9339,1
17056,user_9339,4
18777,user_9339,1
20154,user_9339,5
21816,user_9339,3
22918,user_9339,4
51230,user_9339,5
52372,user_9339,3
58876,user_9339,1
379486,user_9339,2
2098,user_9354,2
3942,user_9354,3
14614,user_9354,2
16944,user_9354,4
19006,user_9354,4
22121,user_9354,5
43422,user_9354,3
59986,user_9354,5
366881,user_9354,4
674,user_9357,4
2416,user_9357,4
5571,user_9357,5
9904,user_9357,3
11364,user_9357,5
14636,user_9357,2
15126,user_9357,5
20466,user_9357,4
52093,user_9357,5
55526,user_9357,5
58975,user_9357,5
254604,user_9357,5
264828,user_9357,3
3561,user_937,4
10992,user_937,1
12121,user_937,5
12146,user_937,4
13886,user_937,2
16174,user_937,4
35326,user_937,2
546464,user_937,2
570074,user_937,3
499,user_9370,2
1204,user_9370,2
9871,user_9370,5
12344,user_9370,5
13305,user_9370,2
15022,user_9370,2
16954,user_9370,3
17676,user_9370,5
18777,user_9370,2
19426,user_9370,2
19672,user_9370,2
21631,user_9370,1
21687,user_9370,5
22415,user_9370,3
59700,user_9370,2
274571,user_9370,1
14096,user_9383,2
17685,user_9383,3
20132,user_9383,1
51487,user_9383,5
364942,user_9383,1
450239,user_9383,3
709179,user_9383,4
835,user_9387,3
10638,user_9387,1
13856,user_9387,4
22740,user_9387,5
28201,user_9387,3
380786,user_9387,5
428083,user_9387,5
672441,user_9387,4
2889,user_9389,2
3574,user_9389,1
3993,user_9389,2
10417,user_9389,3
12074,user_9389,2
12470,user_9389,1
13734,user_9389,4
21448,user_9389,2
22121,user_9389,4
52342,user_9389,4
62627,user_9389,2
846499,user_9389,5
2828,user_9391,2
10004,user_9391,3
11350,user_9391,1
11366,user_9391,2
14527,user_9391,2
19639,user_9391,1
20570,user_9391,5
28154,user_9391,1
28620,user_9391,5
52371,user_9391,3
292080,user_9391,3
388383,user_9391,3
507151,user_9391,5
1236,user_9403,2
3771,user_9403,4
12121,user_9403,4
15323,user_9403,4
16922,user_9403,4
16954,user_9403,2
19347,user_9403,1
19574,user_9403,4
21586,user_9403,2
28604,user_9403,2
299569,user_9403,4
600924,user_9403,1
5688,user_9404,2
18285,user_9404,1
38197,user_9404,5
41336,user_9404,3
58751,user_9404,4
58816,user_9404,4
372505,user_9404,3
758,user_9408,4
4003,user_9408,2
9606,user_9408,2
10004,user_9408,2
10301,user_9408,2
13345,user_9408,3
15479,user_9408,1
15861,user_9408,2
16116,user_9408,3
19570,user_9408,4
672441,user_9408,3
4228,user_941,4
15615,user_941,3
16704,user_941,2
17731,user_941,3
21170,user_941,5
27978,user_941,1
29170,user_941,5
29207,user_941,4
29338,user_941,3
35402,user_941,4
326244,user_941,2
497993,user_941,4
573124,user_941,3
2343,user_9416,5
4137,user_9416,5
15905,user_9416,3
16191,user_9416,5
18777,user_9416,4
47270,user_9416,3
248521,user_9416,5
366110,user_9416,4
427733,user_9416,1
3748,user_9420,1
9824,user_9420,2
11831,user_9420,3
15274,user_9420,3
16880,user_9420,5
19588,user_9420,3
35519,user_9420,2
46508,user_9420,1
49428,user_9420,1
58952,user_9420,1
58975,user_9420,1
275636,user_9420,4
322240,user_9420,1
1184,user_9434,2
1204,user_9434,4
11831,user_9434,4
17177,user_9434,1
17252,user_9434,4
18367,user_9434,3
28628,user_9434,2
44725,user_9434,1
58585,user_9434,2
292080,user_9434,1
537744,user_9434,1
557828,user_9434,1
706,user_9436,1
4388,user_9436,4
5524,user_9436,1
10992,user_9436,1
17778,user_9436,5
18207,user_9436,1
19359,user_9436,1
41012,user_9436,3
41656,user_9436,3
50694,user_9436,5
58551,user_9436,1
262437,user_9436,1
295090,user_9436,2
371831,user_9436,1
758,user_9438,2
1019,user_9438,1
2157,user_9438,2
2196,user_9438,4
2674,user_9438,3
4380,user_9438,4
9744,user_9438,1
10992,user_9438,5
12980,user_9438,5
18286,user_9438,4
19426,user_9438,5
19590,user_9438,2
28131,user_9438,5
29218,user_9438,2
447815,user_9438,1
4234,user_945,2
4519,user_945,2
11329,user_945,3
18629,user_945,3
18654,user_945,1
18858,user_945,2
20570,user_945,5
20911,user_945,1
369158,user_945,1
426096,user_945,1
484531,user_945,5
502117,user_945,1
2289,user_9456,3
15126,user_9456,4
16174,user_9456,2
19603,user_9456,2
38197,user_9456,3
301539,user_9456,1
412477,user_9456,5
416034,user_9456,3
537744,user_9456,5
846499,user_9456,4
3135,user_9459,2
5445,user_9459,4
10278,user_9459,2
10400,user_9459,2
10417,user_9459,4
17573,user_9459,4
19716,user_9459,2
20112,user_9459,3
50351,user_9459,2
51487,user_9459,1
61415,user_9459,5
1009,user_9476,5
3135,user_9476,3
3790,user_9476,1
14096,user_9476,1
16453,user_9476,5
20112,user_9476,5
59986,user_9476,4
326244,user_9476,5
484531,user_9476,3
709179,user_9476,1
2112,user_9477,3
3168,user_9477,2
10118,user_9477,2
21359,user_9477,1
29593,user_9477,1
274760,user_9477,3
479694,user_9477,4
5940,user_9486,1
19610,user_9486,1
27022,user_9486,4
27977,user_9486,4
28131,user_9486,3
28160,user_9486,5
40368,user_9486,3
52342,user_9486,3
59688,user_9486,4
61044,user_9486,3
257195,user_9486,5
427733,user_9486,3
2226,user_9487,4
2354,user_9487,2
9668,user_9487,3
9894,user_9487,2
11192,user_9487,5
15323,user_9487,4
19520,user_9487,4
19646,user_9487,5
46508,user_9487,4
326292,user_9487,3
398407,user_9487,2
447815,user_9487,5
619806,user_9487,2
2287,user_949,5
2574,user_949,3
12121,user_949,5
13513,user_949,2
17998,user_949,2
20212,user_949,2
23943,user_949,3
28075,user_949,2
28534,user_949,5
44431,user_949,2
59155,user_949,1
62359,user_949,4
272483,user_949,3
1236,user_9499,4
2098,user_9499,1
13886,user_9499,2
16961,user_9499,3
19590,user_9499,1
19935,user_9499,2
21411,user_9499,2
38808,user_9499,4
53239,user_9499,4
62359,user_9499,3
326239,user_9499,1
573124,user_9499,2
795632,user_9499,2
802000,user_9499,4
3942,user_950,3
12893,user_950,2
16817,user_950,2
19590,user_950,1
27022,user_950,4
49300,user_950,4
58921,user_950,1
586054,user_950,3
4057,user_9505,3
13734,user_9505,3
15323,user_9505,1
17921,user_9505,5
20114,user_9505,3
21219,user_9505,4
28608,user_9505,4
29391,user_9505,5
41012,user_9505,1
2300,user_9508,2
3323,user_9508,3
3469,user_9508,3
4561,user_9508,5
12914,user_9508,4
14722,user_9508,1
17085,user_9508,3
20333,user_9508,1
21229,user_9508,2
21285,user_9508,5
44725,user_9508,5
367044,user_9508,5
49,user_952,2
147,user_952,3
2524,user_952,1
2889,user_952,4
11460,user_952,1
16969,user_952,3
18000,user_952,5
19196,user_952,4
22437,user_952,3
45109,user_952,4
323051,user_952,3
327269,user_952,2
487911,user_952,1
715,user_9522,4
1391,user_9522,2
2196,user_9522,4
13796,user_9522,1
16726,user_9522,2
22837,user_9522,3
22918,user_9522,2
24877,user_9522,4
59142,user_9522,4
4228,user_9524,2
4507,user_9524,1
10293,user_9524,1
13627,user_9524,4
14913,user_9524,5
17921,user_9524,4
45109,user_9524,5
53341,user_9524,3
257195,user_9524,5
262437,user_9524,3
481,user_9528,2
2796,user_9528,3
3226,user_9528,5
14397,user_9528,2
18285,user_9528,5
22547,user_9528,4
24493,user_9528,5
38146,user_9528,5
41336,user_9528,5
47594,user_9528,4
58876,user_9528,1
292840,user_9528,4
301539,user_9528,4
384521,user_9528,2
398407,user_9528,5
604,user_953,1
949,user_953,1
2820,user_953,5
5426,user_953,4
16649,user_953,5
18183,user_953,1
18285,user_953,4
20233,user_953,3
40344,user_953,2
327232,user_953,5
364975,user_953,1
650605,user_953,3
474,user_9532,3
758,user_9532,1
1077,user_9532,3
1670,user_9532,2
3757,user_9532,3
10068,user_9532,5
13280,user_9532,3
13482,user_9532,3
16414,user_9532,3
19057,user_9532,5
19524,user_9532,2
23322,user_9532,1
44725,user_9532,4
51081,user_9532,1
308157,user_9532,2
349870,user_9532,4
416034,user_9532,3
214,user_9534,5
12280,user_9534,5
17536,user_9534,3
17661,user_9534,2
17793,user_9534,5
20995,user_9534,5
58551,user_9534,3
59197,user_9534,5
29,user_9541,5
1091,user_9541,5
8622,user_9541,4
8845,user_9541,4
10342,user_9541,4
11188,user_9541,4
13734,user_9541,4
16178,user_9541,4
17548,user_9541,1
19347,user_9541,3
19603,user_9541,4
21170,user_9541,4
51167,user_9541,4
52384,user_9541,3
494384,user_9541,1
795632,user_9541,2
2219,user_9545,5
2287,user_9545,4
2343,user_9545,2
3942,user_9545,5
4356,user_9545,3
12344,user_9545,1
15896,user_9545,5
16944,user_9545,5
17056,user_9545,3
17417,user_9545,5
63845,user_9545,1
268363,user_9545,1
672441,user_9545,3
881,user_9547,1
2639,user_9547,3
9066,user_9547,3
14446,user_9547,2
16361,user_9547,3
21958,user_9547,1
389054,user_9547,3
682502,user_9547,1
3240,user_9549,5
3533,user_9549,2
4234,user_9549,4
4274,user_9549,1
10141,user_9549,4
28300,user_9549,3
39093,user_9549,3
39277,user_9549,5
50675,user_9549,5
58754,user_9549,5
62534,user_9549,2
258322,user_9549,3
314402,user_9549,1
370222,user_9549,5
214,user_9550,3
766,user_9550,1
2570,user_9550,5
3339,user_9550,4
5524,user_9550,4
9606,user_9550,5
12024,user_9550,5
13861,user_9550,4
14729,user_9550,2
15856,user_9550,3
22104,user_9550,2
28628,user_9550,1
60012,user_9550,3
283973,user_9550,5
4284,user_9558,5
5877,user_9558,3
14544,user_9558,4
16932,user_9558,2
19467,user_9558,3
20239,user_9558,4
21170,user_9558,1
22475,user_9558,4
47270,user_9558,1
370222,user_9558,1
419295,user_9558,1
2639,user_9572,3
13861,user_9572,4
14015,user_9572,4
20911,user_9572,2
24493,user_9572,2
49790,user_9572,4
50778,user_9572,5
387247,user_9572,3
616688,user_9572,3
682502,user_9572,1
657,user_9574,3
2289,user_9574,1
3561,user_9574,3
4475,user_9574,5
9831,user_9574,3
18629,user_9574,3
29109,user_9574,2
39277,user_9574,4
58816,user_9574,5
301539,user_9574,1
419295,user_9574,4
214,user_9576,5
764,user_9576,2
881,user_9576,2
5877,user_9576,4
11142,user_9576,2
14722,user_9576,5
16915,user_9576,1
20466,user_9576,1
44641,user_9576,5
254604,user_9576,1
616697,user_9576,2
3917,user_9583,5
14096,user_9583,4
17946,user_9583,1
19467,user_9583,3
52093,user_9583,5
52179,user_9583,2
87,user_9586,4
362,user_9586,4
715,user_9586,4
1559,user_9586,3
3044,user_9586,1
3186,user_9586,1
3993,user_9586,1
5678,user_9586,5
6319,user_9586,5
12980,user_9586,1
19994,user_9586,5
367044,user_9586,4
11682,user_9587,5
12470,user_9587,1
27978,user_9587,2
29391,user_9587,1
58751,user_9587,4
58777,user_9587,3
308157,user_9587,1
316936,user_9587,2
2289,user_9596,3
3328,user_9596,5
12893,user_9596,5
18632,user_9596,4
20333,user_9596,4
22121,user_9596,4
56183,user_9596,1
58751,user_9596,1
282807,user_9596,5
447825,user_9596,2
557828,user_9596,1
1204,user_9600,2
3579,user_9600,1
3763,user_9600,5
21926,user_9600,4
23292,user_9600,3
47594,user_9600,1
288586,user_9600,3
299569,user_9600,4
115,user_9602,3
3917,user_9602,2
9986,user_9602,1
10992,user_9602,4
11448,user_9602,1
14123,user_9602,5
14974,user_9602,3
949,user_961,1
1090,user_961,3
10297,user_961,5
10791,user_961,2
17188,user_961,1
17573,user_961,5
19278,user_961,1
19555,user_961,5
20017,user_961,5
22509,user_961,4
28615,user_961,1
64526,user_961,1
868086,user_961,5
10293,user_9617,2
12720,user_9617,5
16915,user_9617,3
17372,user_9617,4
20911,user_9617,2
22439,user_9617,5
53239,user_9617,1
59688,user_9617,5
299569,user_9617,3
398423,user_9617,1
517399,user_9617,1
906,user_9618,1
2289,user_9618,5
11786,user_9618,2
14447,user_9618,4
19236,user_9618,5
19994,user_9618,3
22104,user_9618,1
22740,user_9618,1
59640,user_9618,5
248521,user_9618,3
290894,user_9618,2
672441,user_9618,5
401,user_962,4
8278,user_962,2
10638,user_962,5
19794,user_962,2
37972,user_962,2
44431,user_962,5
388383,user_962,5
532482,user_962,3
949,user_9621,3
4192,user_9621,3
5426,user_9621,5
14099,user_9621,3
15294,user_9621,1
19520,user_9621,1
20319,user_9621,1
28559,user_9621,3
46543,user_9621,3
47430,user_9621,5
52342,user_9621,3
58585,user_9621,5
58751,user_9621,3
251596,user_9621,1
398407,user_9621,3
949,user_9622,1
1283,user_9622,3
4471,user_9622,5
10293,user_9622,5
10297,user_9622,4
10513,user_9622,1
17085,user_9622,2
29131,user_9622,3
37972,user_9622,1
51877,user_9622,3
650605,user_9622,2
750344,user_9622,3
1575,user_9624,4
2977,user_9624,2
3277,user_9624,3
11682,user_9624,4
12073,user_9624,5
13777,user_9624,1
18285,user_9624,5
19057,user_9624,1
20133,user_9624,3
20239,user_9624,1
21170,user_9624,1
47613,user_9624,3
58913,user_9624,2
430254,user_9624,1
1030,user_9626,5
3628,user_9626,4
11682,user_9626,3
11971,user_9626,4
12732,user_9626,5
14447,user_9626,1
15615,user_9626,3
19584,user_9626,2
21448,user_9626,3
349677,user_9626,1
362895,user_9626,1
364942,user_9626,3
364,user_9627,3
474,user_9627,4
3358,user_9627,4
3757,user_9627,3
10142,user_9627,1
13796,user_9627,3
14974,user_9627,3
17177,user_9627,2
19617,user_9627,4
28082,user_9627,4
452649,user_9627,2
570074,user_9627,4
4414,user_9632,5
4618,user_9632,4
10400,user_9632,4
13886,user_9632,4
16716,user_9632,4
17661,user_9632,5
18240,user_9632,3
19570,user_9632,2
23600,user_9632,1
27976,user_9632,2
28089,user_9632,1
45416,user_9632,2
706,user_9633,4
1184,user_9633,2
4519,user_9633,2
5363,user_9633,1
6319,user_9633,4
10297,user_9633,2
14088,user_9633,2
15615,user_9633,1
16761,user_9633,3
19284,user_9633,3
19490,user_9633,2
23292,user_9633,2
3194,user_9638,2
10342,user_9638,3
10670,user_9638,3
12720,user_9638,2
15687,user_9638,5
16164,user_9638,5
16649,user_9638,2
21305,user_9638,1
24877,user_9638,3
284674,user_9638,1
604,user_9661,2
3892,user_9661,5
10992,user_9661,2
13513,user_9661,5
14527,user_9661,1
19610,user_9661,2
388968,user_9661,1
419295,user_9661,4
115,user_9662,1
2287,user_9662,1
4806,user_9662,1
10661,user_9662,1
19518,user_9662,1
58818,user_9662,2
283973,user_9662,2
324992,user_9662,5
487911,user_9662,1
2112,user_9664,4
2838,user_9664,1
3990,user_9664,5
9603,user_9664,3
17685,user_9664,3
19165,user_9664,5
19338,user_9664,3
24478,user_9664,5
45342,user_9664,4
319239,user_9664,4
1019,user_9670,2
3168,user_9670,5
16011,user_9670,2
19794,user_9670,4
21691,user_9670,3
24877,user_9670,2
35326,user_9670,2
428198,user_9670,3
147,user_9681,3
2145,user_9681,4
3135,user_9681,1
3628,user_9681,3
3763,user_9681,1
4747,user_9681,2
5542,user_9681,3
10992,user_9681,1
13777,user_9681,5
17188,user_9681,2
17417,user_9681,4
19093,user_9681,4
42858,user_9681,1
3469,user_9684,1
3892,user_9684,3
3942,user_9684,3
4031,user_9684,3
11831,user_9684,2
47594,user_9684,3
412477,user_9684,1
484852,user_9684,4
564757,user_9684,5
600924,user_9684,2
2115,user_9689,4
4274,user_9689,5
19278,user_9689,4
19794,user_9689,5
20911,user_9689,3
22121,user_9689,2
22547,user_9689,4
29391,user_9689,1
283973,user_9689,1
366881,user_9689,3
437042,user_9689,5
442847,user_9689,4
2354,user_9700,3
9774,user_9700,3
10142,user_9700,2
22060,user_9700,1
53446,user_9700,3
349870,user_9700,4
397481,user_9700,4
497993,user_9700,3
557828,user_9700,3
2287,user_9712,3
8001,user_9712,1
10643,user_9712,4
11188,user_9712,1
13627,user_9712,2
14062,user_9712,2
15404,user_9712,3
17793,user_9712,2
18699,user_9712,2
18849,user_9712,4
21170,user_9712,2
24478,user_9712,3
28075,user_9712,2
47381,user_9712,2
51487,user_9712,3
484852,user_9712,5
2586,user_9721,3
3277,user_9721,2
3340,user_9721,3
6303,user_9721,4
13861,user_9721,5
16404,user_9721,1
17548,user_9721,2
19057,user_9721,1
21219,user_9721,3
52342,user_9721,2
57596,user_9721,4
2300,user_9724,3
6800,user_9724,1
13852,user_9724,5
15856,user_9724,4
17597,user_9724,1
19881,user_9724,1
21371,user_9724,1
28131,user_9724,3
61152,user_9724,5
62359,user_9724,1
262433,user_9724,1
384521,user_9724,5
563419,user_9724,4
798,user_9736,5
881,user_9736,5
3186,user_9736,2
3290,user_9736,2
10668,user_9736,4
11188,user_9736,2
15896,user_9736,1
15967,user_9736,5
17921,user_9736,2
18629,user_9736,5
20253,user_9736,3
45821,user_9736,4
49874,user_9736,4
326243,user_9736,4
3240,user_9737,3
10791,user_9737,3
12146,user_9737,5
16961,user_9737,4
19574,user_9737,4
47594,user_9737,5
51690,user_9737,4
362895,user_9737,1
797882,user_9737,2
865,user_9738,1
1818,user_9738,1
3628,user_9738,3
4459,user_9738,3
16008,user_9738,5
16116,user_9738,5
23613,user_9738,3
27977,user_9738,2
37972,user_9738,1
45109,user_9738,4
219972,user_9738,4
257202,user_9738,1
349515,user_9738,5
558984,user_9738,4
538,user_9743,4
3598,user_9743,3
4477,user_9743,4
9644,user_9743,2
14895,user_9743,3
17633,user_9743,3
18286,user_9743,3
19731,user_9743,3
28623,user_9743,1
46410,user_9743,5
301518,user_9743,5
316936,user_9743,5
1630,user_9745,2
3757,user_9745,1
5524,user_9745,3
10118,user_9745,1
13020,user_9745,4
14948,user_9745,2
20133,user_9745,4
29069,user_9745,2
45691,user_9745,4
57519,user_9745,4
57885,user_9745,3
366852,user_9745,3
494393,user_9745,5
705616,user_9745,4
194,user_9746,1
2354,user_9746,3
3748,user_9746,4
9984,user_9746,5
12279,user_9746,5
18777,user_9746,4
21631,user_9746,4
28195,user_9746,5
28615,user_9746,5
51081,user_9746,5
450239,user_9746,1
10029,user_9748,4
11548,user_9748,5
12279,user_9748,1
18271,user_9748,2
19520,user_9748,1
22439,user_9748,2
23576,user_9748,5
38146,user_9748,4
53478,user_9748,1
57519,user_9748,5
323051,user_9748,2
327232,user_9748,5
369158,user_9748,5
471,user_976,3
766,user_976,3
2226,user_976,3
9984,user_976,3
12291,user_976,1
19617,user_976,1
22475,user_976,4
22918,user_976,2
36357,user_976,5
50694,user_976,5
563419,user_976,4
2949,user_9765,2
16880,user_9765,3
22439,user_9765,2
39035,user_9765,5
62627,user_9765,5
134,user_9766,5
471,user_9766,1
2524,user_9766,5
3290,user_9766,5
10029,user_9766,3
13856,user_9766,3
15958,user_9766,2
17778,user_9766,4
22415,user_9766,2
27976,user_9766,3
28533,user_9766,2
299569,user_9766,1
302857,user_9766,3
845261,user_9766,1
155,user_9779,4
4388,user_9779,1
10110,user_9779,2
25173,user_9779,3
36357,user_9779,5
38808,user_9779,5
799323,user_9779,5
798,user_9786,2
3574,user_9786,4
11192,user_9786,5
14317,user_9786,5
19639,user_9786,3
47379,user_9786,2
379486,user_9786,4
573123,user_9786,1
29,user_9792,3
1943,user_9792,2
3226,user_9792,1
3923,user_9792,4
11366,user_9792,5
16969,user_9792,2
20723,user_9792,2
22547,user_9792,5
28480,user_9792,3
292080,user_9792,3
300689,user_9792,2
327232,user_9792,3
517399,user_9792,4
799323,user_9792,5
3561,user_9793,1
9644,user_9793,3
10594,user_9793,5
16361,user_9793,4
18395,user_9793,5
21308,user_9793,1
22918,user_9793,3
47613,user_9793,2
300689,user_9793,5
349677,user_9793,4
573119,user_9793,3
10004,user_9795,5
12300,user_9795,3
15730,user_9795,1
17793,user_9795,3
17926,user_9795,5
45821,user_9795,5
58754,user_9795,4
62897,user_9795,3
398423,user_9795,1
10110,user_9801,5
17056,user_9801,5
27976,user_9801,5
28547,user_9801,2
28615,user_9801,1
38860,user_9801,3
287337,user_9801,5
845261,user_9801,5
817,user_9804,5
3168,user_9804,1
3790,user_9804,3
4649,user_9804,2
6400,user_9804,3
14285,user_9804,3
16191,user_9804,1
17188,user_9804,3
27023,user_9804,3
28131,user_9804,5
58751,user_9804,5
1922,user_9812,3
2960,user_9812,2
10293,user_9812,4
22437,user_9812,4
42858,user_9812,4
43253,user_9812,3
52179,user_9812,1
257377,user_9812,4
299569,user_9812,2
400298,user_9812,3
498,user_9815,2
3612,user_9815,3
4477,user_9815,4
15362,user_9815,2
16825,user_9815,2
17835,user_9815,4
20212,user_9815,5
20709,user_9815,5
39035,user_9815,5
58497,user_9815,1
537744,user_9815,5
39,user_9836,3
362,user_9836,3
481,user_9836,5
7317,user_9836,1
10417,user_9836,2
11193,user_9836,2
12143,user_9836,2
13627,user_9836,1
16817,user_9836,3
16915,user_9836,1
19338,user_9836,1
21098,user_9836,5
40936,user_9836,3
42064,user_9836,1
369158,user_9836,2
604,user_9837,3
4274,user_9837,2
4409,user_9837,3
4901,user_9837,4
10643,user_9837,2
17535,user_9837,4
18397,user_9837,4
19196,user_9837,5
20803,user_9837,4
25173,user_9837,5
53239,user_9837,5
134,user_9842,1
498,user_9842,1
3923,user_9842,2
4192,user_9842,4
9831,user_9842,3
10661,user_9842,4
12300,user_9842,4
19284,user_9842,3
21170,user_9842,1
21359,user_9842,3
22911,user_9842,3
29185,user_9842,3
29593,user_9842,5
44029,user_9842,4
274760,user_9842,3
1575,user_9844,5
17778,user_9844,2
19374,user_9844,4
20212,user_9844,3
21926,user_9844,2
61152,user_9844,5
288586,user_9844,1
308157,user_9844,3
502241,user_9844,3
59,user_9853,3
155,user_9853,4
1922,user_9853,1
2977,user_9853,1
4519,user_9853,1
6319,user_9853,5
10342,user_9853,3
12649,user_9853,3
15500,user_9853,5
18271,user_9853,3
21416,user_9853,1
39093,user_9853,5
58809,user_9853,3
254604,user_9853,4
507151,user_9853,1
558986,user_9853,3
4284,user_9854,2
5445,user_9854,3
10141,user_9854,3
11192,user_9854,4
15335,user_9854,3
15856,user_9854,4
19672,user_9854,1
19731,user_9854,2
20233,user_9854,1
20333,user_9854,3
21229,user_9854,2
24877,user_9854,4
27976,user_9854,3
59796,user_9854,4
20,user_986,5
29,user_986,2
194,user_986,5
5445,user_986,2
5877,user_986,4
12720,user_986,5
14636,user_986,1
15490,user_986,1
16174,user_986,1
20212,user_986,4
22918,user_986,4
28089,user_986,3
29391,user_986,1
37907,user_986,3
49300,user_986,4
257195,user_986,4
416034,user_986,4
1391,user_9863,4
12720,user_9863,3
15404,user_9863,1
15958,user_9863,3
16825,user_9863,5
21308,user_9863,4
28195,user_9863,3
47234,user_9863,5
47270,user_9863,2
53341,user_9863,1
60586,user_9863,5
349870,user_9863,2
411611,user_9863,1
416034,user_9863,2
604,user_9865,2
4747,user_9865,1
10301,user_9865,4
11192,user_9865,1
12146,user_9865,5
15323,user_9865,1
17835,user_9865,3
18271,user_9865,3
43422,user_9865,3
62422,user_9865,2
254604,user_9865,4
264828,user_9865,4
430254,user_9865,3
507151,user_9865,4
9644,user_9871,4
10417,user_9871,2
10612,user_9871,3
11383,user_9871,1
18777,user_9871,5
20803,user_9871,2
21119,user_9871,1
29391,user_9871,4
42391,user_9871,1
45691,user_9871,3
52093,user_9871,3
52342,user_9871,3
274760,user_9871,4
1670,user_9876,4
14096,user_9876,5
14101,user_9876,2
14729,user_9876,4
15905,user_9876,2
2060,user_988,3
3990,user_988,5
5688,user_988,3
6319,user_988,3
20133,user_988,5
27978,user_988,1
38197,user_988,1
44525,user_988,5
546464,user_988,4
692669,user_988,1
342,user_9880,5
1019,user_9880,2
4234,user_9880,3
9976,user_9880,2
14015,user_9880,5
16726,user_9880,2
20481,user_9880,2
21219,user_9880,3
35326,user_9880,5
61152,user_9880,3
62409,user_9880,3
558984,user_9880,4
39,user_9883,1
49,user_9883,2
2112,user_9883,2
2977,user_9883,1
12121,user_9883,2
20723,user_9883,2
23613,user_9883,2
28623,user_9883,4
29185,user_9883,1
47234,user_9883,2
61725,user_9883,2
262433,user_9883,2
452645,user_9883,5
5663,user_9897,2
14101,user_9897,3
15362,user_9897,4
17188,user_9897,4
19608,user_9897,5
19672,user_9897,2
47361,user_9897,1
384521,user_9897,3
558986,user_9897,3
868086,user_9897,3
10047,user_990,1
10513,user_990,4
16969,user_990,4
19058,user_990,2
20723,user_990,5
22509,user_990,3
51321,user_990,3
262437,user_990,5
5426,user_9902,2
6303,user_9902,4
10668,user_9902,3
14722,user_9902,1
15967,user_9902,1
17372,user_9902,5
18614,user_9902,3
19457,user_9902,2
29131,user_9902,5
38197,user_9902,1
619806,user_9902,3
799323,user_9902,1
764,user_9905,5
1559,user_9905,5
3748,user_9905,1
4036,user_9905,5
5940,user_9905,3
13482,user_9905,3
16915,user_9905,2
19006,user_9905,3
19165,user_9905,3
19196,user_9905,5
19426,user_9905,5
29185,user_9905,3
53341,user_9905,3
53478,user_9905,2
1077,user_991,4
1236,user_991,5
1391,user_991,4
3290,user_991,2
10047,user_991,5
10118,user_991,4
10594,user_991,3
14290,user_991,2
21586,user_991,4
23613,user_991,1
44972,user_991,2
58826,user_991,1
573123,user_991,3
134,user_9917,3
3627,user_9917,3
4380,user_9917,2
10928,user_9917,3
15022,user_9917,4
18632,user_9917,5
39093,user_9917,3
47613,user_9917,2
49790,user_9917,4
50778,user_9917,1
58816,user_9917,5
327260,user_9917,1
616697,user_9917,1
1140,user_9918,1
2145,user_9918,2
3790,user_9918,3
3993,user_9918,1
5511,user_9918,1
13734,user_9918,3
13796,user_9918,5
19057,user_9918,4
19518,user_9918,4
53341,user_9918,4
387328,user_9918,5
419295,user_9918,3
657,user_9927,2
865,user_9927,3
5621,user_9927,4
15615,user_9927,4
15860,user_9927,1
19617,user_9927,5
23943,user_9927,2
38491,user_9927,3
52384,user_9927,1
283973,user_9927,2
299569,user_9927,4
374507,user_9927,2
498,user_9929,1
3450,user_9929,4
5978,user_9929,4
12447,user_9929,5
16880,user_9929,1
17558,user_9929,1
19278,user_9929,4
272483,user_9929,3
369158,user_9929,1
799323,user_9929,1
2060,user_9930,5
3897,user_9930,4
10513,user_9930,1
16024,user_9930,4
16825,user_9930,1
17315,user_9930,2
21098,user_9930,5
704730,user_9930,3
1204,user_9931,2
2828,user_9931,5
3771,user_9931,2
19881,user_9931,2
40645,user_9931,2
45691,user_9931,4
62069,user_9931,5
62359,user_9931,4
795370,user_9931,3
1509,user_9932,5
3561,user_9932,4
4414,user_9932,5
5706,user_9932,5
10342,user_9932,1
11212,user_9932,2
20319,user_9932,2
20756,user_9932,2
21416,user_9932,1
59261,user_9932,4
274571,user_9932,2
288586,user_9932,3
372505,user_9932,5
485203,user_9932,5
573123,user_9932,2
616697,user_9932,3
835,user_9936,2
2551,user_9936,2
2674,user_9936,2
4414,user_9936,3
5524,user_9936,1
9894,user_9936,2
14101,user_9936,2
14729,user_9936,5
20250,user_9936,1
28604,user_9936,4
442847,user_9936,5
517399,user_9936,4
539,user_9937,5
764,user_9937,1
2219,user_9937,4
10180,user_9937,2
16944,user_9937,4
17661,user_9937,3
23165,user_9937,1
23600,user_9937,5
29207,user_9937,4
61051,user_9937,1
366881,user_9937,2
502117,user_9937,2
498,user_9953,3
2889,user_9953,5
3533,user_9953,4
10031,user_9953,1
19646,user_9953,3
19935,user_9953,1
28089,user_9953,4
29593,user_9953,5
387328,user_9953,2
442847,user_9953,1
455597,user_9953,5
573124,user_9953,1
2284,user_9954,2
4192,user_9954,3
10118,user_9954,1
10668,user_9954,2
18698,user_9954,1
37907,user_9954,4
39277,user_9954,1
52093,user_9954,5
52368,user_9954,1
272483,user_9954,5
379486,user_9954,5
1559,user_996,3
2115,user_996,4
2226,user_996,4
2551,user_996,2
3371,user_996,5
5363,user_996,5
10532,user_996,3
10643,user_996,5
15687,user_996,4
16174,user_996,4
17685,user_996,1
17926,user_996,4
19594,user_996,5
22790,user_996,3
38197,user_996,5
59796,user_996,4
12024,user_9960,5
12319,user_9960,5
16011,user_9960,2
17188,user_9960,2
21416,user_9960,3
47381,user_9960,5
52342,user_9960,3
58952,user_9960,5
233858,user_9960,1
369158,user_9960,5
570074,user_9960,3
692669,user_9960,4
3956,user_9975,5
11786,user_9975,5
15687,user_9975,2
20132,user_9975,5
23165,user_9975,4
50738,user_9975,5
58551,user_9975,1
67623,user_9975,1
257202,user_9975,2
282807,user_9975,4
736427,user_9975,2
3186,user_9979,4
3328,user_9979,1
4234,user_9979,1
8001,user_9979,4
9606,user_9979,5
12121,user_9979,1
12893,user_9979,1
15337,user_9979,5
22509,user_9979,1
22900,user_9979,5
51487,user_9979,1
51507,user_9979,3
388383,user_9979,1
452647,user_9979,3
3574,user_9980,3
10398,user_9980,4
10670,user_9980,1
16178,user_9980,2
16954,user_9980,4
49790,user_9980,3
57519,user_9980,4
58809,user_9980,3
275606,user_9980,2
123,user_9985,4
3214,user_9985,3
13482,user_9985,1
20723,user_9985,3
21687,user_9985,3
22900,user_9985,2
35573,user_9985,3
50675,user_9985,4
302857,user_9985,4
349679,user_9985,1
359373,user_9985,4
485203,user_9985,3
2100,user_9986,1
2271,user_9986,4
3226,user_9986,3
3892,user_9986,1
11192,user_9986,5
19236,user_9986,2
21725,user_9986,3
27977,user_9986,4
42776,user_9986,2
58876,user_9986,1
616688,user_9986,4
20,user_9992,1
3135,user_9992,2
3897,user_9992,3
9644,user_9992,3
13852,user_9992,3
27976,user_9992,3
52176,user_9992,2
437042,user_9992,2
561,user_9993,5
2586,user_9993,5
10994,user_9993,4
12121,user_9993,3
13886,user_9993,4
14015,user_9993,4
23292,user_9993,5
23576,user_9993,3
275606,user_9993,3
275636,user_9993,4
380786,user_9993,1
452634,user_9993,1
